시군명,발생년도,발생일자,주야구분명,사고요일,사고유형_대분류,사고유형,법규위반내용,도로형태_대분류,도로형태,당사자1_대분류,당사자1_차종,당사자2_대분류,당사자2_차종,사망자수,중상자수,부상자수,부상신고자수,경상자수,WGS84위도,WGS84경도
광주시,2017   ,2017-08-23 12시,주간,수요일,차대차,측면충돌,안전운전 의무 불이행,교차로,교차로내,화물차,화물차,이륜차,이륜차,1,0,1,0,0,37.46565773,127.32310417
이천시,2017   ,2017-08-23 08시,주간,수요일,차대차,측면충돌,안전운전 의무 불이행,단일로,기타단일로,자전거,자전거,화물차,화물차,1,0,1,0,0,37.14698291,127.58210168
평택시,2017   ,2017-08-23 01시,야간,수요일,차대사람,기타,안전운전 의무 불이행,단일로,기타단일로,승용차,승용차,보행자,보행자,1,0,1,0,0,36.99144567,126.90826962
시흥시,2017   ,2017-08-22 23시,야간,화요일,차대차,추돌,안전운전 의무 불이행,단일로,기타단일로,승용차,승용차,화물차,화물차,1,0,1,0,0,37.38890569,126.86919161
화성시,2017   ,2017-08-22 18시,야간,화요일,차량단독,도로이탈 추락,안전운전 의무 불이행,기타,기타,농기계,농기계,없음,없음,1,0,1,0,0,37.27719362,126.81178563
고양시,2017   ,2017-08-22 05시,야간,화요일,차대사람,횡단중,안전운전 의무 불이행,교차로,교차로부근,승용차,승용차,보행자,보행자,1,0,1,0,0,37.68777526,126.86435506
양평군,2017   ,2017-08-21 08시,주간,월요일,차대차,추돌,중앙선 침범,불명,불명,승용차,승용차,이륜차,이륜차,1,0,1,0,0,37.47485534,127.64064735
군포시,2017   ,2017-08-21 04시,야간,월요일,차대차,추돌,안전운전 의무 불이행,단일로,기타단일로,승용차,승용차,화물차,화물차,1,0,1,0,0,37.32282073,126.91739689
파주시,2017   ,2017-08-20 15시,주간,일요일,차대차,측면충돌,교차로 통행방법 위반,교차로,교차로내,승용차,승용차,원동기장치자전거,원동기장치자전거,1,1,2,0,0,37.72438024,126.75829666
가평군,2017   ,2017-08-20 08시,주간,일요일,차대차,측면충돌,안전운전 의무 불이행,단일로,기타단일로,화물차,화물차,이륜차,이륜차,1,0,1,0,0,37.69743115,127.45934518
하남시,2017   ,2017-08-20 01시,야간,일요일,차량단독,공작물충돌,안전운전 의무 불이행,단일로,지하차도(도로)내,승용차,승용차,없음,없음,1,0,1,0,0,37.5483182,127.21895045
화성시,2017   ,2017-08-19 23시,야간,토요일,차대사람,횡단중,안전운전 의무 불이행,단일로,기타단일로,승용차,승용차,보행자,보행자,1,0,1,0,0,37.15559754,126.92734284
평택시,2017   ,2017-08-19 11시,주간,토요일,차대차,정면충돌,안전운전 의무 불이행,교차로,교차로내,승용차,승용차,화물차,화물차,1,2,4,0,1,36.99305324,127.10943695
광주시,2017   ,2017-08-18 21시,야간,금요일,차대사람,횡단중,안전운전 의무 불이행,단일로,기타단일로,승용차,승용차,보행자,보행자,1,0,1,0,0,37.38666528,127.29242811
안양시,2017   ,2017-08-18 15시,주간,금요일,차대차,측면충돌,중앙선 침범,단일로,기타단일로,건설기계,건설기계,이륜차,이륜차,1,0,1,0,0,37.42677028,126.91438838
수원시,2017   ,2017-08-18 01시,야간,금요일,차대차,기타,안전운전 의무 불이행,단일로,기타단일로,승용차,승용차,승용차,승용차,1,0,3,1,1,37.28624652,126.95025926
양평군,2017   ,2017-08-17 17시,주간,목요일,차량단독,기타,안전운전 의무 불이행,단일로,기타단일로,자전거,자전거,없음,없음,1,0,1,0,0,37.3950693,127.73022431
남양주시,2017   ,2017-08-17 04시,야간,목요일,차대차,기타,중앙선 침범,교차로,교차로내,화물차,화물차,화물차,화물차,1,1,2,0,0,37.67244649,127.1527021
오산시,2017   ,2017-08-17 01시,야간,목요일,차대사람,횡단중,과속,단일로,기타단일로,승용차,승용차,보행자,보행자,1,0,1,0,0,37.13782483,127.07350884
평택시,2017   ,2017-08-17 00시,야간,목요일,차량단독,공작물충돌,과속,단일로,기타단일로,승용차,승용차,없음,없음,1,0,2,0,1,36.99365614,127.12022232
안산시,2017   ,2017-08-16 23시,야간,수요일,차대차,정면충돌,신호위반,교차로,교차로내,승용차,승용차,승용차,승용차,3,0,3,0,0,37.31520269,126.83026351
포천시,2017   ,2017-08-15 20시,야간,화요일,차대사람,횡단중,보행자 보호의무 위반,단일로,기타단일로,화물차,화물차,보행자,보행자,1,0,1,0,0,37.78507255,127.22652844
양평군,2017   ,2017-08-14 16시,주간,월요일,차대차,기타,중앙선 침범,단일로,기타단일로,건설기계,건설기계,승용차,승용차,1,0,4,1,2,37.44525945,127.65796806
동두천시,2017   ,2017-08-14 05시,야간,월요일,차대사람,길가장자리구역통행중,안전운전 의무 불이행,단일로,기타단일로,화물차,화물차,보행자,보행자,1,0,1,0,0,37.89438659,127.08053206
성남시,2017   ,2017-08-12 04시,야간,토요일,차대사람,횡단중,안전운전 의무 불이행,단일로,기타단일로,건설기계,건설기계,보행자,보행자,1,0,1,0,0,37.43320508,127.12771103
평택시,2017   ,2017-08-11 09시,주간,금요일,차대차,측면충돌,신호위반,교차로,교차로내,이륜차,이륜차,승용차,승용차,1,0,1,0,0,36.9886956,126.92092148
군포시,2017   ,2017-08-10 10시,주간,목요일,차대사람,횡단중,안전운전 의무 불이행,단일로,기타단일로,승용차,승용차,보행자,보행자,1,0,2,1,0,37.33579392,126.92524392
파주시,2017   ,2017-08-10 00시,야간,목요일,차대사람,기타,안전운전 의무 불이행,단일로,기타단일로,승용차,승용차,보행자,보행자,1,0,1,0,0,37.93046707,126.83134316
평택시,2017   ,2017-08-08 13시,주간,화요일,차대차,정면충돌,교차로 통행방법 위반,교차로,교차로내,승용차,승용차,이륜차,이륜차,1,0,1,0,0,37.0656582,127.0614498
화성시,2017   ,2017-08-07 21시,야간,월요일,차대사람,횡단중,안전운전 의무 불이행,단일로,기타단일로,승용차,승용차,보행자,보행자,1,0,1,0,0,37.21483613,126.81811174
안성시,2017   ,2017-08-07 14시,주간,월요일,차량단독,전도전복,안전운전 의무 불이행,단일로,기타단일로,화물차,화물차,없음,없음,1,0,1,0,0,37.07336658,127.39862811
화성시,2017   ,2017-08-07 14시,주간,월요일,차대사람,차도통행중,안전운전 의무 불이행,단일로,기타단일로,화물차,화물차,보행자,보행자,1,0,1,0,0,37.1123858,126.82017953
시흥시,2017   ,2017-08-07 10시,주간,월요일,차대차,기타,안전운전 의무 불이행,단일로,기타단일로,화물차,화물차,화물차,화물차,1,0,1,0,0,37.39187815,126.83109573
이천시,2017   ,2017-08-05 18시,야간,토요일,차대차,기타,안전운전 의무 불이행,단일로,기타단일로,이륜차,이륜차,승용차,승용차,1,0,1,0,0,37.28112967,127.44773678
양주시,2017   ,2017-08-05 00시,야간,토요일,차대사람,횡단중,과속,단일로,기타단일로,승용차,승용차,보행자,보행자,1,0,1,0,0,37.82017717,127.04754782
용인시,2017   ,2017-08-04 20시,야간,금요일,차대차,측면충돌,신호위반,교차로,교차로내,승용차,승용차,이륜차,이륜차,1,0,1,0,0,37.32274541,127.0908522
안산시,2017   ,2017-08-04 11시,주간,금요일,차대사람,횡단중,안전운전 의무 불이행,교차로,교차로내,승용차,승용차,보행자,보행자,1,0,1,0,0,37.31925475,126.83272179
가평군,2017   ,2017-08-04 05시,야간,금요일,차대차,추돌,안전운전 의무 불이행,단일로,교량위,승용차,승용차,농기계,농기계,1,0,1,0,0,37.63147688,127.48381592
광명시,2017   ,2017-08-03 15시,주간,목요일,차대사람,횡단중,안전운전 의무 불이행,교차로,교차로횡단보도내,승용차,승용차,보행자,보행자,1,0,1,0,0,37.47751015,126.87267749
과천시,2017   ,2017-08-03 14시,주간,목요일,차대차,측면충돌,안전운전 의무 불이행,단일로,기타단일로,화물차,화물차,이륜차,이륜차,1,0,1,0,0,37.44119304,126.99890144
평택시,2017   ,2017-08-01 20시,야간,화요일,차대사람,횡단중,안전운전 의무 불이행,단일로,기타단일로,화물차,화물차,보행자,보행자,1,0,2,0,1,37.01565219,127.03215053
파주시,2017   ,2017-08-01 15시,주간,화요일,차대사람,횡단중,안전운전 의무 불이행,교차로,교차로부근,승합차,승합차,보행자,보행자,1,0,1,0,0,37.76567562,126.77525543
광주시,2017   ,2017-08-01 06시,주간,화요일,차대사람,보도통행중,안전운전 의무 불이행,단일로,기타단일로,승용차,승용차,보행자,보행자,1,0,2,0,1,37.35034322,126.98828278
용인시,2017   ,2017-07-31 16시,주간,월요일,차대사람,횡단중,신호위반,교차로,교차로내,화물차,화물차,보행자,보행자,1,0,1,0,0,37.32857608,127.11462626
광명시,2017   ,2017-07-31 16시,주간,월요일,차대차,측면충돌,신호위반,교차로,교차로내,승용차,승용차,화물차,화물차,1,0,2,0,1,37.4073344,126.85338753
가평군,2017   ,2017-07-30 09시,주간,일요일,차대차,정면충돌,중앙선 침범,교차로,교차로부근,승용차,승용차,승합차,승합차,1,1,3,0,1,37.82107936,127.34500667
파주시,2017   ,2017-07-30 05시,야간,일요일,차대차,측면충돌,안전운전 의무 불이행,단일로,기타단일로,건설기계,건설기계,자전거,자전거,1,0,1,0,0,37.70582116,126.75957073
의정부시,2017   ,2017-07-29 22시,야간,토요일,차대차,측면충돌,신호위반,교차로,교차로부근,승용차,승용차,자전거,자전거,1,0,1,0,0,37.74968748,127.05285842
양평군,2017   ,2017-07-29 12시,주간,토요일,차량단독,전도전복,안전운전 의무 불이행,단일로,기타단일로,농기계,농기계,없음,없음,1,0,1,0,0,37.53836749,127.71180627
평택시,2017   ,2017-07-29 09시,주간,토요일,차대차,측면충돌,중앙선 침범,단일로,기타단일로,사륜오토바이(ATV),사륜오토바이(ATV),승용차,승용차,1,0,3,0,2,37.09001983,127.05317415
오산시,2017   ,2017-07-29 05시,야간,토요일,차량단독,공작물충돌,안전운전 의무 불이행,단일로,기타단일로,이륜차,이륜차,없음,없음,1,0,1,0,0,37.14872576,127.05949542
고양시,2017   ,2017-07-29 02시,야간,토요일,차대사람,기타,안전운전 의무 불이행,단일로,기타단일로,승용차,승용차,보행자,보행자,1,0,1,0,0,37.66832302,126.8491796
구리시,2017   ,2017-07-28 09시,주간,금요일,차대사람,횡단중,안전운전 의무 불이행,단일로,기타단일로,승용차,승용차,보행자,보행자,1,0,1,0,0,37.60648979,127.13298969
안산시,2017   ,2017-07-28 07시,주간,금요일,차대차,기타,과속,단일로,기타단일로,승용차,승용차,화물차,화물차,1,3,4,0,0,37.3355668,126.87511291
고양시,2017   ,2017-07-27 23시,야간,목요일,차대사람,횡단중,신호위반,교차로,교차로내,승합차,승합차,보행자,보행자,1,0,1,0,0,37.63069459,126.83021899
남양주시,2017   ,2017-07-26 09시,주간,수요일,차대차,기타,과속,단일로,기타단일로,승용차,승용차,화물차,화물차,1,1,2,0,0,37.67511415,127.11487088
수원시,2017   ,2017-07-25 00시,야간,화요일,차대사람,횡단중,과속,교차로,교차로부근,승용차,승용차,보행자,보행자,1,0,1,0,0,37.27393992,126.94582571
화성시,2017   ,2017-07-24 23시,야간,월요일,차량단독,공작물충돌,안전운전 의무 불이행,단일로,기타단일로,승용차,승용차,없음,없음,1,0,1,0,0,37.21337914,127.03014349
연천군,2017   ,2017-07-24 10시,주간,월요일,차대사람,횡단중,안전운전 의무 불이행,교차로,교차로내,화물차,화물차,보행자,보행자,1,0,1,0,0,38.02483831,127.06780331
성남시,2017   ,2017-07-24 03시,야간,월요일,차대사람,횡단중,안전운전 의무 불이행,교차로,교차로부근,승용차,승용차,보행자,보행자,1,0,1,0,0,37.44850762,127.12684382
고양시,2017   ,2017-07-24 01시,야간,월요일,차량단독,전도전복,안전운전 의무 불이행,단일로,기타단일로,승용차,승용차,없음,없음,1,0,1,0,0,37.61000126,126.82097812
김포시,2017   ,2017-07-22 01시,야간,토요일,차대차,측면충돌,안전운전 의무 불이행,교차로,교차로내,승용차,승용차,특수차,특수차,1,2,3,0,0,37.6427584,126.62563023
화성시,2017   ,2017-07-22 01시,야간,토요일,차량단독,전도전복,안전운전 의무 불이행,단일로,기타단일로,개인형이동수단(PM),개인형이동수단(PM),없음,없음,1,0,1,0,0,37.10928726,126.90800682
수원시,2017   ,2017-07-21 23시,야간,금요일,차대차,정면충돌,신호위반,교차로,교차로내,승용차,승용차,승합차,승합차,1,0,1,0,0,37.26747072,126.94257981
파주시,2017   ,2017-07-21 10시,주간,금요일,차대사람,횡단중,보행자 보호의무 위반,교차로,교차로횡단보도내,승합차,승합차,보행자,보행자,1,0,1,0,0,37.72338713,126.74948984
평택시,2017   ,2017-07-21 01시,야간,금요일,차량단독,전도전복,안전운전 의무 불이행,단일로,기타단일로,승용차,승용차,없음,없음,1,2,3,0,0,37.03035421,127.07269385
화성시,2017   ,2017-07-20 21시,야간,목요일,차대차,추돌,안전운전 의무 불이행,단일로,기타단일로,승용차,승용차,화물차,화물차,1,1,3,1,0,37.18890479,126.9680236
용인시,2017   ,2017-07-20 08시,주간,목요일,차대사람,횡단중,안전운전 의무 불이행,교차로,교차로내,승용차,승용차,보행자,보행자,1,0,1,0,0,37.11577624,127.11293845
평택시,2017   ,2017-07-20 00시,야간,목요일,차대사람,횡단중,과속,교차로,교차로횡단보도내,승용차,승용차,보행자,보행자,1,0,1,0,0,36.99473474,127.11366513
남양주시,2017   ,2017-07-19 17시,주간,수요일,차대차,측면충돌,부당한 회전,단일로,기타단일로,사륜오토바이(ATV),사륜오토바이(ATV),화물차,화물차,1,0,1,0,0,37.70044385,127.17882115
군포시,2017   ,2017-07-18 19시,야간,화요일,차대사람,기타,안전운전 의무 불이행,교차로,교차로횡단보도내,화물차,화물차,보행자,보행자,1,0,1,0,0,37.3344705,126.93682468
양평군,2017   ,2017-07-18 18시,야간,화요일,차량단독,공작물충돌,안전운전 의무 불이행,단일로,교량위,이륜차,이륜차,없음,없음,1,0,2,0,1,37.53400112,127.30701759
안양시,2017   ,2017-07-18 16시,주간,화요일,차대사람,보도통행중,안전운전 의무 불이행,단일로,기타단일로,자전거,자전거,보행자,보행자,1,0,1,0,0,37.38673605,126.95298307
안성시,2017   ,2017-07-18 10시,주간,화요일,차대차,기타,안전운전 의무 불이행,교차로,교차로내,화물차,화물차,농기계,농기계,1,0,1,0,0,37.03317857,127.18279978
이천시,2017   ,2017-07-17 21시,야간,월요일,차대차,정면충돌,안전운전 의무 불이행,단일로,기타단일로,승용차,승용차,원동기장치자전거,원동기장치자전거,2,0,2,0,0,37.31746385,127.42833345
용인시,2017   ,2017-07-17 16시,주간,월요일,차대차,측면충돌,교차로 통행방법 위반,교차로,교차로내,건설기계,건설기계,자전거,자전거,1,0,1,0,0,37.23922442,127.2145326
남양주시,2017   ,2017-07-17 09시,주간,월요일,차대사람,횡단중,안전운전 의무 불이행,기타,기타,승용차,승용차,보행자,보행자,1,0,1,0,0,37.70804195,127.1821011
파주시,2017   ,2017-07-17 02시,야간,월요일,차대차,측면충돌,안전운전 의무 불이행,단일로,기타단일로,승용차,승용차,화물차,화물차,1,0,1,0,0,37.82878054,126.73745804
포천시,2017   ,2017-07-16 16시,주간,일요일,차량단독,전도전복,안전운전 의무 불이행,단일로,기타단일로,화물차,화물차,없음,없음,1,0,1,0,0,37.94210444,127.22520778
군포시,2017   ,2017-07-16 04시,야간,일요일,차대사람,횡단중,과속,교차로,교차로횡단보도내,승용차,승용차,보행자,보행자,1,0,1,0,0,37.37050468,126.94001135
남양주시,2017   ,2017-07-14 11시,주간,금요일,차량단독,전도,안전운전 의무 불이행,단일로,기타단일로,이륜차,이륜차,없음,없음,1,0,1,0,0,37.63860995,127.17802208
부천시,2017   ,2017-07-14 02시,야간,금요일,차대사람,횡단중,과속,단일로,기타단일로,승용차,승용차,보행자,보행자,1,0,1,0,0,37.5035855,126.77198133
남양주시,2017   ,2017-07-13 11시,주간,목요일,차대사람,횡단중,안전운전 의무 불이행,기타,기타,승용차,승용차,보행자,보행자,1,1,4,0,2,37.65232144,127.30699523
화성시,2017   ,2017-07-13 08시,주간,목요일,차대차,기타,안전운전 의무 불이행,단일로,기타단일로,원동기장치자전거,원동기장치자전거,건설기계,건설기계,1,0,1,0,0,37.27007092,126.86133052
고양시,2017   ,2017-07-13 02시,야간,목요일,차대사람,기타,안전운전 의무 불이행,단일로,기타단일로,승용차,승용차,보행자,보행자,1,1,2,0,0,37.58199524,126.87453129
화성시,2017   ,2017-07-13 01시,야간,목요일,차대사람,횡단중,안전운전 의무 불이행,단일로,기타단일로,화물차,화물차,보행자,보행자,1,0,1,0,0,37.24329265,126.87522164
성남시,2017   ,2017-07-12 22시,야간,수요일,차대사람,횡단중,안전운전 의무 불이행,단일로,기타단일로,승용차,승용차,보행자,보행자,1,0,1,0,0,37.45603179,127.12612803
양평군,2017   ,2017-07-12 22시,야간,수요일,차대사람,차도통행중,안전운전 의무 불이행,단일로,기타단일로,화물차,화물차,보행자,보행자,1,0,1,0,0,37.4161446,127.54001635
파주시,2017   ,2017-07-12 20시,야간,수요일,차대사람,기타,안전운전 의무 불이행,단일로,기타단일로,화물차,화물차,보행자,보행자,1,0,1,0,0,37.83750129,126.72857209
수원시,2017   ,2017-07-12 18시,야간,수요일,차대차,기타,차로위반(진로변경 위반),교차로,교차로부근,이륜차,이륜차,승합차,승합차,1,0,1,0,0,37.2890033,127.03165923
양주시,2017   ,2017-07-12 04시,야간,수요일,차대사람,횡단중,안전운전 의무 불이행,단일로,기타단일로,화물차,화물차,보행자,보행자,1,0,1,0,0,37.74008377,126.97724692
화성시,2017   ,2017-07-12 00시,야간,수요일,차대사람,차도통행중,안전운전 의무 불이행,단일로,기타단일로,승용차,승용차,보행자,보행자,1,0,1,0,0,37.17340821,126.91420927
여주시,2017   ,2017-07-11 04시,야간,화요일,차량단독,공작물충돌,안전운전 의무 불이행,기타,기타,승용차,승용차,없음,없음,1,0,1,0,0,37.30138232,127.57270067
성남시,2017   ,2017-07-10 22시,야간,월요일,차량단독,전도전복,안전운전 의무 불이행,단일로,기타단일로,승용차,승용차,없음,없음,2,1,3,0,0,37.39527777,127.07499178
화성시,2017   ,2017-07-10 22시,야간,월요일,차대차,측면충돌,중앙선 침범,단일로,기타단일로,승용차,승용차,승합차,승합차,1,3,9,0,5,37.19264399,126.83881777
여주시,2017   ,2017-07-10 18시,야간,월요일,차대차,측면충돌,중앙선 침범,단일로,기타단일로,승합차,승합차,승용차,승용차,1,1,2,0,0,37.24303763,127.74510625
김포시,2017   ,2017-07-10 00시,야간,월요일,차대차,측면충돌,차로위반(진로변경 위반),단일로,기타단일로,이륜차,이륜차,승용차,승용차,1,0,1,0,0,37.61558714,126.72821919
양평군,2017   ,2017-07-09 14시,주간,일요일,차대차,기타,중앙선 침범,단일로,기타단일로,이륜차,이륜차,자전거,자전거,1,0,1,0,0,37.56395338,127.46794416
화성시,2017   ,2017-07-09 00시,야간,일요일,차대차,추돌,과속,단일로,기타단일로,승용차,승용차,이륜차,이륜차,1,0,1,0,0,37.22004209,127.02827619
수원시,2017   ,2017-07-08 22시,야간,토요일,차대사람,횡단중,안전운전 의무 불이행,교차로,교차로내,승용차,승용차,보행자,보행자,1,0,1,0,0,37.26850588,127.02718452
안산시,2017   ,2017-07-08 19시,야간,토요일,차대차,정면충돌,안전운전 의무 불이행,교차로,교차로내,승합차,승합차,화물차,화물차,1,1,2,0,0,37.30267012,126.80313594
용인시,2017   ,2017-07-08 17시,주간,토요일,차대사람,횡단중,보행자 보호의무 위반,교차로,교차로횡단보도내,승합차,승합차,보행자,보행자,1,0,1,0,0,37.24938494,127.23065261
성남시,2017   ,2017-07-07 21시,야간,금요일,차대차,추돌,안전운전 의무 불이행,단일로,고가도로위,승용차,승용차,승용차,승용차,1,0,3,0,2,37.43367944,127.13530459
평택시,2017   ,2017-07-07 21시,야간,금요일,차대사람,횡단중,안전운전 의무 불이행,교차로,교차로내,승합차,승합차,보행자,보행자,1,0,1,0,0,37.0149002,127.11376541
고양시,2017   ,2017-07-07 15시,주간,금요일,차대차,추돌,안전운전 의무 불이행,단일로,기타단일로,승용차,승용차,승용차,승용차,1,1,8,0,6,37.58059146,126.87667222
화성시,2017   ,2017-07-07 00시,야간,금요일,차대차,추돌,안전운전 의무 불이행,단일로,기타단일로,화물차,화물차,화물차,화물차,1,1,3,0,1,37.20436934,127.0947376
포천시,2017   ,2017-07-07 00시,야간,금요일,차대사람,횡단중,안전운전 의무 불이행,교차로,교차로내,이륜차,이륜차,보행자,보행자,1,0,1,0,0,37.82791325,127.145759
화성시,2017   ,2017-07-06 20시,야간,목요일,차대사람,횡단중,과속,단일로,기타단일로,승용차,승용차,보행자,보행자,1,0,1,0,0,37.24129855,126.85467338
군포시,2017   ,2017-07-06 16시,주간,목요일,차대사람,횡단중,보행자 보호의무 위반,교차로,교차로횡단보도내,승합차,승합차,보행자,보행자,1,0,1,0,0,37.36654747,126.94188156
안성시,2017   ,2017-07-06 12시,주간,목요일,차대차,추돌,안전운전 의무 불이행,단일로,기타단일로,화물차,화물차,화물차,화물차,1,0,1,0,0,36.98108479,127.3333673
용인시,2017   ,2017-07-06 04시,야간,목요일,차대차,기타,안전운전 의무 불이행,기타,기타,화물차,화물차,화물차,화물차,1,0,2,0,1,37.03967337,127.13776671
남양주시,2017   ,2017-07-05 23시,야간,수요일,차대사람,횡단중,안전운전 의무 불이행,교차로,교차로횡단보도내,승용차,승용차,보행자,보행자,1,0,1,0,0,37.72726867,127.19281081
평택시,2017   ,2017-07-05 22시,야간,수요일,차대사람,횡단중,안전운전 의무 불이행,단일로,기타단일로,승합차,승합차,보행자,보행자,1,0,1,0,0,37.13458858,127.0305298
시흥시,2017   ,2017-07-05 17시,주간,수요일,차대차,측면충돌,신호위반,단일로,기타단일로,화물차,화물차,이륜차,이륜차,1,0,1,0,0,37.31787788,126.71962675
포천시,2017   ,2017-07-05 10시,주간,수요일,차대사람,횡단중,보행자 보호의무 위반,교차로,교차로내,승합차,승합차,보행자,보행자,1,0,1,0,0,37.90052109,127.20041822
이천시,2017   ,2017-07-05 03시,야간,수요일,차대차,정면충돌,중앙선 침범,단일로,기타단일로,승용차,승용차,승용차,승용차,1,1,2,0,0,37.13406959,127.6283275
가평군,2017   ,2017-07-04 19시,야간,화요일,차대차,측면충돌,안전운전 의무 불이행,교차로,교차로내,화물차,화물차,화물차,화물차,1,0,1,0,0,37.81683677,127.50716921
수원시,2017   ,2017-07-04 14시,주간,화요일,차대사람,횡단중,안전운전 의무 불이행,교차로,교차로내,승용차,승용차,보행자,보행자,1,0,1,0,0,37.29507644,127.02656697
부천시,2017   ,2017-07-04 13시,주간,화요일,차대차,기타,부당한 회전,교차로,교차로내,자전거,자전거,승용차,승용차,1,0,1,0,0,37.50274843,126.75768899
수원시,2017   ,2017-07-03 11시,주간,월요일,차대사람,횡단중,안전운전 의무 불이행,단일로,기타단일로,승용차,승용차,보행자,보행자,1,0,1,0,0,37.28072605,126.96913777
광주시,2017   ,2017-07-03 10시,주간,월요일,차대차,추돌,안전운전 의무 불이행,단일로,터널안,화물차,화물차,화물차,화물차,1,1,4,0,2,37.38576003,127.27550878
여주시,2017   ,2017-07-03 09시,주간,월요일,차대차,측면충돌,안전운전 의무 불이행,단일로,고가도로위,승합차,승합차,자전거,자전거,1,0,1,0,0,37.41328268,127.6154678
포천시,2017   ,2017-07-02 01시,야간,일요일,차량단독,전도,안전운전 의무 불이행,교차로,교차로내,승합차,승합차,없음,없음,1,0,1,0,0,38.08344497,127.27198974
성남시,2017   ,2017-06-30 23시,야간,금요일,차대사람,횡단중,안전운전 의무 불이행,단일로,기타단일로,승용차,승용차,보행자,보행자,1,0,1,0,0,37.4357039,127.13413049
용인시,2017   ,2017-06-30 08시,주간,금요일,차대사람,횡단중,신호위반,단일로,기타단일로,화물차,화물차,보행자,보행자,1,0,1,0,0,37.32196131,127.09877969
화성시,2017   ,2017-06-29 22시,야간,목요일,차량단독,전도,안전운전 의무 불이행,단일로,기타단일로,승용차,승용차,없음,없음,1,0,1,0,0,37.1984687,127.0033274
고양시,2017   ,2017-06-29 14시,주간,목요일,차량단독,전도,안전운전 의무 불이행,단일로,기타단일로,자전거,자전거,없음,없음,1,0,1,0,0,37.67626847,126.70846057
안산시,2017   ,2017-06-29 08시,주간,목요일,차대사람,횡단중,안전운전 의무 불이행,교차로,교차로횡단보도내,승합차,승합차,보행자,보행자,1,0,8,0,7,37.30275597,126.86820807
시흥시,2017   ,2017-06-29 03시,야간,목요일,차대차,측면충돌,안전운전 의무 불이행,단일로,기타단일로,화물차,화물차,화물차,화물차,1,1,2,0,0,37.37712003,126.87168484
이천시,2017   ,2017-06-29 02시,야간,목요일,차대사람,기타,안전운전 의무 불이행,단일로,기타단일로,화물차,화물차,보행자,보행자,1,0,1,0,0,37.30141324,127.40707896
고양시,2017   ,2017-06-29 01시,야간,목요일,차대사람,횡단중,안전운전 의무 불이행,단일로,기타단일로,승용차,승용차,보행자,보행자,1,0,1,0,0,37.60545696,126.81913878
양평군,2017   ,2017-06-28 22시,야간,수요일,차량단독,공작물충돌,안전운전 의무 불이행,교차로,교차로내,승용차,승용차,없음,없음,1,0,1,0,0,37.49959994,127.51151707
남양주시,2017   ,2017-06-28 21시,야간,수요일,차대차,기타,중앙선 침범,단일로,기타단일로,원동기장치자전거,원동기장치자전거,승용차,승용차,1,0,1,0,0,37.64674131,127.24907298
화성시,2017   ,2017-06-28 08시,주간,수요일,차대차,측면충돌,직진 및 우회전차의 통행방해,교차로,교차로내,승용차,승용차,농기계,농기계,1,1,2,0,0,37.15524376,126.87515858
고양시,2017   ,2017-06-27 16시,주간,화요일,차대차,기타,중앙선 침범,교차로,교차로부근,승용차,승용차,화물차,화물차,1,0,2,0,1,37.72758094,126.79972957
파주시,2017   ,2017-06-27 03시,야간,화요일,차량단독,전도전복,안전운전 의무 불이행,단일로,기타단일로,이륜차,이륜차,없음,없음,1,0,1,0,0,37.72431538,126.70013126
시흥시,2017   ,2017-06-25 13시,주간,일요일,차대사람,횡단중,안전운전 의무 불이행,단일로,기타단일로,화물차,화물차,보행자,보행자,1,0,1,0,0,37.35002074,126.75600015
양평군,2017   ,2017-06-23 10시,주간,금요일,차량단독,전도전복,안전운전 의무 불이행,단일로,기타단일로,사륜오토바이(ATV),사륜오토바이(ATV),없음,없음,1,0,1,0,0,37.5427991,127.32482382
안양시,2017   ,2017-06-23 06시,주간,금요일,차대차,측면충돌,안전운전 의무 불이행,교차로,교차로부근,승용차,승용차,원동기장치자전거,원동기장치자전거,1,0,1,0,0,37.37828463,126.95568749
이천시,2017   ,2017-06-22 21시,야간,목요일,차대차,추돌,안전운전 의무 불이행,단일로,기타단일로,승용차,승용차,불명,불명,1,0,2,0,1,37.28539403,127.47941166
광명시,2017   ,2017-06-22 18시,야간,목요일,차대사람,횡단중,안전운전 의무 불이행,단일로,기타단일로,화물차,화물차,보행자,보행자,1,0,1,0,0,37.45250888,126.88861322
평택시,2017   ,2017-06-22 15시,주간,목요일,차대사람,기타,안전운전 의무 불이행,교차로,교차로부근,건설기계,건설기계,보행자,보행자,1,0,1,0,0,37.0488458,127.10214494
화성시,2017   ,2017-06-21 00시,야간,수요일,차량단독,전도전복,안전운전 의무 불이행,단일로,기타단일로,승용차,승용차,없음,없음,1,0,1,0,0,37.07288287,126.91421845
여주시,2017   ,2017-06-19 20시,야간,월요일,차량단독,전도전복,안전운전 의무 불이행,단일로,기타단일로,화물차,화물차,없음,없음,1,0,1,0,0,37.27361622,127.74362622
성남시,2017   ,2017-06-19 04시,야간,월요일,차대차,기타,중앙선 침범,단일로,기타단일로,승합차,승합차,승용차,승용차,1,0,1,0,0,37.43537878,127.15800547
부천시,2017   ,2017-06-16 16시,주간,금요일,차대사람,횡단중,보행자 보호의무 위반,교차로,교차로내,승합차,승합차,보행자,보행자,1,0,1,0,0,37.51060105,126.7695597