시군명,발생년도,발생일자,주야구분명,사고요일,사고유형_대분류,사고유형,법규위반내용,도로형태_대분류,도로형태,당사자1_대분류,당사자1_차종,당사자2_대분류,당사자2_차종,사망자수,중상자수,부상자수,부상신고자수,경상자수,WGS84위도,WGS84경도
고양시,2017   ,2017-06-16 10시,주간,금요일,차대사람,횡단중,보행자 보호의무 위반,단일로,기타단일로,승용차,승용차,보행자,보행자,1,0,1,0,0,37.71759207,126.90070363
부천시,2017   ,2017-06-16 05시,야간,금요일,차대사람,기타,과속,단일로,기타단일로,승용차,승용차,보행자,보행자,1,0,2,0,1,37.49504309,126.80837742
성남시,2017   ,2017-06-16 00시,야간,금요일,차대차,추돌,과속,단일로,기타단일로,승용차,승용차,승용차,승용차,2,3,9,1,3,37.46296287,127.14051102
가평군,2017   ,2017-06-15 13시,주간,목요일,차대사람,횡단중,신호위반,교차로,교차로내,화물차,화물차,보행자,보행자,1,0,1,0,0,37.84064057,127.5064555
고양시,2017   ,2017-06-14 06시,주간,수요일,차대사람,횡단중,안전운전 의무 불이행,단일로,기타단일로,승용차,승용차,보행자,보행자,1,0,1,0,0,37.67519023,126.78371149
양주시,2017   ,2017-06-13 23시,야간,화요일,차대차,추돌,안전운전 의무 불이행,교차로,교차로부근,승용차,승용차,승합차,승합차,1,0,2,0,1,37.8408373,127.06242378
이천시,2017   ,2017-06-13 19시,야간,화요일,차대차,정면충돌,안전운전 의무 불이행,단일로,기타단일로,승용차,승용차,화물차,화물차,1,0,2,1,0,37.29247868,127.52244057
의정부시,2017   ,2017-06-13 15시,주간,화요일,차대차,정면충돌,안전운전 의무 불이행,단일로,기타단일로,승합차,승합차,건설기계,건설기계,1,7,10,0,2,37.72663949,127.06949671
광주시,2017   ,2017-06-13 04시,야간,화요일,차대차,측면충돌,중앙선 침범,교차로,교차로내,이륜차,이륜차,화물차,화물차,1,1,2,0,0,37.44281185,127.26349096
남양주시,2017   ,2017-06-12 20시,야간,월요일,차대사람,횡단중,안전운전 의무 불이행,단일로,기타단일로,화물차,화물차,보행자,보행자,1,0,1,0,0,37.54640077,127.24380607
의정부시,2017   ,2017-06-12 10시,주간,월요일,차대사람,횡단중,보행자 보호의무 위반,교차로,교차로횡단보도내,승용차,승용차,보행자,보행자,1,0,1,0,0,37.7307014,127.05651331
파주시,2017   ,2017-06-12 08시,주간,월요일,차대차,측면충돌,중앙선 침범,단일로,기타단일로,원동기장치자전거,원동기장치자전거,승용차,승용차,1,0,1,0,0,37.83039704,126.81574742
안산시,2017   ,2017-06-11 17시,주간,일요일,차대차,기타,과속,단일로,기타단일로,이륜차,이륜차,승합차,승합차,1,0,1,0,0,37.33606851,126.77946005
용인시,2017   ,2017-06-10 21시,야간,토요일,차대사람,횡단중,안전운전 의무 불이행,단일로,기타단일로,승용차,승용차,보행자,보행자,1,0,1,0,0,37.31132764,127.08390605
김포시,2017   ,2017-06-10 20시,야간,토요일,차대사람,기타,안전운전 의무 불이행,단일로,기타단일로,승용차,승용차,보행자,보행자,1,0,1,0,0,37.70954011,126.55820617
이천시,2017   ,2017-06-10 02시,야간,토요일,차대사람,기타,안전운전 의무 불이행,단일로,기타단일로,승용차,승용차,보행자,보행자,1,0,1,0,0,37.16398779,127.57593657
성남시,2017   ,2017-06-10 02시,야간,토요일,차대차,추돌,안전운전 의무 불이행,교차로,교차로내,승용차,승용차,이륜차,이륜차,1,0,1,0,0,37.40317052,127.10255026
여주시,2017   ,2017-06-09 15시,주간,금요일,차대차,정면충돌,중앙선 침범,단일로,기타단일로,승용차,승용차,승용차,승용차,1,0,2,0,1,37.3840364,127.56297543
시흥시,2017   ,2017-06-09 14시,주간,금요일,차대사람,보도통행중,중앙선 침범,단일로,기타단일로,특수차,특수차,보행자,보행자,1,0,1,0,0,37.34825531,126.73360609
안산시,2017   ,2017-06-08 16시,주간,목요일,차대사람,횡단중,과속,교차로,교차로내,승용차,승용차,보행자,보행자,1,0,1,0,0,37.28848687,126.85645921
이천시,2017   ,2017-06-08 15시,주간,목요일,차량단독,도로이탈 추락,안전운전 의무 불이행,단일로,기타단일로,농기계,농기계,없음,없음,1,0,1,0,0,37.13481302,127.52229259
화성시,2017   ,2017-06-06 21시,야간,화요일,차대사람,횡단중,신호위반,단일로,기타단일로,승용차,승용차,보행자,보행자,1,0,1,0,0,37.18775561,126.9377921
평택시,2017   ,2017-06-06 07시,주간,화요일,차대차,정면충돌,과속,단일로,기타단일로,승용차,승용차,승용차,승용차,1,0,3,0,2,36.94216625,127.02741178
고양시,2017   ,2017-06-06 03시,야간,화요일,차대사람,횡단중,안전운전 의무 불이행,교차로,교차로내,화물차,화물차,보행자,보행자,1,0,1,0,0,37.69510538,126.73015196
화성시,2017   ,2017-06-05 20시,야간,월요일,차대사람,횡단중,안전운전 의무 불이행,단일로,기타단일로,승합차,승합차,보행자,보행자,1,0,1,0,0,37.10348157,126.7972784
파주시,2017   ,2017-06-05 13시,주간,월요일,차대사람,횡단중,기타(운전자법규위반),단일로,기타단일로,승용차,승용차,보행자,보행자,1,1,2,0,0,37.93115259,126.83143937
의정부시,2017   ,2017-06-05 09시,주간,월요일,차량단독,전도전복,안전운전 의무 불이행,기타,기타,이륜차,이륜차,없음,없음,1,0,1,0,0,37.73021564,127.03341101
고양시,2017   ,2017-06-05 07시,주간,월요일,차대사람,기타,안전운전 의무 불이행,기타,기타,건설기계,건설기계,보행자,보행자,1,0,1,0,0,37.7064724,126.85673065
의정부시,2017   ,2017-06-04 17시,주간,일요일,차대차,정면충돌,중앙선 침범,교차로,교차로부근,이륜차,이륜차,승용차,승용차,1,1,2,0,0,37.74035568,127.04731907
군포시,2017   ,2017-06-04 15시,주간,일요일,차대차,추돌,안전운전 의무 불이행,단일로,기타단일로,승용차,승용차,승용차,승용차,1,0,2,0,1,37.32338401,126.91282138
수원시,2017   ,2017-06-04 02시,야간,일요일,차대사람,보도통행중,보행자 보호의무 위반,교차로,교차로횡단보도내,승용차,승용차,보행자,보행자,1,0,3,0,2,37.29251616,127.00879092
김포시,2017   ,2017-06-03 20시,야간,토요일,차대사람,횡단중,안전운전 의무 불이행,단일로,기타단일로,승용차,승용차,보행자,보행자,1,0,1,0,0,37.69333597,126.63361153
하남시,2017   ,2017-06-03 11시,주간,토요일,차대차,정면충돌,안전거리 미확보,단일로,기타단일로,승합차,승합차,이륜차,이륜차,1,1,2,0,0,37.53616692,127.22234646
이천시,2017   ,2017-06-01 09시,주간,목요일,차대차,정면충돌,안전운전 의무 불이행,교차로,교차로부근,화물차,화물차,화물차,화물차,1,1,3,0,1,37.21453301,127.39287181
용인시,2017   ,2017-05-31 11시,주간,수요일,차대차,측면충돌,신호위반,교차로,교차로내,이륜차,이륜차,화물차,화물차,1,0,1,0,0,37.25222505,127.21930982
이천시,2017   ,2017-05-31 10시,주간,수요일,차대차,기타,안전운전 의무 불이행,교차로,교차로내,화물차,화물차,이륜차,이륜차,1,0,1,0,0,37.2273076,127.36772708
시흥시,2017   ,2017-05-31 09시,주간,수요일,차대사람,횡단중,안전운전 의무 불이행,교차로,교차로내,화물차,화물차,보행자,보행자,1,0,1,0,0,37.3381399,126.74591219
용인시,2017   ,2017-05-30 21시,야간,화요일,차대차,기타,과속,단일로,기타단일로,승용차,승용차,승용차,승용차,1,2,3,0,0,37.3179738,127.10366293
여주시,2017   ,2017-05-30 00시,야간,화요일,차대사람,횡단중,보행자 보호의무 위반,교차로,교차로횡단보도내,승용차,승용차,보행자,보행자,1,0,1,0,0,37.27718516,127.63765048
가평군,2017   ,2017-05-29 17시,주간,월요일,차량단독,전도전복,안전운전 의무 불이행,단일로,기타단일로,화물차,화물차,없음,없음,1,0,1,0,0,37.7852109,127.28451574
평택시,2017   ,2017-05-28 20시,야간,일요일,차대차,정면충돌,신호위반,교차로,교차로내,승합차,승합차,이륜차,이륜차,1,0,1,0,0,36.98132476,126.9365056
평택시,2017   ,2017-05-27 23시,야간,토요일,차대사람,횡단중,안전운전 의무 불이행,단일로,기타단일로,승용차,승용차,보행자,보행자,1,0,1,0,0,36.99322381,126.91418941
이천시,2017   ,2017-05-27 04시,야간,토요일,차대사람,기타,안전운전 의무 불이행,기타,기타,화물차,화물차,보행자,보행자,1,0,1,0,0,37.23290295,127.42753424
용인시,2017   ,2017-05-27 03시,야간,토요일,차량단독,공작물충돌,안전운전 의무 불이행,단일로,기타단일로,화물차,화물차,없음,없음,1,0,1,0,0,37.24537877,127.31277352
안성시,2017   ,2017-05-27 03시,야간,토요일,차대사람,차도통행중,안전운전 의무 불이행,단일로,기타단일로,특수차,특수차,보행자,보행자,1,0,1,0,0,37.07190921,127.39175656
화성시,2017   ,2017-05-26 10시,주간,금요일,차대차,추돌,안전운전 의무 불이행,단일로,기타단일로,승합차,승합차,농기계,농기계,1,0,1,0,0,37.07741973,126.79845276
부천시,2017   ,2017-05-25 00시,야간,목요일,차대사람,횡단중,과속,교차로,교차로횡단보도내,승용차,승용차,보행자,보행자,1,1,2,0,0,37.48879974,126.7772603
김포시,2017   ,2017-05-24 17시,주간,수요일,차대사람,횡단중,보행자 보호의무 위반,단일로,기타단일로,승용차,승용차,보행자,보행자,1,0,1,0,0,37.64985909,126.69503586
포천시,2017   ,2017-05-24 01시,야간,수요일,차대사람,횡단중,과속,교차로,교차로부근,승용차,승용차,보행자,보행자,1,0,1,0,0,37.87343675,127.15740035
평택시,2017   ,2017-05-22 21시,야간,월요일,차대차,정면충돌,안전운전 의무 불이행,단일로,기타단일로,화물차,화물차,승용차,승용차,1,2,4,0,1,37.01294963,126.99943397
수원시,2017   ,2017-05-22 01시,야간,월요일,차대사람,횡단중,안전운전 의무 불이행,단일로,기타단일로,승용차,승용차,보행자,보행자,1,0,1,0,0,37.25696289,127.03499266
포천시,2017   ,2017-05-21 13시,주간,일요일,차량단독,전도전복,안전운전 의무 불이행,단일로,기타단일로,이륜차,이륜차,없음,없음,1,0,1,0,0,37.80952372,127.15393554
파주시,2017   ,2017-05-20 21시,야간,토요일,차대차,추돌,안전운전 의무 불이행,단일로,기타단일로,승용차,승용차,자전거,자전거,1,0,1,0,0,37.7810028,126.7716763
평택시,2017   ,2017-05-20 18시,야간,토요일,차대차,정면충돌,부당한 회전,단일로,기타단일로,자전거,자전거,승용차,승용차,1,0,1,0,0,37.02613934,127.0712559
김포시,2017   ,2017-05-20 10시,주간,토요일,차대차,기타,안전운전 의무 불이행,단일로,기타단일로,화물차,화물차,자전거,자전거,1,0,1,0,0,37.70914485,126.55837
연천군,2017   ,2017-05-20 09시,주간,토요일,차대차,측면충돌,신호위반,교차로,교차로내,승합차,승합차,화물차,화물차,1,8,11,0,2,38.15974384,127.10193686
고양시,2017   ,2017-05-19 23시,야간,금요일,차량단독,공작물충돌,안전운전 의무 불이행,교차로,교차로내,승용차,승용차,없음,없음,1,0,1,0,0,37.63728497,126.86978379
안성시,2017   ,2017-05-19 06시,주간,금요일,차대차,추돌,안전거리 미확보,단일로,기타단일로,이륜차,이륜차,화물차,화물차,1,0,1,0,0,37.00103727,127.23594814
파주시,2017   ,2017-05-18 03시,야간,목요일,차대사람,횡단중,안전운전 의무 불이행,단일로,기타단일로,승용차,승용차,보행자,보행자,1,0,1,0,0,37.81833481,126.83732104
의정부시,2017   ,2017-05-18 00시,야간,목요일,차대사람,횡단중,안전운전 의무 불이행,교차로,교차로횡단보도내,승용차,승용차,보행자,보행자,1,0,1,0,0,37.7382187,127.04011376
성남시,2017   ,2017-05-17 16시,주간,수요일,차대사람,횡단중,안전운전 의무 불이행,교차로,교차로횡단보도내,승합차,승합차,보행자,보행자,1,0,1,0,0,37.33980597,127.10870972
화성시,2017   ,2017-05-17 12시,주간,수요일,차량단독,전도,안전운전 의무 불이행,단일로,기타단일로,이륜차,이륜차,없음,없음,1,0,1,0,0,37.22425936,126.81095939
성남시,2017   ,2017-05-17 00시,야간,수요일,차대사람,횡단중,안전운전 의무 불이행,교차로,교차로내,승용차,승용차,보행자,보행자,1,0,1,0,0,37.38409106,127.13120724
용인시,2017   ,2017-05-16 18시,야간,화요일,차량단독,전도전복,안전운전 의무 불이행,기타,기타,농기계,농기계,없음,없음,1,0,1,0,0,37.16188077,127.29100577
시흥시,2017   ,2017-05-16 04시,야간,화요일,차대차,추돌,안전운전 의무 불이행,교차로,교차로내,승용차,승용차,농기계,농기계,1,0,1,0,0,37.36486084,126.72842318
포천시,2017   ,2017-05-15 13시,주간,월요일,차대사람,횡단중,안전운전 의무 불이행,단일로,기타단일로,화물차,화물차,보행자,보행자,1,0,1,0,0,37.966431,127.25833756
의왕시,2017   ,2017-05-15 11시,주간,월요일,차대차,측면충돌,안전운전 의무 불이행,교차로,교차로횡단보도내,특수차,특수차,자전거,자전거,1,0,1,0,0,37.3340619,126.96333293
이천시,2017   ,2017-05-14 00시,야간,일요일,차대차,추돌,안전운전 의무 불이행,단일로,기타단일로,승용차,승용차,승용차,승용차,1,0,3,2,0,37.24835942,127.35570418
김포시,2017   ,2017-05-13 22시,야간,토요일,차량단독,전도,안전운전 의무 불이행,교차로,교차로내,이륜차,이륜차,없음,없음,1,0,1,0,0,37.70440615,126.60850287
부천시,2017   ,2017-05-12 18시,야간,금요일,차대차,추돌,안전운전 의무 불이행,단일로,기타단일로,화물차,화물차,자전거,자전거,1,0,1,0,0,37.53195879,126.78063558
안성시,2017   ,2017-05-12 10시,주간,금요일,차대사람,횡단중,안전운전 의무 불이행,교차로,교차로내,승용차,승용차,보행자,보행자,1,0,1,0,0,37.09246411,127.47804614
고양시,2017   ,2017-05-11 18시,야간,목요일,차량단독,전도전복,안전운전 의무 불이행,단일로,기타단일로,이륜차,이륜차,없음,없음,1,1,2,0,0,37.66891307,126.95489855
평택시,2017   ,2017-05-11 14시,주간,목요일,차량단독,공작물충돌,안전운전 의무 불이행,단일로,기타단일로,이륜차,이륜차,없음,없음,1,0,1,0,0,36.98880252,126.90248049
남양주시,2017   ,2017-05-11 09시,주간,목요일,차량단독,전도전복,안전운전 의무 불이행,단일로,기타단일로,이륜차,이륜차,없음,없음,1,0,1,0,0,37.59141223,127.20075546
안양시,2017   ,2017-05-10 15시,주간,수요일,차대사람,횡단중,신호위반,교차로,교차로횡단보도내,건설기계,건설기계,보행자,보행자,1,0,1,0,0,37.39236731,126.95443337
파주시,2017   ,2017-05-10 11시,주간,수요일,차대차,추돌,안전운전 의무 불이행,단일로,지하차도(도로)내,승용차,승용차,화물차,화물차,1,1,2,0,0,37.72932427,126.72816372
평택시,2017   ,2017-05-09 17시,주간,화요일,차량단독,전도전복,안전운전 의무 불이행,단일로,기타단일로,화물차,화물차,없음,없음,1,0,1,0,0,36.94542419,126.91306191
안산시,2017   ,2017-05-09 16시,주간,화요일,차대사람,횡단중,안전운전 의무 불이행,단일로,기타단일로,승용차,승용차,보행자,보행자,1,0,1,0,0,37.3082085,126.85139369
안산시,2017   ,2017-05-09 10시,주간,화요일,차대사람,차도통행중,안전운전 의무 불이행,단일로,기타단일로,화물차,화물차,보행자,보행자,1,0,1,0,0,37.34279799,126.86535516
의정부시,2017   ,2017-05-09 02시,야간,화요일,차대사람,횡단중,신호위반,단일로,기타단일로,화물차,화물차,보행자,보행자,1,0,1,0,0,37.74322921,127.03530428
평택시,2017   ,2017-05-07 08시,주간,일요일,차대차,정면충돌,신호위반,교차로,교차로내,이륜차,이륜차,화물차,화물차,1,1,4,0,2,36.99490152,126.84865875
용인시,2017   ,2017-05-07 02시,야간,일요일,차량단독,공작물충돌,안전운전 의무 불이행,단일로,기타단일로,이륜차,이륜차,없음,없음,1,0,1,0,0,37.27009485,127.09867159
의정부시,2017   ,2017-05-06 13시,주간,토요일,차대차,측면충돌,안전운전 의무 불이행,교차로,교차로부근,승용차,승용차,자전거,자전거,1,0,1,0,0,37.73456079,127.03818436
여주시,2017   ,2017-05-06 06시,주간,토요일,차대차,측면충돌,안전운전 의무 불이행,교차로,교차로내,화물차,화물차,승합차,승합차,1,0,2,0,1,37.29973811,127.62119522
용인시,2017   ,2017-05-05 06시,주간,금요일,차량단독,기타,안전운전 의무 불이행,단일로,기타단일로,승용차,승용차,없음,없음,1,0,1,0,0,37.32818144,127.13808393
파주시,2017   ,2017-05-05 01시,야간,금요일,차량단독,전도전복,안전운전 의무 불이행,교차로,교차로내,승용차,승용차,없음,없음,1,0,1,0,0,37.97846915,126.93437588
안성시,2017   ,2017-05-04 01시,야간,목요일,차대차,정면충돌,중앙선 침범,단일로,기타단일로,승용차,승용차,화물차,화물차,1,0,1,0,0,37.07538105,127.42939442
시흥시,2017   ,2017-05-03 07시,주간,수요일,차대차,측면충돌,직진 및 우회전차의 통행방해,교차로,교차로내,건설기계,건설기계,화물차,화물차,1,2,4,0,1,37.3295255,126.69171625
김포시,2017   ,2017-05-02 00시,야간,화요일,차대차,추돌,안전운전 의무 불이행,교차로,교차로내,승용차,승용차,화물차,화물차,1,0,2,0,1,37.68178451,126.62067008
의정부시,2017   ,2017-05-01 16시,주간,월요일,차대사람,횡단중,안전운전 의무 불이행,교차로,교차로내,화물차,화물차,보행자,보행자,1,0,1,0,0,37.74567954,127.05125938
포천시,2017   ,2017-05-01 02시,야간,월요일,차대사람,횡단중,안전운전 의무 불이행,교차로,교차로내,승용차,승용차,보행자,보행자,1,0,2,0,1,37.88849439,127.19561085
가평군,2017   ,2017-04-30 19시,야간,일요일,차대사람,횡단중,보행자 보호의무 위반,교차로,교차로부근,승용차,승용차,보행자,보행자,1,0,1,0,0,37.8142673,127.5148151
부천시,2017   ,2017-04-30 14시,주간,일요일,차대사람,횡단중,안전운전 의무 불이행,교차로,교차로횡단보도내,승합차,승합차,보행자,보행자,1,0,1,0,0,37.4727205,126.80290598
평택시,2017   ,2017-04-29 17시,주간,토요일,차량단독,공작물충돌,안전운전 의무 불이행,교차로,교차로부근,승용차,승용차,없음,없음,1,2,3,0,0,37.06122531,127.02232137
평택시,2017   ,2017-04-29 07시,주간,토요일,차대차,측면충돌,안전운전 의무 불이행,단일로,기타단일로,건설기계,건설기계,자전거,자전거,1,0,1,0,0,36.95172811,126.95332421
남양주시,2017   ,2017-04-28 05시,야간,금요일,차대사람,횡단중,신호위반,교차로,교차로횡단보도내,화물차,화물차,보행자,보행자,1,0,1,0,0,37.69232311,127.16277238
성남시,2017   ,2017-04-27 21시,야간,목요일,차대사람,횡단중,안전운전 의무 불이행,교차로,교차로부근,승용차,승용차,보행자,보행자,1,0,1,0,0,37.45972015,127.12668634
화성시,2017   ,2017-04-27 21시,야간,목요일,차대차,정면충돌,과속,교차로,교차로내,승용차,승용차,이륜차,이륜차,1,0,1,0,0,37.0801233,126.98455806
김포시,2017   ,2017-04-26 12시,주간,수요일,차대사람,횡단중,안전운전 의무 불이행,단일로,기타단일로,승용차,승용차,보행자,보행자,1,0,1,0,0,37.6332717,126.69723218
화성시,2017   ,2017-04-25 20시,야간,화요일,차대사람,횡단중,안전운전 의무 불이행,단일로,기타단일로,승용차,승용차,보행자,보행자,1,0,1,0,0,37.06811829,126.80785244
포천시,2017   ,2017-04-24 20시,야간,월요일,차량단독,기타,안전운전 의무 불이행,단일로,기타단일로,사륜오토바이(ATV),사륜오토바이(ATV),없음,없음,1,0,1,0,0,38.02196226,127.18694758
하남시,2017   ,2017-04-24 09시,주간,월요일,차량단독,공작물충돌,안전운전 의무 불이행,단일로,기타단일로,자전거,자전거,없음,없음,1,0,1,0,0,37.51320858,127.19994775
파주시,2017   ,2017-04-24 07시,주간,월요일,차량단독,공작물충돌,안전운전 의무 불이행,단일로,기타단일로,승용차,승용차,없음,없음,1,0,1,0,0,37.78762378,126.85618682
수원시,2017   ,2017-04-24 04시,야간,월요일,차대사람,횡단중,신호위반,교차로,교차로내,승용차,승용차,보행자,보행자,1,0,1,0,0,37.27534194,127.04182791
동두천시,2017   ,2017-04-23 18시,야간,일요일,차대사람,횡단중,안전운전 의무 불이행,교차로,교차로내,승합차,승합차,보행자,보행자,1,0,1,0,0,37.91682515,127.05735496
수원시,2017   ,2017-04-22 21시,야간,토요일,차대사람,횡단중,안전운전 의무 불이행,단일로,기타단일로,승용차,승용차,보행자,보행자,1,0,1,0,0,37.30934601,126.99403386
용인시,2017   ,2017-04-20 04시,야간,목요일,차대사람,횡단중,안전운전 의무 불이행,단일로,기타단일로,승용차,승용차,보행자,보행자,1,0,1,0,0,37.23331341,127.2154455
양평군,2017   ,2017-04-19 14시,주간,수요일,차대차,정면충돌,중앙선 침범,단일로,기타단일로,이륜차,이륜차,승용차,승용차,1,0,3,0,2,37.52248158,127.46712446
수원시,2017   ,2017-04-19 02시,야간,수요일,차대차,정면충돌,신호위반,교차로,교차로내,이륜차,이륜차,화물차,화물차,1,0,2,1,0,37.28290009,127.03834145
동두천시,2017   ,2017-04-18 09시,주간,화요일,차대사람,횡단중,신호위반,기타,기타,승용차,승용차,보행자,보행자,1,0,1,0,0,37.94649002,127.06063704
화성시,2017   ,2017-04-17 14시,주간,월요일,차량단독,전도전복,안전운전 의무 불이행,단일로,기타단일로,승용차,승용차,없음,없음,1,0,1,0,0,37.1632614,127.08072071
화성시,2017   ,2017-04-17 10시,주간,월요일,차대차,추돌,안전거리 미확보,교차로,교차로부근,승용차,승용차,화물차,화물차,1,0,3,1,1,37.19263383,126.71733467
파주시,2017   ,2017-04-17 00시,야간,월요일,차대차,추돌,안전운전 의무 불이행,단일로,고가도로위,화물차,화물차,건설기계,건설기계,1,0,3,0,2,37.72940601,126.76637175
양평군,2017   ,2017-04-16 13시,주간,일요일,차대차,기타,과속,단일로,기타단일로,이륜차,이륜차,화물차,화물차,1,0,1,0,0,37.51744882,127.65888961
수원시,2017   ,2017-04-16 09시,주간,일요일,차대차,측면충돌,안전운전 의무 불이행,단일로,기타단일로,승용차,승용차,자전거,자전거,1,0,1,0,0,37.28648482,126.98314255
안양시,2017   ,2017-04-16 00시,야간,일요일,차대차,기타,안전운전 의무 불이행,교차로,교차로부근,승용차,승용차,원동기장치자전거,원동기장치자전거,1,1,2,0,0,37.39715464,126.97659901
화성시,2017   ,2017-04-16 00시,야간,일요일,차대사람,길가장자리구역통행중,안전운전 의무 불이행,단일로,기타단일로,화물차,화물차,보행자,보행자,3,1,4,0,0,37.21148642,126.73318844
이천시,2017   ,2017-04-16 00시,야간,일요일,차량단독,공작물충돌,안전운전 의무 불이행,단일로,기타단일로,승용차,승용차,없음,없음,1,0,1,0,0,37.20068401,127.46017655
포천시,2017   ,2017-04-14 17시,주간,금요일,차량단독,전도,과속,단일로,기타단일로,승용차,승용차,없음,없음,1,3,4,0,0,37.89212997,127.30297027
평택시,2017   ,2017-04-14 08시,주간,금요일,차대차,정면충돌,교차로 통행방법 위반,교차로,교차로내,이륜차,이륜차,승합차,승합차,1,0,2,0,1,36.98075898,126.91641983
평택시,2017   ,2017-04-14 04시,야간,금요일,차량단독,전도,안전운전 의무 불이행,교차로,교차로부근,화물차,화물차,없음,없음,1,0,1,0,0,37.01068684,127.04412956
파주시,2017   ,2017-04-13 15시,주간,목요일,차대차,추돌,안전운전 의무 불이행,단일로,기타단일로,승용차,승용차,자전거,자전거,1,0,1,0,0,37.76021945,126.76166265
포천시,2017   ,2017-04-13 06시,주간,목요일,차대차,측면충돌,안전거리 미확보,단일로,기타단일로,승용차,승용차,화물차,화물차,1,1,2,0,0,37.97035201,127.24989961
시흥시,2017   ,2017-04-13 05시,야간,목요일,차대차,정면충돌,직진 및 우회전차의 통행방해,교차로,교차로내,화물차,화물차,화물차,화물차,1,1,2,0,0,37.32670361,126.74341916
광주시,2017   ,2017-04-13 05시,야간,목요일,차대사람,기타,안전운전 의무 불이행,단일로,기타단일로,건설기계,건설기계,보행자,보행자,1,0,1,0,0,37.348892,127.18412972
용인시,2017   ,2017-04-12 23시,야간,수요일,차량단독,공작물충돌,안전운전 의무 불이행,교차로,교차로부근,승용차,승용차,없음,없음,1,0,1,0,0,37.27952077,127.15193243
김포시,2017   ,2017-04-12 20시,야간,수요일,차대사람,횡단중,안전운전 의무 불이행,교차로,교차로부근,화물차,화물차,보행자,보행자,1,0,1,0,0,37.61674276,126.72575977
파주시,2017   ,2017-04-12 15시,주간,수요일,차량단독,공작물충돌,안전운전 의무 불이행,단일로,기타단일로,승용차,승용차,없음,없음,1,1,2,0,0,37.75840921,126.79576084
안양시,2017   ,2017-04-12 00시,야간,수요일,차대차,정면충돌,안전운전 의무 불이행,단일로,기타단일로,승용차,승용차,승용차,승용차,2,0,2,0,0,37.37958575,126.95794279
평택시,2017   ,2017-04-11 09시,주간,화요일,차대차,측면충돌,차로위반(진로변경 위반),단일로,기타단일로,이륜차,이륜차,승용차,승용차,1,0,1,0,0,36.98257633,126.9286647
수원시,2017   ,2017-04-10 22시,야간,월요일,차대차,정면충돌,신호위반,교차로,교차로내,승합차,승합차,원동기장치자전거,원동기장치자전거,1,1,4,0,2,37.29192553,127.02891309
의정부시,2017   ,2017-04-10 15시,주간,월요일,차대사람,횡단중,안전운전 의무 불이행,교차로,교차로부근,건설기계,건설기계,보행자,보행자,1,0,1,0,0,37.75137543,127.04176914
파주시,2017   ,2017-04-08 05시,야간,토요일,차량단독,공작물충돌,안전운전 의무 불이행,단일로,기타단일로,이륜차,이륜차,없음,없음,1,0,1,0,0,37.72640184,126.71419115
포천시,2017   ,2017-04-08 01시,야간,토요일,차량단독,전도,안전운전 의무 불이행,단일로,기타단일로,승용차,승용차,없음,없음,1,1,2,0,0,37.9218678,127.3108099
성남시,2017   ,2017-04-07 20시,야간,금요일,차대사람,횡단중,안전운전 의무 불이행,단일로,기타단일로,승용차,승용차,보행자,보행자,1,0,1,0,0,37.44264319,127.15468272
광명시,2017   ,2017-04-07 19시,야간,금요일,차대차,측면충돌,안전거리 미확보,단일로,터널안,이륜차,이륜차,화물차,화물차,1,0,1,0,0,37.43884133,126.89505473
안산시,2017   ,2017-04-07 11시,주간,금요일,차대차,정면충돌,신호위반,교차로,교차로내,자전거,자전거,승용차,승용차,1,0,1,0,0,37.32833228,126.83765316
연천군,2017   ,2017-04-06 13시,주간,목요일,차량단독,전도전복,안전운전 의무 불이행,단일로,기타단일로,승용차,승용차,없음,없음,1,0,1,0,0,38.01385571,127.0069666
평택시,2017   ,2017-04-06 03시,야간,목요일,차대차,기타,안전운전 의무 불이행,단일로,기타단일로,화물차,화물차,승용차,승용차,1,0,1,0,0,37.05737055,126.88941379
고양시,2017   ,2017-04-05 15시,주간,수요일,차량단독,전도전복,안전운전 의무 불이행,단일로,기타단일로,승용차,승용차,없음,없음,1,0,1,0,0,37.68711971,126.88004619
고양시,2017   ,2017-04-04 12시,주간,화요일,차대사람,횡단중,안전운전 의무 불이행,단일로,기타단일로,화물차,화물차,보행자,보행자,1,0,2,0,1,37.66392334,126.70889782
시흥시,2017   ,2017-04-04 08시,주간,화요일,차량단독,공작물충돌,안전운전 의무 불이행,단일로,기타단일로,승용차,승용차,없음,없음,1,0,1,0,0,37.39919836,126.8639647
시흥시,2017   ,2017-04-04 08시,주간,화요일,차대사람,기타,과속,단일로,기타단일로,화물차,화물차,보행자,보행자,1,0,1,0,0,37.34292461,126.75419609
평택시,2017   ,2017-04-03 05시,야간,월요일,차대차,추돌,안전운전 의무 불이행,단일로,기타단일로,승용차,승용차,화물차,화물차,1,0,2,1,0,36.99536461,126.98099503
수원시,2017   ,2017-04-03 02시,야간,월요일,차대사람,기타,안전운전 의무 불이행,단일로,기타단일로,승용차,승용차,보행자,보행자,1,0,1,0,0,37.31546456,126.99782997
화성시,2017   ,2017-04-02 21시,야간,일요일,차대차,기타,안전운전 의무 불이행,교차로,교차로내,승용차,승용차,화물차,화물차,1,0,1,0,0,37.21222291,126.73836524
성남시,2017   ,2017-04-01 21시,야간,토요일,차대차,측면충돌,신호위반,교차로,교차로내,승용차,승용차,이륜차,이륜차,1,0,1,0,0,37.37545351,127.1304589