시군명,발생년도,발생일자,주야구분명,사고요일,사고유형_대분류,사고유형,법규위반내용,도로형태_대분류,도로형태,당사자1_대분류,당사자1_차종,당사자2_대분류,당사자2_차종,사망자수,중상자수,부상자수,부상신고자수,경상자수,WGS84위도,WGS84경도
의정부시,2016   ,2016-11-17 06시,주간,목요일,차대사람,횡단중,신호위반,교차로,교차로내,승용차,대형,보행자,보행자,1,0,1,0,0,37.7421954,127.02245102
시흥시,2016   ,2016-11-17 01시,야간,목요일,차대차,측면충돌,신호위반,교차로,교차로내,이륜차,중형,승용차,경형,2,0,2,0,0,37.34326165,126.74198862
평택시,2016   ,2016-11-15 19시,야간,화요일,차대사람,횡단중,안전운전 의무 불이행,단일로,기타단일로,승용차,중형,보행자,보행자,1,0,1,0,0,36.94483314,126.8749607
양주시,2016   ,2016-11-15 09시,주간,화요일,차대사람,횡단중,안전운전 의무 불이행,교차로,교차로내,승합차,소형,보행자,보행자,1,0,1,0,0,37.85053722,127.04158804
가평군,2016   ,2016-11-14 05시,야간,월요일,차대차,기타,안전운전 의무 불이행,단일로,기타단일로,화물차,대형,승용차,대형,1,0,2,0,1,37.73941349,127.42051719
화성시,2016   ,2016-11-13 03시,야간,일요일,차량단독,공작물충돌,안전운전 의무 불이행,교차로,교차로내,원동기장치자전거,원동기장치자전거,없음,없음,1,0,1,0,0,37.22141763,127.06013258
부천시,2016   ,2016-11-13 02시,야간,일요일,차대차,측면충돌,신호위반,교차로,교차로내,이륜차,소형,승용차,경형,1,0,1,0,0,37.52104755,126.76229457
용인시,2016   ,2016-11-12 22시,야간,토요일,차대사람,횡단중,안전운전 의무 불이행,단일로,기타단일로,승용차,중형,보행자,보행자,1,0,1,0,0,37.27153959,127.10748421
광주시,2016   ,2016-11-12 16시,주간,토요일,차대차,측면충돌,중앙선 침범,단일로,기타단일로,이륜차,사발이,승용차,대형,1,0,1,0,0,37.47058771,127.30556355
파주시,2016   ,2016-11-12 06시,주간,토요일,차량단독,기타,안전운전 의무 불이행,단일로,기타단일로,이륜차,소형,없음,없음,1,0,1,0,0,37.70909091,126.72558277
평택시,2016   ,2016-11-11 20시,야간,금요일,차대차,기타,안전운전 의무 불이행,단일로,기타단일로,원동기장치자전거,원동기장치자전거,승용차,중형,1,0,1,0,0,37.01480098,126.98965337
용인시,2016   ,2016-11-11 18시,야간,금요일,차대차,진행중 추돌,안전운전 의무 불이행,단일로,기타단일로,승용차,중형,건설기계,건설기계,1,0,2,0,1,37.32843903,127.13978713
수원시,2016   ,2016-11-10 04시,야간,목요일,차대사람,횡단중,안전운전 의무 불이행,교차로,교차로내,승용차,대형,보행자,보행자,1,0,1,0,0,37.29177172,127.02899528
포천시,2016   ,2016-11-09 19시,야간,수요일,차대사람,기타,안전운전 의무 불이행,단일로,기타단일로,승용차,중형,보행자,보행자,1,0,1,0,0,37.82573783,127.14467855
연천군,2016   ,2016-11-08 14시,주간,화요일,차대차,진행중 추돌,안전운전 의무 불이행,단일로,기타단일로,승용차,소형,승용차,소형,1,0,1,0,0,38.13336633,127.11897913
평택시,2016   ,2016-11-08 05시,야간,화요일,차대사람,기타,안전운전 의무 불이행,단일로,기타단일로,승용차,소형,보행자,보행자,1,0,1,0,0,37.12871483,127.01131512
양평군,2016   ,2016-11-07 22시,야간,월요일,차대사람,기타,안전운전 의무 불이행,단일로,기타단일로,승용차,중형,보행자,보행자,1,0,1,0,0,37.49312141,127.59003578
고양시,2016   ,2016-11-07 19시,야간,월요일,차대사람,횡단중,안전운전 의무 불이행,교차로,교차로내,승합차,소형,보행자,보행자,1,0,1,0,0,37.6957268,126.73422898
포천시,2016   ,2016-11-07 18시,야간,월요일,차대차,진행중 추돌,안전운전 의무 불이행,단일로,기타단일로,승용차,경형,이륜차,소형,1,0,1,0,0,37.82072558,127.138442
광주시,2016   ,2016-11-06 23시,야간,일요일,차대차,기타,안전운전 의무 불이행,단일로,기타단일로,승용차,중형,승용차,중형,1,3,8,0,4,37.40956404,127.30519028
용인시,2016   ,2016-11-05 23시,야간,토요일,차대차,정면충돌,신호위반,교차로,교차로내,승용차,중형,이륜차,소형,1,0,1,0,0,37.26247633,127.21277575
파주시,2016   ,2016-11-05 20시,야간,토요일,차대사람,차도통행중,안전운전 의무 불이행,단일로,기타단일로,화물차,소형,보행자,보행자,1,0,1,0,0,37.84828648,126.87892657
남양주시,2016   ,2016-11-05 12시,주간,토요일,차대사람,횡단중,안전운전 의무 불이행,교차로,교차로부근,승합차,대형,보행자,보행자,1,0,1,0,0,37.58549188,127.21224145
가평군,2016   ,2016-11-05 09시,주간,토요일,차대차,정면충돌,중앙선 침범,단일로,기타단일로,이륜차,중형,승용차,중형,1,0,2,0,1,37.62814278,127.49278095
남양주시,2016   ,2016-11-04 23시,야간,금요일,차대사람,횡단중,신호위반,단일로,기타단일로,승용차,중형,보행자,보행자,1,0,1,0,0,37.73284445,127.19495539
안성시,2016   ,2016-11-04 20시,야간,금요일,차대사람,기타,안전운전 의무 불이행,단일로,기타단일로,승용차,소형,보행자,보행자,1,0,1,0,0,37.07390204,127.39249622
시흥시,2016   ,2016-11-04 15시,주간,금요일,차대사람,횡단중,보행자 보호의무 위반,교차로,교차로내,승용차,중형,보행자,보행자,1,0,1,0,0,37.3650301,126.81598698
포천시,2016   ,2016-11-04 13시,주간,금요일,차대차,정면충돌,중앙선 침범,단일로,기타단일로,화물차,소형,건설기계,건설기계,1,1,2,0,0,38.13486099,127.22115463
광주시,2016   ,2016-11-04 11시,주간,금요일,차대차,진행중 추돌,안전운전 의무 불이행,교차로,교차로부근,화물차,소형,화물차,소형,1,0,4,0,3,37.36629875,127.24422771
고양시,2016   ,2016-11-04 06시,주간,금요일,차대사람,횡단중,과속,교차로,교차로내,승용차,중형,보행자,보행자,1,0,1,0,0,37.64693067,126.78618207
평택시,2016   ,2016-11-04 05시,야간,금요일,차대사람,횡단중,안전운전 의무 불이행,교차로,교차로내,승용차,경형,보행자,보행자,1,0,1,0,0,37.06052642,127.07057882
광주시,2016   ,2016-11-03 12시,주간,목요일,차대차,진행중 추돌,안전운전 의무 불이행,단일로,기타단일로,승용차,대형,화물차,중형,1,0,1,0,0,37.35473833,127.22218053
오산시,2016   ,2016-11-03 06시,주간,목요일,차대차,진행중 추돌,안전운전 의무 불이행,단일로,기타단일로,승용차,대형,건설기계,건설기계,1,0,1,0,0,37.13423788,127.05409644
이천시,2016   ,2016-11-03 05시,야간,목요일,차대차,기타,신호위반,교차로,교차로부근,자전거,자전거,승합차,중형,1,0,1,0,0,37.27938604,127.35600594
이천시,2016   ,2016-11-02 22시,야간,수요일,차대사람,기타,안전운전 의무 불이행,단일로,기타단일로,승합차,대형,보행자,보행자,1,1,2,0,0,37.12428247,127.61738011
화성시,2016   ,2016-11-02 07시,주간,수요일,차대사람,기타,안전운전 의무 불이행,단일로,기타단일로,화물차,중형,보행자,보행자,1,0,1,0,0,37.26112398,126.88764877
부천시,2016   ,2016-11-01 15시,주간,화요일,차대사람,횡단중,기타(운전자법규위반),단일로,기타단일로,승합차,경형,보행자,보행자,1,0,1,0,0,37.48863792,126.77732973
안산시,2016   ,2016-11-01 06시,주간,화요일,차대사람,횡단중,신호위반,교차로,교차로부근,승합차,중형,보행자,보행자,1,0,1,0,0,37.31768391,126.82593028
화성시,2016   ,2016-10-31 21시,야간,월요일,차대사람,횡단중,안전운전 의무 불이행,단일로,기타단일로,승합차,중형,보행자,보행자,1,0,1,0,0,37.1594905,126.92898031
양평군,2016   ,2016-10-31 08시,주간,월요일,차대차,기타,안전운전 의무 불이행,단일로,기타단일로,승용차,소형,자전거,자전거,1,0,1,0,0,37.50476068,127.61779218
평택시,2016   ,2016-10-31 06시,주간,월요일,차대차,진행중 추돌,안전운전 의무 불이행,단일로,기타단일로,화물차,소형,자전거,자전거,1,0,1,0,0,37.03640766,127.08420778
평택시,2016   ,2016-10-30 22시,야간,일요일,차대차,기타,안전운전 의무 불이행,단일로,기타단일로,화물차,소형,승용차,중형,1,0,5,4,0,36.98428156,126.87016601
안양시,2016   ,2016-10-30 21시,야간,일요일,차량단독,도로이탈 기타,안전운전 의무 불이행,단일로,기타단일로,이륜차,대형,없음,없음,1,0,1,0,0,37.42759452,126.91519573
화성시,2016   ,2016-10-30 12시,주간,일요일,차대차,진행중 추돌,안전운전 의무 불이행,단일로,기타단일로,승용차,중형,승용차,중형,1,0,2,0,1,37.20024216,126.94014476
화성시,2016   ,2016-10-30 03시,야간,일요일,차대차,기타,안전운전 의무 불이행,단일로,기타단일로,승용차,중형,건설기계,건설기계,1,0,1,0,0,37.2050786,126.80340322
화성시,2016   ,2016-10-29 16시,주간,토요일,차대차,기타,안전운전 의무 불이행,단일로,기타단일로,승용차,중형,이륜차,소형,1,1,2,0,0,37.24045739,126.67168695
수원시,2016   ,2016-10-29 03시,야간,토요일,차대사람,횡단중,안전운전 의무 불이행,단일로,횡단보도상,승용차,중형,보행자,보행자,1,0,1,0,0,37.25612597,127.02175882
안성시,2016   ,2016-10-28 05시,야간,금요일,차대차,기타,중앙선 침범,단일로,기타단일로,승용차,소형,승용차,중형,1,1,2,0,0,37.00171746,127.23780026
광주시,2016   ,2016-10-27 21시,야간,목요일,차대사람,횡단중,안전운전 의무 불이행,교차로,교차로내,화물차,소형,보행자,보행자,1,0,1,0,0,37.40527452,127.2128304
안양시,2016   ,2016-10-27 09시,주간,목요일,차대사람,횡단중,안전운전 의무 불이행,단일로,기타단일로,승합차,소형,보행자,보행자,1,0,1,0,0,37.4078168,126.9112139
평택시,2016   ,2016-10-27 06시,주간,목요일,차대사람,기타,안전운전 의무 불이행,단일로,기타단일로,건설기계,건설기계,보행자,보행자,1,0,1,0,0,36.95964924,126.85575501
김포시,2016   ,2016-10-27 03시,야간,목요일,차량단독,전도전복,안전거리 미확보,단일로,기타단일로,이륜차,소형,없음,없음,1,0,1,0,0,37.61826486,126.62014967
고양시,2016   ,2016-10-26 10시,주간,수요일,차량단독,공작물충돌,안전운전 의무 불이행,교차로,교차로부근,이륜차,소형,없음,없음,1,0,1,0,0,37.6105246,126.87151657
양평군,2016   ,2016-10-25 18시,야간,화요일,차대사람,기타,안전운전 의무 불이행,단일로,기타단일로,승용차,중형,보행자,보행자,1,0,1,0,0,37.43303763,127.53628392
광주시,2016   ,2016-10-25 15시,주간,화요일,차대사람,기타,안전운전 의무 불이행,단일로,기타단일로,승용차,대형,보행자,보행자,1,0,1,0,0,37.40820008,127.25955454
여주시,2016   ,2016-10-25 14시,주간,화요일,차대차,정면충돌,안전운전 의무 불이행,교차로,교차로내,승용차,소형,승용차,소형,2,0,3,0,1,37.23409206,127.57367318
김포시,2016   ,2016-10-25 03시,야간,화요일,차량단독,기타,안전운전 의무 불이행,단일로,기타단일로,화물차,중형,없음,없음,1,0,1,0,0,37.61389517,126.71629438
수원시,2016   ,2016-10-25 01시,야간,화요일,차대사람,차도통행중,안전운전 의무 불이행,단일로,기타단일로,승용차,중형,보행자,보행자,1,0,1,0,0,37.29073065,127.02181064
시흥시,2016   ,2016-10-24 18시,야간,월요일,차대사람,횡단중,신호위반,교차로,교차로내,화물차,소형,보행자,보행자,1,0,1,0,0,37.45391995,126.83287269
용인시,2016   ,2016-10-24 18시,야간,월요일,차대차,진행중 추돌,안전운전 의무 불이행,단일로,기타단일로,화물차,중형,화물차,중형,1,0,1,0,0,37.24615733,127.26418586
파주시,2016   ,2016-10-24 16시,주간,월요일,차대차,정면충돌,중앙선 침범,단일로,기타단일로,원동기장치자전거,원동기장치자전거,화물차,중형,1,0,2,0,1,37.86727559,126.81997695
용인시,2016   ,2016-10-24 12시,주간,월요일,차대차,측면충돌,안전운전 의무 불이행,단일로,기타단일로,승합차,소형,승합차,소형,1,1,14,0,12,37.26595704,127.10390413
의정부시,2016   ,2016-10-23 20시,야간,일요일,차대사람,기타,안전운전 의무 불이행,단일로,횡단보도부근,승합차,대형,보행자,보행자,1,0,1,0,0,37.75452986,127.04404279
여주시,2016   ,2016-10-23 20시,야간,일요일,차대사람,차도통행중,안전운전 의무 불이행,단일로,기타단일로,화물차,소형,보행자,보행자,1,0,1,0,0,37.20772314,127.54240791
시흥시,2016   ,2016-10-22 23시,야간,토요일,차량단독,전도전복,안전운전 의무 불이행,단일로,기타단일로,원동기장치자전거,원동기장치자전거,없음,없음,1,0,1,0,0,37.35331945,126.73755168
광명시,2016   ,2016-10-22 16시,주간,토요일,차대차,측면충돌,신호위반,교차로,교차로내,승용차,중형,원동기장치자전거,원동기장치자전거,1,0,2,0,1,37.45062095,126.88956697
고양시,2016   ,2016-10-22 16시,주간,토요일,차대사람,차도통행중,안전운전 의무 불이행,교차로,교차로내,건설기계,건설기계,보행자,보행자,1,0,1,0,0,37.71234316,126.82979105
양주시,2016   ,2016-10-22 03시,야간,토요일,차량단독,전도전복,안전운전 의무 불이행,단일로,기타단일로,이륜차,소형,없음,없음,1,0,1,0,0,37.77964394,127.05673208
화성시,2016   ,2016-10-21 23시,야간,금요일,차대사람,횡단중,안전운전 의무 불이행,교차로,교차로부근,승용차,소형,보행자,보행자,1,0,1,0,0,37.16137777,126.97248512
포천시,2016   ,2016-10-21 15시,주간,금요일,차량단독,전도전복,안전운전 의무 불이행,단일로,기타단일로,이륜차,사발이,없음,없음,1,0,1,0,0,37.91748388,127.27308325
안성시,2016   ,2016-10-20 17시,주간,목요일,차대차,진행중 추돌,안전운전 의무 불이행,단일로,기타단일로,승용차,중형,화물차,소형,2,3,5,0,0,37.05147137,127.20121294
안양시,2016   ,2016-10-19 17시,주간,수요일,차대사람,기타,기타(운전자법규위반),단일로,기타단일로,승용차,대형,보행자,보행자,1,1,5,0,3,37.38824131,126.93007406
안산시,2016   ,2016-10-19 15시,주간,수요일,차대차,진행중 추돌,안전운전 의무 불이행,단일로,기타단일로,화물차,대형,화물차,대형,1,0,3,0,2,37.30629358,126.89664858
고양시,2016   ,2016-10-19 00시,야간,수요일,차대차,측면충돌,신호위반,교차로,교차로내,승용차,중형,이륜차,소형,1,0,1,0,0,37.58039824,126.87592635
구리시,2016   ,2016-10-18 19시,야간,화요일,차대차,측면충돌,안전운전 의무 불이행,교차로,교차로내,승합차,대형,원동기장치자전거,원동기장치자전거,1,0,1,0,0,37.59131289,127.14536562
남양주시,2016   ,2016-10-15 21시,야간,토요일,차대차,기타,신호위반,교차로,교차로내,화물차,중형,화물차,중형,1,0,1,0,0,37.70431589,127.16773228
김포시,2016   ,2016-10-14 18시,야간,금요일,차대차,기타,안전운전 의무 불이행,단일로,기타단일로,승용차,소형,원동기장치자전거,원동기장치자전거,1,0,4,0,3,37.58839693,126.79044527
파주시,2016   ,2016-10-14 11시,주간,금요일,차대차,정면충돌,중앙선 침범,단일로,기타단일로,승용차,중형,화물차,경형,1,2,4,0,1,37.80672811,126.8981664
평택시,2016   ,2016-10-13 17시,주간,목요일,차대차,진행중 추돌,안전운전 의무 불이행,단일로,기타단일로,승용차,중형,승용차,경형,1,0,1,0,0,37.07534473,127.06532027
이천시,2016   ,2016-10-13 08시,주간,목요일,차대차,기타,신호위반,교차로,교차로내,승용차,중형,화물차,대형,2,0,4,0,2,37.26525213,127.39974742
고양시,2016   ,2016-10-12 19시,야간,수요일,차대사람,기타,안전운전 의무 불이행,교차로,교차로부근,건설기계,건설기계,보행자,보행자,1,0,1,0,0,37.64328163,126.87200013
오산시,2016   ,2016-10-12 10시,주간,수요일,차대차,측면충돌,안전운전 의무 불이행,교차로,교차로부근,자전거,자전거,승용차,경형,1,0,1,0,0,37.15056707,127.06014915
안양시,2016   ,2016-10-12 03시,야간,수요일,차대사람,횡단중,안전운전 의무 불이행,교차로,교차로부근,화물차,소형,보행자,보행자,1,0,1,0,0,37.42531096,126.90553891
평택시,2016   ,2016-10-11 05시,야간,화요일,차대사람,횡단중,안전운전 의무 불이행,단일로,기타단일로,승합차,중형,보행자,보행자,1,0,1,0,0,36.9779917,126.93508079
화성시,2016   ,2016-10-10 19시,야간,월요일,차대사람,횡단중,안전운전 의무 불이행,단일로,기타단일로,승용차,중형,보행자,보행자,1,0,1,0,0,37.20358489,127.03803616
수원시,2016   ,2016-10-10 08시,주간,월요일,차대사람,횡단중,보행자 보호의무 위반,교차로,교차로내,화물차,소형,보행자,보행자,1,0,1,0,0,37.28318062,127.01825983
여주시,2016   ,2016-10-10 06시,주간,월요일,차대차,측면충돌,안전운전 의무 불이행,단일로,기타단일로,승용차,중형,농기계,농기계,1,0,1,0,0,37.33428979,127.62855442
포천시,2016   ,2016-10-09 23시,야간,일요일,차대사람,횡단중,안전운전 의무 불이행,단일로,기타단일로,승용차,경형,보행자,보행자,1,0,1,0,0,37.85444321,127.28573531
수원시,2016   ,2016-10-09 18시,야간,일요일,차대사람,횡단중,안전운전 의무 불이행,교차로,교차로내,이륜차,소형,보행자,보행자,1,0,1,0,0,37.27509147,126.98113373
양평군,2016   ,2016-10-08 06시,주간,토요일,차대차,기타,안전운전 의무 불이행,단일로,기타단일로,승용차,대형,승용차,중형,1,3,5,0,1,37.51148518,127.44384256
평택시,2016   ,2016-10-08 04시,야간,토요일,차대사람,횡단중,안전운전 의무 불이행,단일로,교량위,화물차,소형,보행자,보행자,1,0,1,0,0,36.98666929,127.08759127
하남시,2016   ,2016-10-07 22시,야간,금요일,차대사람,횡단중,안전운전 의무 불이행,단일로,기타단일로,승용차,중형,보행자,보행자,1,0,1,0,0,37.56685099,127.18707298
하남시,2016   ,2016-10-07 13시,주간,금요일,차대차,기타,중앙선 침범,교차로,교차로부근,화물차,소형,원동기장치자전거,원동기장치자전거,1,0,1,0,0,37.51214401,127.2254906
광명시,2016   ,2016-10-07 13시,주간,금요일,차대차,측면충돌,중앙선 침범,단일로,기타단일로,화물차,소형,이륜차,소형,1,0,1,0,0,37.40173055,126.87568246
평택시,2016   ,2016-10-07 08시,주간,금요일,차대차,측면충돌,중앙선 침범,단일로,기타단일로,원동기장치자전거,원동기장치자전거,승용차,경형,1,0,1,0,0,37.09497458,127.0897395
평택시,2016   ,2016-10-07 05시,야간,금요일,차대사람,기타,안전운전 의무 불이행,교차로,교차로내,승용차,경형,보행자,보행자,2,0,3,0,1,36.94541523,127.05163913
시흥시,2016   ,2016-10-06 21시,야간,목요일,차대사람,횡단중,안전운전 의무 불이행,단일로,횡단보도상,승용차,소형,보행자,보행자,1,0,1,0,0,37.34651092,126.77430228
안양시,2016   ,2016-10-06 01시,야간,목요일,차대차,진행중 추돌,안전운전 의무 불이행,단일로,기타단일로,화물차,대형,화물차,대형,1,0,2,1,0,37.3772332,126.93786951
남양주시,2016   ,2016-10-05 23시,야간,수요일,차량단독,전도전복,안전운전 의무 불이행,단일로,기타단일로,승용차,소형,없음,없음,1,0,1,0,0,37.62470323,127.23255654
용인시,2016   ,2016-10-05 10시,주간,수요일,차대사람,보도통행중,기타(운전자법규위반),단일로,기타단일로,화물차,소형,보행자,보행자,2,3,7,0,2,37.23541244,127.19328461
성남시,2016   ,2016-10-05 03시,야간,수요일,차대차,기타,안전운전 의무 불이행,단일로,기타단일로,화물차,대형,승용차,중형,1,1,5,0,3,37.42733006,127.12546833
부천시,2016   ,2016-10-04 19시,야간,화요일,차대차,정면충돌,신호위반,교차로,교차로내,승용차,중형,이륜차,대형,1,0,1,0,0,37.50439979,126.79176146
용인시,2016   ,2016-10-04 01시,야간,화요일,차대차,측면충돌,신호위반,교차로,교차로내,이륜차,소형,승합차,중형,1,1,3,0,1,37.32542508,127.12140339
고양시,2016   ,2016-10-03 09시,주간,월요일,차대사람,횡단중,안전운전 의무 불이행,교차로,교차로부근,승용차,경형,보행자,보행자,1,0,1,0,0,37.69313267,126.74708404
김포시,2016   ,2016-10-02 03시,야간,일요일,차대차,측면충돌,신호위반,교차로,교차로내,이륜차,소형,승용차,소형,1,2,3,0,0,37.59549445,126.72213878
부천시,2016   ,2016-10-01 14시,주간,토요일,차대사람,길가장자리구역통행중,안전운전 의무 불이행,단일로,고가도로위,건설기계,건설기계,보행자,보행자,1,0,1,0,0,37.48424155,126.77621837
용인시,2016   ,2016-09-30 16시,주간,금요일,차대사람,횡단중,보행자 보호의무 위반,교차로,교차로부근,승합차,경형,보행자,보행자,1,0,1,0,0,37.27141604,127.1055674
안성시,2016   ,2016-09-30 10시,주간,금요일,차대사람,차도통행중,안전운전 의무 불이행,교차로,교차로내,승용차,소형,보행자,보행자,1,0,1,0,0,37.00467501,127.26854174
부천시,2016   ,2016-09-30 09시,주간,금요일,차대차,측면충돌,중앙선 침범,단일로,기타단일로,자전거,자전거,승합차,대형,1,0,1,0,0,37.49124989,126.7755399
광주시,2016   ,2016-09-30 04시,야간,금요일,차량단독,전도전복,안전운전 의무 불이행,교차로,교차로내,원동기장치자전거,원동기장치자전거,없음,없음,1,0,1,0,0,37.38961376,127.28788994
양주시,2016   ,2016-09-29 19시,야간,목요일,차대차,측면충돌,중앙선 침범,단일로,기타단일로,승용차,소형,승용차,중형,1,1,3,0,1,37.82705701,126.98052015
용인시,2016   ,2016-09-29 18시,야간,목요일,차대사람,차도통행중,안전운전 의무 불이행,단일로,기타단일로,승합차,대형,보행자,보행자,1,0,1,0,0,37.27336763,127.10423753
부천시,2016   ,2016-09-29 15시,주간,목요일,차대차,정면충돌,안전운전 의무 불이행,교차로,교차로내,승용차,중형,이륜차,중형,2,0,2,0,0,37.47789439,126.81215469
수원시,2016   ,2016-09-29 11시,주간,목요일,차대사람,횡단중,보행자 보호의무 위반,교차로,교차로내,승합차,대형,보행자,보행자,1,0,1,0,0,37.2643022,127.0447707
고양시,2016   ,2016-09-29 06시,주간,목요일,차량단독,전도전복,안전운전 의무 불이행,단일로,기타단일로,이륜차,소형,없음,없음,1,1,2,0,0,37.64735411,126.85336409
의정부시,2016   ,2016-09-29 04시,야간,목요일,차대사람,횡단중,신호위반,교차로,교차로내,승용차,중형,보행자,보행자,1,0,1,0,0,37.75342639,127.03612596
수원시,2016   ,2016-09-29 01시,야간,목요일,차량단독,공작물충돌,안전운전 의무 불이행,단일로,지하차도(도로)내,이륜차,소형,없음,없음,1,1,2,0,0,37.28392864,126.96932735
파주시,2016   ,2016-09-28 15시,주간,수요일,차량단독,공작물충돌,안전운전 의무 불이행,단일로,기타단일로,원동기장치자전거,원동기장치자전거,없음,없음,1,0,1,0,0,37.87793028,126.79267996
수원시,2016   ,2016-09-28 06시,주간,수요일,차대사람,횡단중,안전운전 의무 불이행,단일로,횡단보도상,승용차,소형,보행자,보행자,1,0,1,0,0,37.2969433,126.99835931
화성시,2016   ,2016-09-26 06시,주간,월요일,차량단독,공작물충돌,안전운전 의무 불이행,단일로,기타단일로,승용차,소형,없음,없음,1,0,1,0,0,37.14168176,127.06329705
안산시,2016   ,2016-09-25 23시,야간,일요일,차대사람,차도통행중,안전운전 의무 불이행,단일로,기타단일로,승합차,대형,보행자,보행자,1,0,1,0,0,37.32963822,126.79232167
여주시,2016   ,2016-09-25 16시,주간,일요일,차량단독,전도전복,안전운전 의무 불이행,단일로,기타단일로,이륜차,소형,없음,없음,1,0,1,0,0,37.28923914,127.6575172
가평군,2016   ,2016-09-25 14시,주간,일요일,차대사람,기타,안전운전 의무 불이행,교차로,교차로부근,승용차,중형,보행자,보행자,1,0,1,0,0,37.79668781,127.36549171
성남시,2016   ,2016-09-25 04시,야간,일요일,차대사람,횡단중,신호위반,단일로,횡단보도상,승합차,중형,보행자,보행자,1,0,1,0,0,37.43645167,127.12823754
김포시,2016   ,2016-09-23 21시,야간,금요일,차대차,측면충돌,안전운전 의무 불이행,단일로,기타단일로,화물차,소형,이륜차,소형,1,0,1,0,0,37.70355447,126.56715289
평택시,2016   ,2016-09-23 14시,주간,금요일,차대차,기타,중앙선 침범,교차로,교차로부근,자전거,자전거,특수차,경형,1,0,1,0,0,37.12382952,127.0005847
부천시,2016   ,2016-09-22 21시,야간,목요일,차대사람,횡단중,안전운전 의무 불이행,교차로,교차로부근,승용차,대형,보행자,보행자,1,0,1,0,0,37.49351493,126.78485065
수원시,2016   ,2016-09-22 09시,주간,목요일,차대사람,기타,안전운전 의무 불이행,단일로,기타단일로,승용차,경형,보행자,보행자,1,0,1,0,0,37.29672003,126.96988288
광주시,2016   ,2016-09-21 00시,야간,수요일,차대차,진행중 추돌,안전운전 의무 불이행,단일로,기타단일로,승용차,소형,화물차,소형,1,3,4,0,0,37.39414167,127.23567128
파주시,2016   ,2016-09-20 19시,야간,화요일,차대사람,횡단중,보행자 보호의무 위반,교차로,교차로부근,승합차,대형,보행자,보행자,1,0,1,0,0,37.82916635,126.84015593
수원시,2016   ,2016-09-20 01시,야간,화요일,차대차,진행중 추돌,안전운전 의무 불이행,단일로,기타단일로,승용차,중형,화물차,대형,1,0,1,0,0,37.2662629,126.96009262
부천시,2016   ,2016-09-19 17시,주간,월요일,차대차,기타,안전운전 의무 불이행,단일로,기타단일로,자전거,자전거,승용차,중형,1,0,1,0,0,37.52162204,126.801942
광주시,2016   ,2016-09-19 12시,주간,월요일,차대차,측면충돌,교차로 통행방법 위반,교차로,교차로내,승합차,중형,이륜차,소형,1,0,1,0,0,37.40405556,127.25604249
고양시,2016   ,2016-09-19 09시,주간,월요일,차대차,기타,안전운전 의무 불이행,교차로,교차로내,건설기계,건설기계,자전거,자전거,1,0,1,0,0,37.67277353,126.7431169
양주시,2016   ,2016-09-19 09시,주간,월요일,차대사람,횡단중,안전운전 의무 불이행,단일로,횡단보도부근,승합차,경형,보행자,보행자,1,0,1,0,0,37.79615391,127.08077009
안산시,2016   ,2016-09-18 00시,야간,일요일,차대사람,횡단중,과속,교차로,교차로내,승용차,중형,보행자,보행자,2,2,4,0,0,37.31066225,126.8149564
평택시,2016   ,2016-09-17 10시,주간,토요일,차대차,측면충돌,신호위반,교차로,교차로내,화물차,소형,승용차,경형,1,0,1,0,0,37.04441093,127.09951416
수원시,2016   ,2016-09-17 09시,주간,토요일,차대차,기타,신호위반,단일로,기타단일로,승합차,중형,자전거,자전거,1,0,1,0,0,37.27653956,127.01658762
과천시,2016   ,2016-09-16 03시,야간,금요일,차대사람,기타,안전운전 의무 불이행,단일로,기타단일로,승용차,경형,보행자,보행자,1,0,1,0,0,37.42975656,127.0014756
고양시,2016   ,2016-09-15 17시,주간,목요일,차량단독,기타,안전운전 의무 불이행,단일로,기타단일로,자전거,자전거,없음,없음,1,0,1,0,0,37.66860275,126.69845051
오산시,2016   ,2016-09-14 21시,야간,수요일,차대사람,횡단중,안전운전 의무 불이행,단일로,횡단보도상,승용차,경형,보행자,보행자,1,0,1,0,0,37.14133086,127.07337656
군포시,2016   ,2016-09-14 01시,야간,수요일,차대사람,횡단중,안전운전 의무 불이행,단일로,기타단일로,승용차,중형,보행자,보행자,1,1,2,0,0,37.35964091,126.93387005
광주시,2016   ,2016-09-12 05시,야간,월요일,차대차,기타,안전운전 의무 불이행,단일로,기타단일로,승용차,중형,승용차,중형,2,2,4,0,0,37.42491162,127.29809797
파주시,2016   ,2016-09-11 16시,주간,일요일,차대차,측면충돌,신호위반,교차로,교차로내,이륜차,소형,승합차,소형,1,0,1,0,0,37.71153432,126.74940519
평택시,2016   ,2016-09-10 13시,주간,토요일,차대차,정면충돌,중앙선 침범,단일로,기타단일로,승용차,경형,승용차,경형,2,0,3,0,1,37.02722865,126.94673497
용인시,2016   ,2016-09-10 10시,주간,토요일,차대차,정면충돌,안전운전 의무 불이행,교차로,교차로부근,화물차,소형,화물차,소형,1,0,2,1,0,37.21642765,127.20705571
용인시,2016   ,2016-09-10 06시,주간,토요일,차대사람,기타,안전운전 의무 불이행,단일로,기타단일로,화물차,중형,보행자,보행자,1,0,1,0,0,37.35269458,127.21937653
수원시,2016   ,2016-09-10 05시,야간,토요일,차대차,측면충돌,안전운전 의무 불이행,교차로,교차로내,자전거,자전거,승용차,중형,1,0,1,0,0,37.25014553,127.01850406