시군명,발생년도,발생일자,주야구분명,사고요일,사고유형_대분류,사고유형,법규위반내용,도로형태_대분류,도로형태,당사자1_대분류,당사자1_차종,당사자2_대분류,당사자2_차종,사망자수,중상자수,부상자수,부상신고자수,경상자수,WGS84위도,WGS84경도
양주시,2016   ,2016-06-20 01시,야간,월요일,차대차,진행중 추돌,안전운전 의무 불이행,단일로,기타단일로,화물차,소형,화물차,중형,1,2,3,0,0,37.70179798,126.95782279
용인시,2016   ,2016-06-19 02시,야간,일요일,차량단독,전도전복,안전운전 의무 불이행,단일로,기타단일로,승합차,소형,없음,없음,1,1,2,0,0,37.27625684,127.14858606
화성시,2016   ,2016-06-18 19시,야간,토요일,차대차,측면충돌,안전거리 미확보,교차로,교차로부근,화물차,대형,원동기장치자전거,원동기장치자전거,1,0,1,0,0,37.20799534,127.0272693
용인시,2016   ,2016-06-18 12시,주간,토요일,차대차,측면충돌,신호위반,교차로,교차로내,승용차,경형,승용차,경형,1,0,5,1,3,37.28294543,127.10573285
의왕시,2016   ,2016-06-16 21시,야간,목요일,차대사람,횡단중,안전운전 의무 불이행,단일로,기타단일로,승합차,대형,보행자,보행자,1,1,2,0,0,37.35385178,126.97035081
시흥시,2016   ,2016-06-16 08시,주간,목요일,차대사람,차도통행중,안전운전 의무 불이행,교차로,교차로부근,화물차,소형,보행자,보행자,1,0,1,0,0,37.44969526,126.78702041
광주시,2016   ,2016-06-15 23시,야간,수요일,차대사람,기타,안전운전 의무 불이행,단일로,기타단일로,승용차,중형,보행자,보행자,1,0,1,0,0,37.43563989,127.22721715
김포시,2016   ,2016-06-15 20시,야간,수요일,차대사람,횡단중,보행자 보호의무 위반,교차로,교차로부근,자전거,자전거,보행자,보행자,1,0,1,0,0,37.6258566,126.70162952
수원시,2016   ,2016-06-15 02시,야간,수요일,차대사람,횡단중,안전운전 의무 불이행,단일로,기타단일로,승용차,중형,보행자,보행자,1,0,1,0,0,37.23780683,127.05817714
화성시,2016   ,2016-06-15 01시,야간,수요일,차대차,진행중 추돌,안전운전 의무 불이행,단일로,기타단일로,승용차,소형,화물차,대형,1,0,2,0,1,37.24562141,126.8827004
평택시,2016   ,2016-06-14 12시,주간,화요일,차대사람,기타,안전운전 의무 불이행,단일로,기타단일로,승합차,소형,보행자,보행자,1,0,1,0,0,37.05326313,127.07369011
여주시,2016   ,2016-06-14 08시,주간,화요일,차대차,정면충돌,안전운전 의무 불이행,단일로,기타단일로,건설기계,건설기계,이륜차,소형,1,0,1,0,0,37.34415749,127.50789176
남양주시,2016   ,2016-06-13 20시,야간,월요일,차대사람,횡단중,안전운전 의무 불이행,교차로,교차로내,승용차,경형,보행자,보행자,1,0,1,0,0,37.64714506,127.24401588
용인시,2016   ,2016-06-13 14시,주간,월요일,차대차,진행중 추돌,안전운전 의무 불이행,단일로,지하차도(도로)내,승합차,중형,승용차,중형,1,0,2,0,1,37.26789655,127.15322659
평택시,2016   ,2016-06-13 03시,야간,월요일,차량단독,공작물충돌,안전운전 의무 불이행,교차로,교차로내,승용차,중형,없음,없음,1,0,1,0,0,36.97861707,127.05450052
평택시,2016   ,2016-06-11 16시,주간,토요일,차대차,측면충돌,교차로 통행방법 위반,교차로,교차로내,특수차,대형,원동기장치자전거,원동기장치자전거,1,0,1,0,0,37.00163484,127.06287428
고양시,2016   ,2016-06-11 11시,주간,토요일,차대사람,기타,안전운전 의무 불이행,단일로,기타단일로,승용차,중형,보행자,보행자,1,3,4,0,0,37.67363974,126.86719717
화성시,2016   ,2016-06-11 10시,주간,토요일,차대차,측면충돌,안전운전 의무 불이행,단일로,기타단일로,승용차,소형,승용차,대형,2,2,4,0,0,37.22581723,126.98642004
용인시,2016   ,2016-06-11 00시,야간,토요일,차대사람,차도통행중,안전운전 의무 불이행,단일로,기타단일로,승용차,중형,보행자,보행자,1,0,1,0,0,37.31870812,127.08336878
안양시,2016   ,2016-06-11 00시,야간,토요일,차대사람,횡단중,안전운전 의무 불이행,교차로,교차로내,승용차,중형,보행자,보행자,1,0,1,0,0,37.38489884,126.95920923
시흥시,2016   ,2016-06-10 16시,주간,금요일,차대차,정면충돌,직진 및 우회전차의 통행방해,교차로,교차로내,화물차,소형,이륜차,소형,1,0,1,0,0,37.41456785,126.80493695
안양시,2016   ,2016-06-10 12시,주간,금요일,차대사람,횡단중,안전운전 의무 불이행,기타/불명,기타/불명,승용차,중형,보행자,보행자,1,0,1,0,0,37.39696327,126.95812835
양주시,2016   ,2016-06-10 11시,주간,금요일,차대차,정면충돌,중앙선 침범,단일로,기타단일로,승용차,경형,화물차,대형,1,0,2,0,1,37.69843511,126.93084989
안성시,2016   ,2016-06-10 09시,주간,금요일,차량단독,전도전복,안전운전 의무 불이행,단일로,기타단일로,승용차,대형,없음,없음,1,0,2,1,0,37.07118723,127.44203147
오산시,2016   ,2016-06-10 05시,야간,금요일,차량단독,전도전복,안전운전 의무 불이행,교차로,교차로내,특수차,대형,없음,없음,1,0,1,0,0,37.18945616,127.05592394
이천시,2016   ,2016-06-09 17시,주간,목요일,차대사람,길가장자리구역통행중,안전운전 의무 불이행,단일로,기타단일로,승용차,중형,보행자,보행자,1,0,1,0,0,37.27860576,127.4477498
여주시,2016   ,2016-06-08 10시,주간,수요일,차대사람,기타,안전운전 의무 불이행,교차로,교차로내,승용차,경형,보행자,보행자,1,0,1,0,0,37.27452947,127.67589493
화성시,2016   ,2016-06-08 08시,주간,수요일,차대사람,기타,안전운전 의무 불이행,단일로,기타단일로,승합차,중형,보행자,보행자,1,1,2,0,0,37.23955825,126.8850498
광명시,2016   ,2016-06-08 05시,야간,수요일,차대차,기타,과속,단일로,지하차도(도로)내,승용차,중형,이륜차,소형,1,0,1,0,0,37.43867851,126.894943
화성시,2016   ,2016-06-07 23시,야간,화요일,차대차,정면충돌,중앙선 침범,단일로,고가도로위,승용차,중형,승용차,중형,1,1,2,0,0,37.24280052,126.888
포천시,2016   ,2016-06-06 21시,야간,월요일,차대사람,횡단중,안전운전 의무 불이행,교차로,교차로내,승용차,중형,보행자,보행자,1,0,1,0,0,37.861499,127.17165484
김포시,2016   ,2016-06-06 15시,주간,월요일,차대차,기타,안전운전 의무 불이행,단일로,기타단일로,이륜차,소형,특수차,중형,1,0,1,0,0,37.6762323,126.66403123
남양주시,2016   ,2016-06-06 05시,야간,월요일,차대사람,기타,안전운전 의무 불이행,교차로,교차로부근,승합차,대형,보행자,보행자,1,0,1,0,0,37.65531768,127.25556288
평택시,2016   ,2016-06-05 04시,야간,일요일,차대사람,기타,안전운전 의무 불이행,교차로,교차로부근,승용차,소형,보행자,보행자,1,0,1,0,0,37.00746381,127.07941988
화성시,2016   ,2016-06-04 21시,야간,토요일,차대차,진행중 추돌,안전운전 의무 불이행,단일로,기타단일로,승용차,중형,원동기장치자전거,원동기장치자전거,1,1,2,0,0,37.09568086,126.81516374
남양주시,2016   ,2016-06-04 08시,주간,토요일,차량단독,공작물충돌,안전운전 의무 불이행,교차로,교차로부근,승용차,경형,없음,없음,1,0,1,0,0,37.64576065,127.11030693
안성시,2016   ,2016-06-03 07시,주간,금요일,차대차,진행중 추돌,안전운전 의무 불이행,교차로,교차로부근,승용차,경형,자전거,자전거,1,0,1,0,0,37.01774387,127.26751285
의정부시,2016   ,2016-06-03 01시,야간,금요일,차대사람,기타,안전운전 의무 불이행,단일로,기타단일로,승용차,중형,보행자,보행자,1,0,1,0,0,37.70338469,127.04768013
고양시,2016   ,2016-06-02 10시,주간,목요일,차량단독,기타,기타(운전자법규위반),단일로,기타단일로,승합차,대형,없음,없음,1,0,1,0,0,37.66440478,126.78426868
파주시,2016   ,2016-06-01 23시,야간,수요일,차대사람,횡단중,보행자 보호의무 위반,단일로,횡단보도상,승용차,대형,보행자,보행자,1,0,1,0,0,37.85481894,126.78189732
양평군,2016   ,2016-06-01 16시,주간,수요일,차대차,정면충돌,직진 및 우회전차의 통행방해,교차로,교차로내,승용차,소형,승용차,중형,1,3,5,0,1,37.57943554,127.45798241
군포시,2016   ,2016-06-01 09시,주간,수요일,차대사람,기타,안전운전 의무 불이행,단일로,기타단일로,화물차,중형,보행자,보행자,1,0,1,0,0,37.33056544,126.94209141
용인시,2016   ,2016-05-31 21시,야간,화요일,차대사람,횡단중,안전운전 의무 불이행,단일로,기타단일로,승용차,경형,보행자,보행자,1,0,1,0,0,37.30936222,127.07617552
성남시,2016   ,2016-05-30 22시,야간,월요일,차대사람,차도통행중,안전운전 의무 불이행,단일로,기타단일로,승용차,중형,보행자,보행자,1,0,1,0,0,37.40191937,127.11952746
시흥시,2016   ,2016-05-30 21시,야간,월요일,차대사람,기타,안전운전 의무 불이행,단일로,기타단일로,화물차,대형,보행자,보행자,1,1,2,0,0,37.39310124,126.83700459
광주시,2016   ,2016-05-30 02시,야간,월요일,차대사람,횡단중,신호위반,교차로,교차로부근,승용차,대형,보행자,보행자,1,0,1,0,0,37.34432559,127.35120794
광주시,2016   ,2016-05-29 23시,야간,일요일,차대차,진행중 추돌,안전운전 의무 불이행,단일로,기타단일로,승용차,중형,화물차,대형,1,0,1,0,0,37.40251098,127.19980216
의정부시,2016   ,2016-05-29 00시,야간,일요일,차대사람,기타,안전운전 의무 불이행,교차로,교차로내,승용차,중형,보행자,보행자,1,0,1,0,0,37.72288874,127.04051494
안성시,2016   ,2016-05-28 14시,주간,토요일,차대사람,기타,안전운전 의무 불이행,단일로,기타단일로,승용차,소형,보행자,보행자,1,0,1,0,0,37.0433813,127.1856249
광주시,2016   ,2016-05-28 13시,주간,토요일,차대사람,기타,안전운전 의무 불이행,단일로,기타단일로,승용차,중형,보행자,보행자,1,0,2,0,1,37.47886158,127.18418291
광주시,2016   ,2016-05-28 10시,주간,토요일,차대차,진행중 추돌,안전운전 의무 불이행,단일로,기타단일로,화물차,중형,건설기계,건설기계,1,0,1,0,0,37.36048657,127.31829228
화성시,2016   ,2016-05-28 00시,야간,토요일,차대차,기타,안전운전 의무 불이행,단일로,기타단일로,승용차,경형,화물차,대형,1,0,1,0,0,37.11694077,126.8206791
부천시,2016   ,2016-05-28 00시,야간,토요일,차대사람,길가장자리구역통행중,안전운전 의무 불이행,단일로,기타단일로,승합차,대형,보행자,보행자,1,0,1,0,0,37.50925449,126.77483413
화성시,2016   ,2016-05-25 03시,야간,수요일,차대차,측면충돌,안전운전 의무 불이행,단일로,기타단일로,화물차,중형,특수차,대형,2,1,10,2,5,37.25731637,126.8851874
시흥시,2016   ,2016-05-24 17시,주간,화요일,차대차,정면충돌,중앙선 침범,단일로,기타단일로,승합차,중형,승용차,중형,2,0,4,0,2,37.4142779,126.80467972
남양주시,2016   ,2016-05-24 10시,주간,화요일,차대차,정면충돌,중앙선 침범,단일로,기타단일로,화물차,소형,승합차,대형,1,0,3,0,2,37.69922226,127.20456516
파주시,2016   ,2016-05-24 07시,주간,화요일,차대차,정면충돌,중앙선 침범,단일로,기타단일로,화물차,중형,승용차,중형,1,3,8,0,4,37.8880106,126.81312206
수원시,2016   ,2016-05-24 02시,야간,화요일,차대사람,횡단중,안전운전 의무 불이행,단일로,기타단일로,승용차,경형,보행자,보행자,1,0,1,0,0,37.24693486,127.01367605
포천시,2016   ,2016-05-23 14시,주간,월요일,차대차,정면충돌,중앙선 침범,단일로,기타단일로,화물차,중형,승용차,중형,1,1,2,0,0,38.02387424,127.25596145
양평군,2016   ,2016-05-23 07시,주간,월요일,차량단독,전도전복,안전운전 의무 불이행,기타/불명,기타/불명,승용차,대형,없음,없음,1,0,1,0,0,37.50495105,127.52899838
용인시,2016   ,2016-05-23 05시,야간,월요일,차대차,진행중 추돌,안전운전 의무 불이행,단일로,기타단일로,승용차,중형,화물차,소형,1,0,3,1,1,37.24160611,127.29885855
평택시,2016   ,2016-05-22 19시,야간,일요일,차대사람,기타,안전운전 의무 불이행,단일로,기타단일로,승용차,중형,보행자,보행자,2,0,2,0,0,37.05926847,127.09215886
안양시,2016   ,2016-05-22 17시,주간,일요일,차대사람,차도통행중,안전운전 의무 불이행,단일로,기타단일로,승합차,중형,보행자,보행자,1,3,5,0,1,37.42364876,126.89768598
평택시,2016   ,2016-05-21 14시,주간,토요일,차량단독,전도전복,안전운전 의무 불이행,단일로,기타단일로,승용차,중형,없음,없음,1,0,1,0,0,37.00399232,126.94534112
고양시,2016   ,2016-05-21 07시,주간,토요일,차량단독,공작물충돌,안전운전 의무 불이행,단일로,기타단일로,원동기장치자전거,원동기장치자전거,없음,없음,1,0,1,0,0,37.63005374,126.8380445
남양주시,2016   ,2016-05-21 02시,야간,토요일,차량단독,전도전복,안전운전 의무 불이행,단일로,기타단일로,이륜차,소형,없음,없음,1,0,1,0,0,37.65026504,127.19180193
광주시,2016   ,2016-05-20 15시,주간,금요일,차대차,진행중 추돌,안전운전 의무 불이행,단일로,기타단일로,승용차,중형,승용차,중형,1,0,4,0,3,37.30076634,127.36287073
광주시,2016   ,2016-05-20 15시,주간,금요일,차대차,진행중 추돌,안전운전 의무 불이행,단일로,기타단일로,화물차,중형,승용차,중형,1,1,4,0,2,37.35862133,127.3187033
연천군,2016   ,2016-05-20 10시,주간,금요일,차대사람,횡단중,안전운전 의무 불이행,단일로,기타단일로,화물차,소형,보행자,보행자,1,0,1,0,0,38.10406165,127.07559491
고양시,2016   ,2016-05-20 07시,주간,금요일,차량단독,공작물충돌,안전운전 의무 불이행,단일로,기타단일로,승용차,중형,없음,없음,1,0,1,0,0,37.63012085,126.77876113
안산시,2016   ,2016-05-20 05시,야간,금요일,차량단독,기타,안전운전 의무 불이행,단일로,기타단일로,승합차,대형,없음,없음,1,0,1,0,0,37.32587856,126.79563923
안산시,2016   ,2016-05-19 21시,야간,목요일,차대차,진행중 추돌,신호위반,교차로,교차로내,승용차,중형,이륜차,소형,1,0,7,0,6,37.33178491,126.85899107
화성시,2016   ,2016-05-19 15시,주간,목요일,차대차,진행중 추돌,안전운전 의무 불이행,단일로,기타단일로,화물차,중형,화물차,소형,1,1,2,0,0,37.22014084,127.02817413
성남시,2016   ,2016-05-18 11시,주간,수요일,차대차,기타,안전운전 의무 불이행,단일로,기타단일로,화물차,대형,화물차,대형,1,0,1,0,0,37.4068617,127.09856468
화성시,2016   ,2016-05-18 10시,주간,수요일,차대사람,차도통행중,안전운전 의무 불이행,단일로,기타단일로,특수차,중형,보행자,보행자,1,0,1,0,0,37.10696857,126.97249131
안산시,2016   ,2016-05-18 01시,야간,수요일,차대사람,횡단중,안전운전 의무 불이행,단일로,기타단일로,승용차,중형,보행자,보행자,1,0,2,0,1,37.32944025,126.83271073
이천시,2016   ,2016-05-17 20시,야간,화요일,차대사람,횡단중,안전운전 의무 불이행,단일로,기타단일로,화물차,경형,보행자,보행자,1,0,1,0,0,37.12076122,127.63140065
안산시,2016   ,2016-05-17 14시,주간,화요일,차대사람,횡단중,안전운전 의무 불이행,단일로,기타단일로,승용차,중형,보행자,보행자,1,0,1,0,0,37.32506815,126.80908056
안양시,2016   ,2016-05-17 11시,주간,화요일,차대차,진행중 추돌,안전운전 의무 불이행,단일로,기타단일로,화물차,소형,이륜차,소형,1,0,1,0,0,37.4032319,126.88179392
안성시,2016   ,2016-05-16 21시,야간,월요일,차대차,측면충돌,안전운전 의무 불이행,교차로,교차로내,자전거,자전거,승용차,경형,1,0,1,0,0,37.00415667,127.27085867
이천시,2016   ,2016-05-16 10시,주간,월요일,차대차,측면충돌,안전운전 의무 불이행,단일로,기타단일로,이륜차,소형,화물차,소형,1,0,1,0,0,37.1057539,127.54437682
안산시,2016   ,2016-05-16 04시,야간,월요일,차대차,진행중 추돌,안전운전 의무 불이행,단일로,기타단일로,승용차,소형,화물차,대형,1,0,1,0,0,37.35919048,126.82720787
가평군,2016   ,2016-05-15 22시,야간,일요일,차량단독,기타,안전운전 의무 불이행,단일로,기타단일로,승용차,대형,없음,없음,1,0,1,0,0,37.70016868,127.48881498
수원시,2016   ,2016-05-15 19시,야간,일요일,차대차,기타,과속,교차로,교차로부근,승용차,중형,이륜차,중형,1,0,1,0,0,37.29467277,126.98184546
고양시,2016   ,2016-05-15 04시,야간,일요일,차량단독,전도전복,안전운전 의무 불이행,단일로,횡단보도상,이륜차,소형,없음,없음,1,0,1,0,0,37.62491783,126.84643055
부천시,2016   ,2016-05-14 20시,야간,토요일,차대사람,횡단중,과속,교차로,교차로부근,원동기장치자전거,원동기장치자전거,보행자,보행자,1,0,2,0,1,37.50898773,126.76957542
용인시,2016   ,2016-05-13 09시,주간,금요일,차대차,측면충돌,교차로 통행방법 위반,교차로,교차로내,이륜차,소형,화물차,대형,1,0,1,0,0,37.14884512,127.31184062
여주시,2016   ,2016-05-13 09시,주간,금요일,차량단독,전도전복,기타(운전자법규위반),교차로,교차로부근,화물차,소형,없음,없음,1,0,1,0,0,37.21969469,127.56114783
수원시,2016   ,2016-05-12 21시,야간,목요일,차대사람,기타,보행자 보호의무 위반,단일로,기타단일로,승용차,중형,보행자,보행자,1,0,1,0,0,37.27550068,127.01383073
평택시,2016   ,2016-05-12 19시,야간,목요일,차량단독,전도전복,안전운전 의무 불이행,교차로,교차로내,화물차,소형,없음,없음,1,0,1,0,0,37.10960089,127.06344756
화성시,2016   ,2016-05-12 03시,야간,목요일,차량단독,전도전복,안전운전 의무 불이행,단일로,기타단일로,승용차,대형,없음,없음,1,0,1,0,0,37.21479912,126.94383541
광명시,2016   ,2016-05-11 13시,주간,수요일,차대사람,횡단중,안전운전 의무 불이행,단일로,기타단일로,승합차,경형,보행자,보행자,1,0,1,0,0,37.4678387,126.84936112
화성시,2016   ,2016-05-11 06시,주간,수요일,차량단독,공작물충돌,안전운전 의무 불이행,단일로,기타단일로,승용차,중형,없음,없음,1,0,1,0,0,37.0738601,126.73308031
파주시,2016   ,2016-05-10 22시,야간,화요일,차량단독,도로이탈 기타,안전운전 의무 불이행,단일로,기타단일로,원동기장치자전거,원동기장치자전거,없음,없음,1,1,2,0,0,37.73132111,126.72206029
평택시,2016   ,2016-05-10 13시,주간,화요일,차대사람,횡단중,안전운전 의무 불이행,단일로,횡단보도상,승용차,경형,보행자,보행자,1,0,1,0,0,36.94446844,126.91484368
양주시,2016   ,2016-05-10 07시,주간,화요일,차대차,측면충돌,중앙선 침범,교차로,교차로부근,화물차,소형,화물차,경형,1,0,1,0,0,37.80562244,127.08721441
용인시,2016   ,2016-05-09 13시,주간,월요일,차대차,진행중 추돌,안전운전 의무 불이행,교차로,교차로부근,화물차,중형,화물차,중형,1,0,3,0,2,37.17368398,127.34644033
남양주시,2016   ,2016-05-09 12시,주간,월요일,차대사람,횡단중,과속,기타/불명,기타/불명,화물차,소형,보행자,보행자,1,0,1,0,0,37.67271699,127.19862626
부천시,2016   ,2016-05-09 08시,주간,월요일,차대사람,횡단중,안전운전 의무 불이행,교차로,교차로부근,화물차,중형,보행자,보행자,1,0,1,0,0,37.49377298,126.80851357
평택시,2016   ,2016-05-08 15시,주간,일요일,차대차,진행중 추돌,안전운전 의무 불이행,단일로,기타단일로,승용차,대형,승합차,중형,1,1,4,1,1,37.03554938,126.98490447
가평군,2016   ,2016-05-08 15시,주간,일요일,차량단독,기타,안전운전 의무 불이행,단일로,기타단일로,이륜차,사발이,없음,없음,1,0,1,0,0,37.81596252,127.50658969
오산시,2016   ,2016-05-07 02시,야간,토요일,차대차,측면충돌,신호위반,교차로,교차로내,승용차,소형,원동기장치자전거,원동기장치자전거,1,0,1,0,0,37.13586653,127.07288933
남양주시,2016   ,2016-05-07 00시,야간,토요일,차대차,정면충돌,신호위반,교차로,교차로내,이륜차,소형,승합차,대형,1,0,3,0,2,37.69835606,127.16194533
부천시,2016   ,2016-05-05 17시,주간,목요일,차대차,측면충돌,안전운전 의무 불이행,교차로,교차로내,승용차,중형,자전거,자전거,1,0,1,0,0,37.46770514,126.82081983
성남시,2016   ,2016-05-04 17시,주간,수요일,차량단독,전도전복,안전운전 의무 불이행,단일로,기타단일로,원동기장치자전거,원동기장치자전거,없음,없음,1,0,1,0,0,37.46307019,127.11175463
김포시,2016   ,2016-05-04 11시,주간,수요일,차대사람,횡단중,안전운전 의무 불이행,교차로,교차로내,이륜차,소형,보행자,보행자,1,1,2,0,0,37.65405325,126.63068991
고양시,2016   ,2016-05-04 01시,야간,수요일,차대사람,횡단중,보행자 보호의무 위반,단일로,횡단보도상,승용차,소형,보행자,보행자,1,0,1,0,0,37.6688234,126.76411115
의정부시,2016   ,2016-05-02 12시,주간,월요일,차대사람,기타,안전운전 의무 불이행,교차로,교차로내,승용차,중형,보행자,보행자,1,0,1,0,0,37.72574391,127.0469768
시흥시,2016   ,2016-05-01 16시,주간,일요일,차량단독,공작물충돌,안전운전 의무 불이행,단일로,기타단일로,이륜차,소형,없음,없음,1,0,1,0,0,37.32641142,126.66003287
고양시,2016   ,2016-05-01 02시,야간,일요일,차대사람,기타,안전운전 의무 불이행,단일로,기타단일로,승용차,중형,보행자,보행자,1,0,1,0,0,37.68677596,126.76383173
군포시,2016   ,2016-04-30 23시,야간,토요일,차대차,기타,부당한 회전,단일로,기타단일로,승합차,대형,이륜차,소형,1,0,1,0,0,37.37341144,126.94667597
화성시,2016   ,2016-04-30 22시,야간,토요일,차대차,측면충돌,안전운전 의무 불이행,단일로,기타단일로,원동기장치자전거,원동기장치자전거,화물차,중형,1,0,1,0,0,37.10845338,126.81664692
김포시,2016   ,2016-04-30 10시,주간,토요일,차량단독,전도전복,안전운전 의무 불이행,단일로,기타단일로,승용차,경형,없음,없음,1,0,1,0,0,37.64238,126.65282665
수원시,2016   ,2016-04-30 05시,야간,토요일,차대차,기타,신호위반,교차로,교차로내,승용차,소형,승용차,소형,1,0,1,0,0,37.29095163,126.96999105
양평군,2016   ,2016-04-30 04시,야간,토요일,차량단독,전도전복,안전운전 의무 불이행,단일로,기타단일로,화물차,소형,없음,없음,1,2,5,0,2,37.47983358,127.56510293
안산시,2016   ,2016-04-29 19시,야간,금요일,차대사람,횡단중,신호위반,교차로,교차로내,승용차,경형,보행자,보행자,1,0,1,0,0,37.33403776,126.81700184
평택시,2016   ,2016-04-28 07시,주간,목요일,차대차,기타,안전운전 의무 불이행,교차로,교차로내,승용차,소형,승용차,소형,1,0,2,0,1,37.02367265,126.97964456
의정부시,2016   ,2016-04-28 04시,야간,목요일,차대차,진행중 추돌,안전운전 의무 불이행,단일로,교량위,이륜차,소형,건설기계,건설기계,1,0,1,0,0,37.74753902,127.08395034
시흥시,2016   ,2016-04-28 03시,야간,목요일,차대차,정면충돌,신호위반,교차로,교차로내,승용차,중형,승용차,중형,1,2,3,0,0,37.35018543,126.73101219
고양시,2016   ,2016-04-27 20시,야간,수요일,차대사람,횡단중,과속,교차로,교차로부근,승용차,중형,보행자,보행자,2,0,3,0,1,37.64837585,126.78074976
수원시,2016   ,2016-04-27 20시,야간,수요일,차대사람,횡단중,안전운전 의무 불이행,단일로,기타단일로,승용차,중형,보행자,보행자,1,0,1,0,0,37.29475255,127.01557977
고양시,2016   ,2016-04-27 19시,야간,수요일,차대사람,횡단중,안전운전 의무 불이행,단일로,기타단일로,화물차,중형,보행자,보행자,1,0,1,0,0,37.69274444,126.74416161
동두천시,2016   ,2016-04-27 11시,주간,수요일,차대사람,기타,안전운전 의무 불이행,교차로,교차로내,화물차,중형,보행자,보행자,1,0,4,0,3,37.89253183,127.05886524
포천시,2016   ,2016-04-27 00시,야간,수요일,차대사람,기타,안전운전 의무 불이행,단일로,기타단일로,승용차,중형,보행자,보행자,1,0,1,0,0,37.8074783,127.17963047
시흥시,2016   ,2016-04-26 16시,주간,화요일,차대차,측면충돌,직진 및 우회전차의 통행방해,교차로,교차로내,화물차,소형,건설기계,건설기계,1,1,2,0,0,37.3317136,126.69668206
안양시,2016   ,2016-04-25 23시,야간,월요일,차대사람,횡단중,안전운전 의무 불이행,단일로,기타단일로,승용차,경형,보행자,보행자,1,0,1,0,0,37.37460399,126.95699037
시흥시,2016   ,2016-04-24 19시,야간,일요일,차량단독,공작물충돌,안전운전 의무 불이행,단일로,기타단일로,이륜차,소형,없음,없음,1,0,1,0,0,37.37553057,126.72117578
부천시,2016   ,2016-04-24 01시,야간,일요일,차대사람,횡단중,안전운전 의무 불이행,교차로,교차로부근,승용차,중형,보행자,보행자,1,0,1,0,0,37.48449306,126.81228648
가평군,2016   ,2016-04-23 07시,주간,토요일,차대차,진행중 추돌,안전운전 의무 불이행,단일로,터널안,승용차,중형,건설기계,건설기계,1,0,1,0,0,37.77393276,127.37678584
고양시,2016   ,2016-04-22 12시,주간,금요일,차대차,진행중 추돌,안전운전 의무 불이행,단일로,기타단일로,화물차,소형,화물차,소형,1,0,2,0,1,37.59683422,126.808807
화성시,2016   ,2016-04-22 06시,주간,금요일,차량단독,전도전복,안전운전 의무 불이행,단일로,기타단일로,이륜차,소형,없음,없음,1,0,1,0,0,37.22743578,127.0520603
광주시,2016   ,2016-04-21 19시,야간,목요일,차대사람,횡단중,보행자 보호의무 위반,단일로,횡단보도상,승합차,소형,보행자,보행자,1,0,1,0,0,37.36055454,127.15153595
포천시,2016   ,2016-04-21 13시,주간,목요일,차대차,정면충돌,중앙선 침범,단일로,기타단일로,승용차,경형,화물차,대형,1,1,2,0,0,37.86134083,127.18977685
광주시,2016   ,2016-04-20 13시,주간,수요일,차대사람,횡단중,보행자 보호의무 위반,단일로,횡단보도상,승용차,대형,보행자,보행자,1,0,1,0,0,37.41386153,127.25554737
용인시,2016   ,2016-04-20 04시,야간,수요일,차대사람,횡단중,안전운전 의무 불이행,교차로,교차로부근,승용차,경형,보행자,보행자,1,0,1,0,0,37.30913008,127.10549461
포천시,2016   ,2016-04-19 01시,야간,화요일,차대차,진행중 추돌,안전운전 의무 불이행,단일로,기타단일로,승용차,중형,화물차,중형,2,2,5,0,1,37.88238024,127.21221594
하남시,2016   ,2016-04-18 15시,주간,월요일,차대차,정면충돌,중앙선 침범,단일로,기타단일로,화물차,소형,화물차,소형,1,1,2,0,0,37.54384204,127.17470579
여주시,2016   ,2016-04-18 08시,주간,월요일,차대차,측면충돌,과속,교차로,교차로내,화물차,중형,자전거,자전거,1,0,1,0,0,37.29910539,127.58103686
용인시,2016   ,2016-04-17 20시,야간,일요일,차대사람,기타,안전운전 의무 불이행,단일로,기타단일로,승합차,대형,보행자,보행자,1,0,1,0,0,37.23244216,127.2093048
성남시,2016   ,2016-04-17 06시,주간,일요일,차대차,진행중 추돌,과속,교차로,교차로부근,승용차,중형,승용차,경형,1,0,2,0,1,37.4299069,127.15164424
광주시,2016   ,2016-04-17 05시,야간,일요일,차대사람,횡단중,보행자 보호의무 위반,단일로,횡단보도상,화물차,소형,보행자,보행자,1,0,1,0,0,37.43042395,127.23649321
남양주시,2016   ,2016-04-17 01시,야간,일요일,차대차,정면충돌,중앙선 침범,기타/불명,기타/불명,승용차,중형,승용차,경형,1,2,3,0,0,37.67267407,127.19946557
파주시,2016   ,2016-04-16 22시,야간,토요일,차량단독,전도전복,안전운전 의무 불이행,단일로,기타단일로,원동기장치자전거,원동기장치자전거,없음,없음,1,0,1,0,0,37.75792478,126.80525607
고양시,2016   ,2016-04-16 19시,야간,토요일,차대차,진행중 추돌,안전운전 의무 불이행,단일로,기타단일로,화물차,소형,화물차,소형,1,0,3,0,2,37.6665739,126.84744874
포천시,2016   ,2016-04-15 13시,주간,금요일,차대차,진행중 추돌,과속,단일로,기타단일로,화물차,소형,이륜차,소형,1,0,1,0,0,37.80408236,127.24714434
광주시,2016   ,2016-04-15 08시,주간,금요일,차대사람,횡단중,보행자 보호의무 위반,교차로,교차로내,승용차,중형,보행자,보행자,1,0,1,0,0,37.40790997,127.25435765
성남시,2016   ,2016-04-15 04시,야간,금요일,차량단독,공작물충돌,안전운전 의무 불이행,단일로,기타단일로,이륜차,소형,없음,없음,1,0,1,0,0,37.33700916,127.1161975