시군명,발생년도,발생일자,주야구분명,사고요일,사고유형_대분류,사고유형,법규위반내용,도로형태_대분류,도로형태,당사자1_대분류,당사자1_차종,당사자2_대분류,당사자2_차종,사망자수,중상자수,부상자수,부상신고자수,경상자수,WGS84위도,WGS84경도
부천시,2016   ,2016-04-14 16시,주간,목요일,차량단독,공작물충돌,안전운전 의무 불이행,단일로,기타단일로,자전거,자전거,없음,없음,1,0,1,0,0,37.47970433,126.78304825
용인시,2016   ,2016-04-14 16시,주간,목요일,차대사람,횡단중,보행자 보호의무 위반,교차로,교차로부근,승용차,경형,보행자,보행자,1,0,1,0,0,37.32573718,127.11201083
광명시,2016   ,2016-04-14 10시,주간,목요일,차대사람,길가장자리구역통행중,안전운전 의무 불이행,단일로,기타단일로,화물차,소형,보행자,보행자,1,0,1,0,0,37.43650175,126.87844574
안양시,2016   ,2016-04-14 00시,야간,목요일,차대사람,횡단중,안전운전 의무 불이행,단일로,기타단일로,승용차,중형,보행자,보행자,1,0,1,0,0,37.39572941,126.92401832
파주시,2016   ,2016-04-13 15시,주간,수요일,차대차,정면충돌,신호위반,교차로,교차로내,승합차,대형,원동기장치자전거,원동기장치자전거,1,0,1,0,0,37.92185093,126.83935139
포천시,2016   ,2016-04-13 14시,주간,수요일,차대차,정면충돌,중앙선 침범,단일로,기타단일로,이륜차,소형,승용차,경형,1,0,1,0,0,37.93486038,127.12488799
성남시,2016   ,2016-04-13 05시,야간,수요일,차대차,기타,안전운전 의무 불이행,교차로,교차로내,승용차,소형,자전거,자전거,1,0,1,0,0,37.3823931,127.12158029
용인시,2016   ,2016-04-12 18시,야간,화요일,차량단독,전도전복,안전운전 의무 불이행,단일로,기타단일로,이륜차,소형,없음,없음,1,0,1,0,0,37.33627491,127.09337525
시흥시,2016   ,2016-04-12 05시,야간,화요일,차대사람,기타,과속,단일로,기타단일로,화물차,소형,보행자,보행자,1,2,5,1,1,37.36851988,126.87148552
수원시,2016   ,2016-04-11 20시,야간,월요일,차대차,기타,안전운전 의무 불이행,단일로,기타단일로,승용차,경형,자전거,자전거,1,0,1,0,0,37.31957606,127.01540921
안양시,2016   ,2016-04-11 19시,야간,월요일,차대차,진행중 추돌,중앙선 침범,단일로,교량위,승용차,대형,자전거,자전거,1,0,1,0,0,37.38918734,126.9097781
남양주시,2016   ,2016-04-11 18시,야간,월요일,차대차,정면충돌,신호위반,교차로,교차로내,화물차,소형,이륜차,소형,1,0,1,0,0,37.66549931,127.18559348
용인시,2016   ,2016-04-11 05시,야간,월요일,차대사람,횡단중,안전운전 의무 불이행,교차로,교차로내,승용차,중형,보행자,보행자,1,0,1,0,0,37.25905948,127.2125519
용인시,2016   ,2016-04-11 04시,야간,월요일,차대차,정면충돌,안전운전 의무 불이행,교차로,교차로부근,승용차,경형,건설기계,건설기계,1,0,1,0,0,37.23334331,127.21664037
의정부시,2016   ,2016-04-11 04시,야간,월요일,차대사람,횡단중,보행자 보호의무 위반,단일로,기타단일로,승용차,경형,보행자,보행자,1,0,1,0,0,37.73982237,127.05163524
용인시,2016   ,2016-04-11 02시,야간,월요일,차량단독,공작물충돌,안전운전 의무 불이행,교차로,교차로부근,승용차,중형,없음,없음,1,0,1,0,0,37.24401052,127.10466169
광주시,2016   ,2016-04-10 01시,야간,일요일,차대차,진행중 추돌,안전운전 의무 불이행,단일로,기타단일로,승용차,대형,승용차,경형,1,0,1,0,0,37.41122759,127.19991428
안성시,2016   ,2016-04-09 10시,주간,토요일,차량단독,전도전복,안전운전 의무 불이행,기타/불명,기타/불명,승용차,중형,없음,없음,1,0,1,0,0,37.0059048,127.17090904
성남시,2016   ,2016-04-08 01시,야간,금요일,차량단독,공작물충돌,안전운전 의무 불이행,단일로,기타단일로,승합차,소형,없음,없음,1,0,1,0,0,37.43527166,127.122795
평택시,2016   ,2016-04-07 21시,야간,목요일,차대사람,기타,안전운전 의무 불이행,단일로,기타단일로,승용차,중형,보행자,보행자,1,0,1,0,0,37.12296777,127.06558845
수원시,2016   ,2016-04-07 19시,야간,목요일,차대사람,차도통행중,안전운전 의무 불이행,단일로,기타단일로,승용차,대형,보행자,보행자,1,0,1,0,0,37.29965843,127.0504363
성남시,2016   ,2016-04-07 19시,야간,목요일,차대차,측면충돌,신호위반,교차로,교차로부근,이륜차,소형,승용차,경형,1,0,1,0,0,37.43269707,127.16583956
포천시,2016   ,2016-04-07 14시,주간,목요일,차대차,기타,기타(운전자법규위반),단일로,기타단일로,화물차,중형,화물차,대형,1,0,1,0,0,37.7875392,127.2138902
이천시,2016   ,2016-04-07 08시,주간,목요일,차대차,정면충돌,안전운전 의무 불이행,교차로,교차로내,승용차,경형,화물차,소형,1,0,2,0,1,37.2087133,127.3868394
화성시,2016   ,2016-04-06 18시,야간,수요일,차대차,측면충돌,안전운전 의무 불이행,단일로,기타단일로,화물차,소형,원동기장치자전거,원동기장치자전거,1,0,1,0,0,37.16977459,126.87690876
양평군,2016   ,2016-04-06 13시,주간,수요일,차대차,기타,안전운전 의무 불이행,단일로,기타단일로,승용차,경형,이륜차,소형,1,0,1,0,0,37.51370848,127.43771918
남양주시,2016   ,2016-04-05 20시,야간,화요일,차대차,진행중 추돌,안전운전 의무 불이행,단일로,기타단일로,승용차,중형,건설기계,건설기계,1,0,2,0,1,37.75499269,127.21772774
광명시,2016   ,2016-04-05 18시,야간,화요일,차대차,측면충돌,안전운전 의무 불이행,교차로,교차로내,특수차,경형,이륜차,소형,1,0,1,0,0,37.46373836,126.83333954
성남시,2016   ,2016-04-05 02시,야간,화요일,차대차,측면충돌,신호위반,교차로,교차로내,자전거,자전거,승용차,경형,1,0,1,0,0,37.39140232,127.12015677
여주시,2016   ,2016-04-04 09시,주간,월요일,차대사람,횡단중,안전운전 의무 불이행,교차로,교차로부근,화물차,중형,보행자,보행자,1,0,1,0,0,37.26080758,127.60100228
안산시,2016   ,2016-04-04 01시,야간,월요일,차대차,진행중 추돌,과속,단일로,기타단일로,승용차,대형,원동기장치자전거,원동기장치자전거,1,0,1,0,0,37.29799601,126.58645786
연천군,2016   ,2016-04-03 11시,주간,일요일,차량단독,공작물충돌,안전운전 의무 불이행,단일로,기타단일로,승용차,중형,없음,없음,1,1,2,0,0,38.03530078,127.09006515
안성시,2016   ,2016-04-02 22시,야간,토요일,차대사람,기타,안전운전 의무 불이행,단일로,기타단일로,화물차,소형,보행자,보행자,1,0,1,0,0,37.02252496,127.27397383
남양주시,2016   ,2016-04-02 15시,주간,토요일,차대차,진행중 추돌,안전운전 의무 불이행,단일로,기타단일로,화물차,소형,화물차,소형,1,4,5,0,0,37.53040869,127.28830678
평택시,2016   ,2016-04-01 22시,야간,금요일,차대차,진행중 추돌,안전운전 의무 불이행,교차로,교차로부근,원동기장치자전거,원동기장치자전거,화물차,소형,1,0,1,0,0,36.99641444,127.13454878
양주시,2016   ,2016-04-01 19시,야간,금요일,차대사람,횡단중,과속,단일로,횡단보도부근,승용차,소형,보행자,보행자,1,0,1,0,0,37.80674605,126.96541735
동두천시,2016   ,2016-04-01 04시,야간,금요일,차대사람,기타,안전운전 의무 불이행,단일로,기타단일로,화물차,중형,보행자,보행자,1,0,1,0,0,37.97412681,127.06637019
안산시,2016   ,2016-04-01 03시,야간,금요일,차대사람,횡단중,안전운전 의무 불이행,교차로,교차로내,화물차,소형,보행자,보행자,1,0,1,0,0,37.31658178,126.83666157
안산시,2016   ,2016-04-01 00시,야간,금요일,차대사람,횡단중,과속,단일로,기타단일로,승용차,소형,보행자,보행자,1,0,1,0,0,37.31723852,126.82369966
성남시,2016   ,2016-03-31 19시,야간,목요일,차대차,정면충돌,안전운전 의무 불이행,단일로,기타단일로,승용차,경형,승용차,경형,1,0,2,0,1,37.36663701,127.12727224
광명시,2016   ,2016-03-30 03시,야간,수요일,차량단독,전도전복,안전운전 의무 불이행,단일로,기타단일로,이륜차,소형,없음,없음,1,0,1,0,0,37.45368977,126.85307912
의정부시,2016   ,2016-03-29 22시,야간,화요일,차대사람,횡단중,안전운전 의무 불이행,단일로,횡단보도상,승용차,중형,보행자,보행자,1,0,1,0,0,37.73907784,127.04317286
안산시,2016   ,2016-03-28 20시,야간,월요일,차대차,측면충돌,부당한 회전,교차로,교차로내,자전거,자전거,승용차,중형,1,0,1,0,0,37.32671125,126.78523818
성남시,2016   ,2016-03-28 11시,주간,월요일,차대차,진행중 추돌,안전운전 의무 불이행,단일로,기타단일로,화물차,소형,화물차,중형,1,0,4,0,3,37.42155828,127.15406756
남양주시,2016   ,2016-03-28 10시,주간,월요일,차대사람,차도통행중,안전운전 의무 불이행,교차로,교차로내,승용차,대형,보행자,보행자,1,0,1,0,0,37.60803554,127.16162377
화성시,2016   ,2016-03-26 12시,주간,토요일,차대차,진행중 추돌,안전운전 의무 불이행,단일로,기타단일로,승용차,중형,이륜차,대형,1,0,1,0,0,37.16484234,126.70491663
파주시,2016   ,2016-03-25 09시,주간,금요일,차대차,진행중 추돌,신호위반,교차로,교차로내,승용차,경형,승합차,경형,1,0,2,0,1,37.72970797,126.74285551
안산시,2016   ,2016-03-25 08시,주간,금요일,차대차,측면충돌,신호위반,교차로,교차로내,승용차,대형,이륜차,소형,1,0,1,0,0,37.30457008,126.82931969
용인시,2016   ,2016-03-25 06시,주간,금요일,차대사람,횡단중,안전운전 의무 불이행,단일로,기타단일로,승용차,경형,보행자,보행자,1,0,1,0,0,37.23326806,127.21533293
안산시,2016   ,2016-03-25 05시,야간,금요일,차량단독,기타,안전운전 의무 불이행,단일로,기타단일로,이륜차,소형,없음,없음,1,0,1,0,0,37.30410311,126.85891016
화성시,2016   ,2016-03-25 04시,야간,금요일,차량단독,공작물충돌,안전운전 의무 불이행,교차로,교차로부근,승용차,경형,없음,없음,1,1,2,0,0,37.20181895,127.00261806
의정부시,2016   ,2016-03-25 02시,야간,금요일,차대차,측면충돌,신호위반,교차로,교차로내,승용차,중형,승용차,소형,1,1,2,0,0,37.75704383,127.08024163
김포시,2016   ,2016-03-23 23시,야간,수요일,차대사람,횡단중,과속,교차로,교차로부근,승용차,중형,보행자,보행자,1,0,1,0,0,37.68404058,126.61622044
화성시,2016   ,2016-03-23 20시,야간,수요일,차량단독,공작물충돌,안전운전 의무 불이행,단일로,기타단일로,승용차,대형,없음,없음,1,0,1,0,0,37.21353755,127.03144988
포천시,2016   ,2016-03-22 21시,야간,화요일,차대사람,기타,안전운전 의무 불이행,단일로,기타단일로,승용차,중형,보행자,보행자,1,0,1,0,0,37.84235409,127.16804594
고양시,2016   ,2016-03-22 17시,주간,화요일,차대차,기타,안전운전 의무 불이행,단일로,횡단보도상,승합차,대형,자전거,자전거,1,0,1,0,0,37.68094017,126.74886302
화성시,2016   ,2016-03-22 15시,주간,화요일,차량단독,전도전복,안전운전 의무 불이행,단일로,기타단일로,이륜차,소형,없음,없음,1,0,1,0,0,37.0709074,126.91944206
성남시,2016   ,2016-03-22 06시,주간,화요일,차대차,기타,안전운전 의무 불이행,교차로,교차로내,승용차,경형,승용차,경형,1,0,4,0,3,37.37231322,127.10430561
시흥시,2016   ,2016-03-20 15시,주간,일요일,차량단독,공작물충돌,안전운전 의무 불이행,단일로,기타단일로,화물차,소형,없음,없음,2,0,3,0,1,37.41617721,126.76840972
남양주시,2016   ,2016-03-20 05시,야간,일요일,차대차,기타,안전운전 의무 불이행,단일로,기타단일로,화물차,소형,승용차,중형,1,0,1,0,0,37.60442561,127.25452861
파주시,2016   ,2016-03-20 02시,야간,일요일,차량단독,전도전복,안전운전 의무 불이행,단일로,기타단일로,건설기계,건설기계,없음,없음,1,0,1,0,0,37.82173236,126.74304122
화성시,2016   ,2016-03-18 19시,야간,금요일,차대차,측면충돌,안전운전 의무 불이행,교차로,교차로부근,승용차,대형,이륜차,소형,1,0,1,0,0,37.20522684,127.07200293
부천시,2016   ,2016-03-18 10시,주간,금요일,차대차,정면충돌,신호위반,교차로,교차로내,승용차,대형,이륜차,소형,1,0,1,0,0,37.53213923,126.78959779
수원시,2016   ,2016-03-17 22시,야간,목요일,차대사람,횡단중,안전운전 의무 불이행,단일로,기타단일로,승용차,중형,보행자,보행자,1,0,1,0,0,37.29572252,126.98073255
파주시,2016   ,2016-03-16 20시,야간,수요일,차대사람,횡단중,안전운전 의무 불이행,단일로,기타단일로,승용차,중형,보행자,보행자,1,0,1,0,0,37.77246814,126.82949849
고양시,2016   ,2016-03-16 18시,야간,수요일,차대차,측면충돌,신호위반,교차로,교차로내,화물차,소형,자전거,자전거,1,0,1,0,0,37.69104891,126.9008606
안성시,2016   ,2016-03-16 06시,주간,수요일,차대사람,횡단중,안전운전 의무 불이행,단일로,기타단일로,승용차,중형,보행자,보행자,1,0,1,0,0,37.01629863,127.26149189
안산시,2016   ,2016-03-16 05시,야간,수요일,차대사람,횡단중,과속,교차로,교차로부근,승용차,중형,보행자,보행자,1,0,1,0,0,37.31575156,126.82217814
광주시,2016   ,2016-03-15 19시,야간,화요일,차대차,진행중 추돌,안전운전 의무 불이행,단일로,기타단일로,화물차,소형,화물차,소형,1,0,1,0,0,37.35020862,127.34191516
과천시,2016   ,2016-03-15 18시,야간,화요일,차대차,측면충돌,안전운전 의무 불이행,단일로,기타단일로,승용차,중형,이륜차,대형,1,0,1,0,0,37.4293169,126.9976921
파주시,2016   ,2016-03-14 17시,주간,월요일,차대차,측면충돌,직진 및 우회전차의 통행방해,교차로,교차로내,화물차,소형,화물차,소형,1,0,1,0,0,37.73706107,126.76684097
포천시,2016   ,2016-03-14 15시,주간,월요일,차대차,진행중 추돌,신호위반,교차로,교차로내,건설기계,건설기계,화물차,소형,1,1,2,0,0,37.822141,127.26267203
성남시,2016   ,2016-03-14 11시,주간,월요일,차대차,진행중 추돌,안전운전 의무 불이행,단일로,기타단일로,승합차,대형,농기계,농기계,1,0,1,0,0,37.39101297,127.12811184
안양시,2016   ,2016-03-14 10시,주간,월요일,차대사람,횡단중,신호위반,교차로,교차로부근,승합차,대형,보행자,보행자,1,0,1,0,0,37.39420952,126.91189653
안산시,2016   ,2016-03-11 11시,주간,금요일,차대차,측면충돌,직진 및 우회전차의 통행방해,교차로,교차로내,승합차,소형,특수차,소형,1,6,7,0,0,37.23939229,126.60580163
여주시,2016   ,2016-03-09 19시,야간,수요일,차대사람,차도통행중,안전운전 의무 불이행,단일로,기타단일로,승용차,중형,보행자,보행자,1,0,1,0,0,37.2815201,127.56477379
고양시,2016   ,2016-03-09 10시,주간,수요일,차대차,진행중 추돌,안전운전 의무 불이행,단일로,기타단일로,화물차,소형,건설기계,건설기계,1,0,2,0,1,37.64720744,126.74240157
수원시,2016   ,2016-03-09 04시,야간,수요일,차대사람,횡단중,안전운전 의무 불이행,단일로,기타단일로,승용차,중형,보행자,보행자,1,0,1,0,0,37.27048212,127.01878062
남양주시,2016   ,2016-03-07 21시,야간,월요일,차대차,기타,신호위반,교차로,교차로내,승합차,경형,이륜차,소형,1,0,1,0,0,37.69865825,127.20250287
안산시,2016   ,2016-03-05 04시,야간,토요일,차대차,정면충돌,중앙선 침범,단일로,기타단일로,승용차,소형,승용차,중형,1,1,3,0,1,37.3286161,126.83682668
의정부시,2016   ,2016-03-05 04시,야간,토요일,차량단독,전도전복,안전운전 의무 불이행,단일로,기타단일로,승용차,중형,없음,없음,1,0,1,0,0,37.73255382,127.0901852
광명시,2016   ,2016-03-03 06시,주간,목요일,차대차,진행중 추돌,안전운전 의무 불이행,단일로,기타단일로,승용차,중형,건설기계,건설기계,1,0,1,0,0,37.42760188,126.88123191
김포시,2016   ,2016-03-02 16시,주간,수요일,차대사람,횡단중,안전운전 의무 불이행,교차로,교차로내,특수차,대형,보행자,보행자,1,0,1,0,0,37.71973145,126.63431403
과천시,2016   ,2016-03-02 08시,주간,수요일,차대차,기타,안전거리 미확보,단일로,기타단일로,이륜차,중형,승합차,대형,1,0,1,0,0,37.45503814,126.99049873
시흥시,2016   ,2016-03-01 01시,야간,화요일,차대사람,횡단중,신호위반,교차로,교차로부근,승합차,중형,보행자,보행자,1,0,1,0,0,37.35005111,126.73114905
안양시,2016   ,2016-03-01 01시,야간,화요일,차대차,진행중 추돌,신호위반,교차로,교차로내,승합차,소형,이륜차,소형,1,0,1,0,0,37.37015445,126.95770007
평택시,2016   ,2016-02-29 20시,야간,월요일,차대사람,횡단중,안전운전 의무 불이행,단일로,기타단일로,승합차,소형,보행자,보행자,1,0,1,0,0,37.08311372,127.05765889
평택시,2016   ,2016-02-28 19시,야간,일요일,차대사람,기타,안전운전 의무 불이행,단일로,기타단일로,승용차,중형,보행자,보행자,1,1,2,0,0,37.01543666,127.04865386
성남시,2016   ,2016-02-27 12시,주간,토요일,차대사람,횡단중,보행자 보호의무 위반,교차로,교차로부근,건설기계,건설기계,보행자,보행자,1,0,1,0,0,37.44317297,127.1389213
가평군,2016   ,2016-02-27 07시,주간,토요일,차대차,측면충돌,신호위반,교차로,교차로내,승용차,소형,화물차,소형,2,7,9,0,0,37.69760391,127.38418342
부천시,2016   ,2016-02-27 06시,주간,토요일,차대사람,기타,안전운전 의무 불이행,단일로,기타단일로,승용차,중형,보행자,보행자,1,0,1,0,0,37.51082044,126.75991729
이천시,2016   ,2016-02-27 06시,주간,토요일,차대차,측면충돌,과속,단일로,기타단일로,승용차,중형,승합차,소형,1,1,6,0,4,37.28042991,127.38769097
부천시,2016   ,2016-02-26 14시,주간,금요일,차대사람,횡단중,보행자 보호의무 위반,교차로,교차로내,승용차,경형,보행자,보행자,1,0,1,0,0,37.48109819,126.80513548
남양주시,2016   ,2016-02-26 09시,주간,금요일,차대사람,횡단중,안전운전 의무 불이행,교차로,교차로내,화물차,소형,보행자,보행자,1,0,1,0,0,37.74555937,127.2008964
이천시,2016   ,2016-02-25 23시,야간,목요일,차대차,진행중 추돌,안전거리 미확보,단일로,기타단일로,화물차,중형,화물차,중형,1,1,2,0,0,37.23444809,127.43392494
수원시,2016   ,2016-02-25 11시,주간,목요일,차대사람,횡단중,안전운전 의무 불이행,교차로,교차로부근,화물차,중형,보행자,보행자,1,0,1,0,0,37.24217271,127.01740476
김포시,2016   ,2016-02-25 07시,주간,목요일,차대차,측면충돌,신호위반,교차로,교차로내,화물차,중형,승합차,대형,1,0,1,0,0,37.69463135,126.5890312
안산시,2016   ,2016-02-25 06시,주간,목요일,차대사람,횡단중,안전운전 의무 불이행,단일로,기타단일로,승용차,소형,보행자,보행자,1,0,1,0,0,37.3028495,126.84724218
파주시,2016   ,2016-02-24 17시,주간,수요일,차대차,정면충돌,중앙선 침범,단일로,기타단일로,승용차,중형,건설기계,건설기계,1,2,3,0,0,37.80760226,126.85554763
군포시,2016   ,2016-02-24 09시,주간,수요일,차대사람,횡단중,보행자 보호의무 위반,단일로,횡단보도상,승용차,대형,보행자,보행자,1,0,1,0,0,37.327426,126.91723717
시흥시,2016   ,2016-02-24 00시,야간,수요일,차대차,진행중 추돌,과속,교차로,교차로부근,특수차,소형,화물차,소형,1,0,1,0,0,37.32574994,126.73389117
포천시,2016   ,2016-02-23 19시,야간,화요일,차대사람,횡단중,안전운전 의무 불이행,단일로,교량위,승용차,경형,보행자,보행자,1,0,1,0,0,37.84958638,127.19615733
수원시,2016   ,2016-02-22 20시,야간,월요일,차대사람,차도통행중,안전운전 의무 불이행,단일로,기타단일로,승합차,대형,보행자,보행자,1,0,1,0,0,37.27057862,127.05979035
부천시,2016   ,2016-02-20 02시,야간,토요일,차대사람,횡단중,안전운전 의무 불이행,단일로,기타단일로,승용차,소형,보행자,보행자,1,0,1,0,0,37.50580124,126.7529634
용인시,2016   ,2016-02-19 18시,야간,금요일,차대사람,횡단중,안전운전 의무 불이행,단일로,기타단일로,승용차,중형,보행자,보행자,1,0,1,0,0,37.3360202,127.16448468
수원시,2016   ,2016-02-19 01시,야간,금요일,차대사람,횡단중,과속,단일로,기타단일로,승용차,대형,보행자,보행자,1,0,1,0,0,37.24712741,127.07294999
안양시,2016   ,2016-02-17 19시,야간,수요일,차대사람,기타,안전운전 의무 불이행,단일로,기타단일로,승용차,중형,보행자,보행자,1,0,1,0,0,37.40552259,126.94182986
김포시,2016   ,2016-02-15 15시,주간,월요일,차대사람,횡단중,보행자 보호의무 위반,단일로,횡단보도상,건설기계,건설기계,보행자,보행자,1,0,1,0,0,37.65033468,126.67515879
평택시,2016   ,2016-02-15 12시,주간,월요일,차대차,정면충돌,신호위반,교차로,교차로내,이륜차,소형,승용차,중형,1,0,1,0,0,37.06701832,127.05874227
안양시,2016   ,2016-02-13 02시,야간,토요일,차량단독,공작물충돌,안전운전 의무 불이행,단일로,기타단일로,승용차,중형,없음,없음,1,0,1,0,0,37.40729705,126.92279983
안양시,2016   ,2016-02-12 02시,야간,금요일,차대사람,기타,안전운전 의무 불이행,단일로,기타단일로,승용차,중형,보행자,보행자,1,0,1,0,0,37.40281966,126.9270034
부천시,2016   ,2016-02-12 01시,야간,금요일,차대차,정면충돌,안전운전 의무 불이행,교차로,교차로내,승용차,경형,승용차,중형,1,0,1,0,0,37.50579351,126.75316713
의왕시,2016   ,2016-02-11 23시,야간,목요일,차대사람,횡단중,과속,단일로,기타단일로,화물차,중형,보행자,보행자,1,0,1,0,0,37.3477112,126.98413446
시흥시,2016   ,2016-02-10 19시,야간,수요일,차대사람,횡단중,안전운전 의무 불이행,교차로,교차로내,승용차,중형,보행자,보행자,1,0,1,0,0,37.45392966,126.83299698
부천시,2016   ,2016-02-10 02시,야간,수요일,차대사람,횡단중,안전운전 의무 불이행,교차로,교차로내,승용차,중형,보행자,보행자,1,0,1,0,0,37.48301213,126.78450965
광주시,2016   ,2016-02-10 01시,야간,수요일,차량단독,공작물충돌,과속,단일로,기타단일로,승용차,중형,없음,없음,1,1,3,0,1,37.38768078,127.27122165
안산시,2016   ,2016-02-09 19시,야간,화요일,차대차,측면충돌,안전운전 의무 불이행,교차로,교차로부근,이륜차,소형,승용차,중형,1,0,1,0,0,37.3035834,126.84303827
양평군,2016   ,2016-02-09 11시,주간,화요일,차량단독,전도전복,안전운전 의무 불이행,단일로,기타단일로,이륜차,사발이,없음,없음,1,0,1,0,0,37.44798689,127.62320895
고양시,2016   ,2016-02-08 23시,야간,월요일,차량단독,전도전복,안전운전 의무 불이행,단일로,기타단일로,승용차,중형,없음,없음,1,1,2,0,0,37.67790652,126.79623901
용인시,2016   ,2016-02-07 19시,야간,일요일,차대사람,길가장자리구역통행중,과속,단일로,기타단일로,승용차,대형,보행자,보행자,1,1,4,0,2,37.2680359,127.06938069
남양주시,2016   ,2016-02-07 15시,주간,일요일,차대사람,횡단중,안전운전 의무 불이행,단일로,기타단일로,승합차,대형,보행자,보행자,1,0,1,0,0,37.71573429,127.1802415
평택시,2016   ,2016-02-07 10시,주간,일요일,차대차,측면충돌,신호위반,교차로,교차로내,승합차,경형,화물차,소형,2,4,13,0,7,37.09259091,127.06339887
수원시,2016   ,2016-02-06 19시,야간,토요일,차대사람,기타,안전운전 의무 불이행,단일로,기타단일로,승용차,중형,보행자,보행자,1,0,1,0,0,37.30201197,127.00331302
광주시,2016   ,2016-02-06 01시,야간,토요일,차대사람,횡단중,안전운전 의무 불이행,단일로,기타단일로,승용차,경형,보행자,보행자,1,0,1,0,0,37.38746715,127.28715041
성남시,2016   ,2016-02-06 01시,야간,토요일,차대사람,횡단중,안전운전 의무 불이행,단일로,기타단일로,승합차,경형,보행자,보행자,1,0,1,0,0,37.4371645,127.14012578
고양시,2016   ,2016-02-05 23시,야간,금요일,차대사람,차도통행중,과속,단일로,기타단일로,승용차,경형,보행자,보행자,1,0,1,0,0,37.63742736,126.86944257
시흥시,2016   ,2016-02-05 22시,야간,금요일,차대차,측면충돌,신호위반,교차로,교차로내,승용차,소형,승합차,대형,1,0,1,0,0,37.3327357,126.70521624
파주시,2016   ,2016-02-05 13시,주간,금요일,차대사람,기타,안전운전 의무 불이행,단일로,기타단일로,승용차,경형,보행자,보행자,1,0,1,0,0,37.74503845,126.78308424
화성시,2016   ,2016-02-05 10시,주간,금요일,차대사람,횡단중,안전운전 의무 불이행,단일로,기타단일로,승용차,소형,보행자,보행자,1,0,1,0,0,37.13312584,126.91087221
부천시,2016   ,2016-02-05 06시,주간,금요일,차대사람,횡단중,안전운전 의무 불이행,단일로,횡단보도상,승용차,대형,보행자,보행자,1,0,1,0,0,37.52015949,126.77023604
용인시,2016   ,2016-02-05 00시,야간,금요일,차대사람,횡단중,안전운전 의무 불이행,교차로,교차로부근,승용차,중형,보행자,보행자,1,0,2,0,1,37.33618994,127.1028583
용인시,2016   ,2016-02-04 23시,야간,목요일,차대차,정면충돌,안전운전 의무 불이행,단일로,기타단일로,화물차,소형,화물차,대형,1,0,1,0,0,37.1985536,127.2074065
성남시,2016   ,2016-02-04 21시,야간,목요일,차대사람,횡단중,안전운전 의무 불이행,단일로,기타단일로,승용차,경형,보행자,보행자,1,0,1,0,0,37.436603,127.13925807
수원시,2016   ,2016-02-04 10시,주간,목요일,차대사람,기타,안전운전 의무 불이행,단일로,기타단일로,화물차,소형,보행자,보행자,1,0,1,0,0,37.29313756,127.024097
용인시,2016   ,2016-02-04 08시,주간,목요일,차대차,측면충돌,중앙선 침범,단일로,기타단일로,승용차,소형,승용차,경형,1,4,5,0,0,37.15179696,127.37680027
양주시,2016   ,2016-02-04 06시,주간,목요일,차량단독,도로이탈 추락,안전운전 의무 불이행,단일로,기타단일로,승용차,중형,없음,없음,1,0,1,0,0,37.81792071,126.95719042
수원시,2016   ,2016-02-03 21시,야간,수요일,차대차,진행중 추돌,안전운전 의무 불이행,단일로,기타단일로,화물차,대형,화물차,소형,1,0,1,0,0,37.32047164,126.98211985
고양시,2016   ,2016-02-03 10시,주간,수요일,차대차,측면충돌,신호위반,교차로,교차로내,승합차,소형,승용차,대형,1,2,5,0,2,37.65320412,126.79070195
안양시,2016   ,2016-02-03 06시,주간,수요일,차대사람,횡단중,안전운전 의무 불이행,교차로,교차로내,화물차,소형,보행자,보행자,1,0,1,0,0,37.36720626,126.95558684
고양시,2016   ,2016-02-02 18시,야간,화요일,차대사람,횡단중,안전운전 의무 불이행,단일로,횡단보도부근,승용차,소형,보행자,보행자,1,0,1,0,0,37.62881363,126.79814145
동두천시,2016   ,2016-02-01 01시,야간,월요일,차대차,정면충돌,중앙선 침범,단일로,기타단일로,승용차,경형,승용차,경형,1,1,2,0,0,37.89904154,127.04526834
양주시,2016   ,2016-01-31 02시,야간,일요일,차대차,정면충돌,중앙선 침범,단일로,기타단일로,승용차,경형,화물차,소형,1,1,2,0,0,37.71216936,126.96508779
성남시,2016   ,2016-01-30 23시,야간,토요일,차대사람,기타,안전운전 의무 불이행,교차로,교차로내,승용차,중형,보행자,보행자,1,0,1,0,0,37.44122496,127.12984178
시흥시,2016   ,2016-01-30 22시,야간,토요일,차대사람,횡단중,보행자 보호의무 위반,교차로,교차로내,화물차,소형,보행자,보행자,1,0,1,0,0,37.44894967,126.78893813
화성시,2016   ,2016-01-29 07시,주간,금요일,차대사람,횡단중,안전운전 의무 불이행,교차로,교차로내,화물차,중형,보행자,보행자,1,0,1,0,0,37.13243902,126.992332
안산시,2016   ,2016-01-27 15시,주간,수요일,차대차,측면충돌,신호위반,교차로,교차로내,이륜차,중형,승용차,중형,1,0,3,0,2,37.31462764,126.84183619
남양주시,2016   ,2016-01-27 09시,주간,수요일,차량단독,전도전복,안전운전 의무 불이행,단일로,기타단일로,승용차,중형,없음,없음,1,0,1,0,0,37.64857482,127.25085789
포천시,2016   ,2016-01-26 12시,주간,화요일,차대사람,횡단중,안전운전 의무 불이행,단일로,기타단일로,건설기계,건설기계,보행자,보행자,1,0,1,0,0,37.84761315,127.18949338