시군명,발생년도,발생일자,주야구분명,사고요일,사고유형_대분류,사고유형,법규위반내용,도로형태_대분류,도로형태,당사자1_대분류,당사자1_차종,당사자2_대분류,당사자2_차종,사망자수,중상자수,부상자수,부상신고자수,경상자수,WGS84위도,WGS84경도
부천시,2015   ,2015-11-24 04시,야간,화요일,차대사람,횡단중,안전운전 의무 불이행,교차로,교차로부근,승합차,소형,보행자,보행자,1,0,1,0,0,37.52400914,126.80474899
수원시,2015   ,2015-11-23 04시,야간,월요일,차대차,진행중 추돌,안전운전 의무 불이행,교차로,교차로부근,승용차,중형,승용차,중형,1,0,1,0,0,37.24536302,127.04690291
고양시,2015   ,2015-11-23 01시,야간,월요일,차대차,주정차중 추돌,안전운전 의무 불이행,단일로,기타단일로,승용차,경형,화물차,중형,1,0,1,0,0,37.62112358,126.83360237
고양시,2015   ,2015-11-22 21시,야간,일요일,차대차,정면충돌,중앙선 침범,단일로,기타단일로,승합차,대형,승용차,경형,1,6,18,1,10,37.63625063,126.79680211
화성시,2015   ,2015-11-22 20시,야간,일요일,차대차,진행중 추돌,안전운전 의무 불이행,단일로,기타단일로,승합차,소형,이륜차,소형,1,0,1,0,0,37.2191617,126.94764688
평택시,2015   ,2015-11-21 13시,주간,토요일,차량단독,전도전복,안전운전 의무 불이행,단일로,기타단일로,이륜차,소형,없음,없음,1,1,2,0,0,37.06860727,127.05457093
수원시,2015   ,2015-11-20 21시,야간,금요일,차대차,정면충돌,신호위반,교차로,교차로내,이륜차,소형,승용차,중형,1,0,2,1,0,37.29614399,126.99270067
성남시,2015   ,2015-11-20 05시,야간,금요일,차량단독,공작물충돌,안전운전 의무 불이행,단일로,기타단일로,승용차,중형,없음,없음,1,0,1,0,0,37.42709794,127.13775525
평택시,2015   ,2015-11-20 00시,야간,금요일,차대사람,횡단중,안전운전 의무 불이행,단일로,기타단일로,승용차,경형,보행자,보행자,1,0,1,0,0,37.06509343,126.91580814
구리시,2015   ,2015-11-19 23시,야간,목요일,차량단독,전도전복,안전운전 의무 불이행,교차로,교차로내,원동기장치자전거,원동기장치자전거,없음,없음,1,0,2,1,0,37.58646597,127.14795293
평택시,2015   ,2015-11-18 07시,주간,수요일,차대사람,횡단중,보행자 보호의무 위반,단일로,기타단일로,승용차,대형,보행자,보행자,1,0,1,0,0,37.00700052,127.10191353
안산시,2015   ,2015-11-17 23시,야간,화요일,차대사람,횡단중,안전운전 의무 불이행,단일로,기타단일로,승용차,중형,보행자,보행자,1,0,1,0,0,37.31472663,126.84018765
화성시,2015   ,2015-11-17 12시,주간,화요일,차량단독,공작물충돌,안전운전 의무 불이행,단일로,기타단일로,승용차,중형,없음,없음,1,0,1,0,0,37.19626878,126.87901225
이천시,2015   ,2015-11-17 04시,야간,화요일,차대차,진행중 추돌,안전운전 의무 불이행,교차로,교차로부근,원동기장치자전거,원동기장치자전거,화물차,대형,1,1,2,0,0,37.11618749,127.62633875
포천시,2015   ,2015-11-15 14시,주간,일요일,차대차,기타,안전거리 미확보,단일로,기타단일로,화물차,소형,승용차,소형,1,2,4,1,0,37.80014193,127.24221657
수원시,2015   ,2015-11-13 05시,야간,금요일,차대사람,횡단중,안전운전 의무 불이행,단일로,기타단일로,승용차,중형,보행자,보행자,1,0,1,0,0,37.26480554,127.00187704
평택시,2015   ,2015-11-12 09시,주간,목요일,차량단독,도로이탈 기타,안전운전 의무 불이행,기타/불명,기타/불명,승용차,소형,없음,없음,1,0,1,0,0,37.11207376,127.04038226
김포시,2015   ,2015-11-12 06시,주간,목요일,차대차,정면충돌,안전거리 미확보,단일로,교량위,화물차,경형,건설기계,건설기계,1,0,2,0,1,37.67144668,126.64149734
화성시,2015   ,2015-11-12 06시,주간,목요일,차대사람,차도통행중,안전운전 의무 불이행,단일로,기타단일로,승용차,경형,보행자,보행자,1,0,1,0,0,37.10282286,126.98497826
성남시,2015   ,2015-11-10 06시,주간,화요일,차대차,측면충돌,신호위반,교차로,교차로내,승용차,중형,자전거,자전거,1,0,1,0,0,37.35013454,127.1083174
구리시,2015   ,2015-11-10 01시,야간,화요일,차량단독,전도전복,안전운전 의무 불이행,단일로,기타단일로,이륜차,중형,없음,없음,1,0,1,0,0,37.56177011,127.11483234
용인시,2015   ,2015-11-10 01시,야간,화요일,차대사람,횡단중,안전운전 의무 불이행,교차로,교차로내,승용차,중형,보행자,보행자,1,0,1,0,0,37.2807103,127.11128324
안양시,2015   ,2015-11-09 16시,주간,월요일,차대사람,기타,안전운전 의무 불이행,단일로,기타단일로,건설기계,건설기계,보행자,보행자,1,0,1,0,0,37.40334897,126.91910152
안양시,2015   ,2015-11-09 09시,주간,월요일,차대사람,횡단중,안전운전 의무 불이행,교차로,교차로부근,이륜차,소형,보행자,보행자,1,0,1,0,0,37.39603426,126.91451463
이천시,2015   ,2015-11-09 03시,야간,월요일,차량단독,공작물충돌,중앙선 침범,단일로,기타단일로,승용차,중형,없음,없음,1,0,1,0,0,37.30118208,127.4615905
용인시,2015   ,2015-11-08 22시,야간,일요일,차대사람,차도통행중,안전운전 의무 불이행,교차로,교차로내,승용차,중형,보행자,보행자,1,0,1,0,0,37.18070094,127.33593778
남양주시,2015   ,2015-11-08 09시,주간,일요일,차량단독,공작물충돌,안전운전 의무 불이행,교차로,교차로부근,승용차,중형,없음,없음,1,0,1,0,0,37.68096619,127.17232744
부천시,2015   ,2015-11-08 06시,주간,일요일,차대사람,횡단중,안전운전 의무 불이행,단일로,기타단일로,화물차,소형,보행자,보행자,1,0,1,0,0,37.52435036,126.76726413
성남시,2015   ,2015-11-08 04시,야간,일요일,차대사람,기타,안전운전 의무 불이행,단일로,기타단일로,승용차,중형,보행자,보행자,1,0,1,0,0,37.43538802,127.13692404
양주시,2015   ,2015-11-08 01시,야간,일요일,차대사람,횡단중,과속,단일로,기타단일로,승용차,중형,보행자,보행자,1,0,1,0,0,37.79559512,127.07825169
용인시,2015   ,2015-11-08 00시,야간,일요일,차대사람,횡단중,안전운전 의무 불이행,교차로,교차로내,승용차,중형,보행자,보행자,1,0,1,0,0,37.29607375,127.10966974
안산시,2015   ,2015-11-07 19시,야간,토요일,차대차,진행중 추돌,안전운전 의무 불이행,단일로,기타단일로,승용차,소형,화물차,소형,1,0,1,0,0,37.35414209,126.87301684
시흥시,2015   ,2015-11-07 13시,주간,토요일,차대사람,횡단중,안전운전 의무 불이행,단일로,횡단보도부근,승용차,경형,보행자,보행자,1,0,1,0,0,37.41844284,126.81716271
가평군,2015   ,2015-11-06 21시,야간,금요일,차대사람,횡단중,안전운전 의무 불이행,교차로,교차로내,승합차,중형,보행자,보행자,1,0,1,0,0,37.74054135,127.42230928
양주시,2015   ,2015-11-06 09시,주간,금요일,차대차,정면충돌,중앙선 침범,단일로,기타단일로,승용차,중형,승용차,중형,1,0,2,0,1,37.78439283,127.03999814
양주시,2015   ,2015-11-05 17시,주간,목요일,차대차,측면충돌,교차로 통행방법 위반,교차로,교차로내,건설기계,건설기계,원동기장치자전거,원동기장치자전거,1,0,1,0,0,37.82188891,127.05444568
시흥시,2015   ,2015-11-05 17시,주간,목요일,차대차,측면충돌,교차로 통행방법 위반,교차로,교차로내,화물차,대형,이륜차,중형,1,0,1,0,0,37.33711434,126.69823883
안양시,2015   ,2015-11-05 04시,야간,목요일,차대사람,기타,안전운전 의무 불이행,단일로,기타단일로,승용차,소형,보행자,보행자,1,0,1,0,0,37.3961707,126.9202528
남양주시,2015   ,2015-11-05 00시,야간,목요일,차대사람,횡단중,안전운전 의무 불이행,단일로,횡단보도상,승용차,중형,보행자,보행자,1,0,1,0,0,37.64668208,127.23437081
양주시,2015   ,2015-11-04 22시,야간,수요일,차대사람,횡단중,안전운전 의무 불이행,단일로,기타단일로,승용차,중형,보행자,보행자,1,0,1,0,0,37.7189829,126.97907453
평택시,2015   ,2015-11-04 19시,야간,수요일,차대사람,횡단중,안전운전 의무 불이행,교차로,교차로부근,승합차,중형,보행자,보행자,1,0,1,0,0,37.00584803,126.82502958
화성시,2015   ,2015-11-04 07시,주간,수요일,차대차,측면충돌,안전운전 의무 불이행,단일로,기타단일로,승용차,중형,승합차,대형,1,2,5,0,2,37.15206294,126.87196403
성남시,2015   ,2015-11-04 06시,주간,수요일,차량단독,공작물충돌,안전운전 의무 불이행,단일로,기타단일로,승용차,경형,없음,없음,1,0,1,0,0,37.46194649,127.1722566
성남시,2015   ,2015-11-04 04시,야간,수요일,차대차,기타,안전운전 의무 불이행,단일로,기타단일로,화물차,대형,승용차,중형,1,0,1,0,0,37.40697021,127.09866579
의왕시,2015   ,2015-11-04 00시,야간,수요일,차대차,진행중 추돌,안전운전 의무 불이행,단일로,기타단일로,승합차,중형,화물차,소형,1,1,3,0,1,37.38932147,127.00803575
성남시,2015   ,2015-11-03 17시,주간,화요일,차대차,측면충돌,안전운전 의무 불이행,단일로,기타단일로,승합차,대형,이륜차,중형,1,0,1,0,0,37.42239884,127.17064337
고양시,2015   ,2015-11-03 03시,야간,화요일,차량단독,공작물충돌,안전운전 의무 불이행,단일로,기타단일로,승용차,중형,없음,없음,1,0,1,0,0,37.7024674,126.85780891
김포시,2015   ,2015-11-03 00시,야간,화요일,차량단독,공작물충돌,안전운전 의무 불이행,단일로,기타단일로,승용차,중형,없음,없음,1,0,1,0,0,37.63833815,126.63489666
가평군,2015   ,2015-11-02 18시,야간,월요일,차량단독,공작물충돌,안전운전 의무 불이행,단일로,기타단일로,승용차,중형,없음,없음,1,0,1,0,0,37.80265957,127.3474193
광주시,2015   ,2015-11-02 18시,야간,월요일,차대사람,기타,안전운전 의무 불이행,교차로,교차로내,승합차,대형,보행자,보행자,1,0,1,0,0,37.43253895,127.23505028
동두천시,2015   ,2015-11-02 18시,야간,월요일,차대사람,보도통행중,보행자 보호의무 위반,단일로,횡단보도상,화물차,중형,보행자,보행자,1,0,1,0,0,37.89435111,127.08069149
양평군,2015   ,2015-11-01 17시,주간,일요일,차대차,정면충돌,중앙선 침범,기타/불명,기타/불명,승용차,대형,승용차,소형,1,3,6,0,2,37.60262491,127.36085713
화성시,2015   ,2015-11-01 01시,야간,일요일,차량단독,공작물충돌,안전운전 의무 불이행,교차로,교차로내,승용차,중형,없음,없음,1,1,2,0,0,37.12596166,126.920429
군포시,2015   ,2015-10-31 22시,야간,토요일,차대사람,기타,안전운전 의무 불이행,단일로,기타단일로,승용차,소형,보행자,보행자,1,0,1,0,0,37.34459989,126.9478471
파주시,2015   ,2015-10-31 09시,주간,토요일,차대차,정면충돌,중앙선 침범,단일로,기타단일로,승용차,대형,건설기계,건설기계,1,3,4,0,0,37.99301859,126.98809839
이천시,2015   ,2015-10-30 15시,주간,금요일,차대차,측면충돌,안전거리 미확보,교차로,교차로내,승용차,중형,승용차,경형,1,0,1,0,0,37.11364965,127.59251101
파주시,2015   ,2015-10-30 05시,야간,금요일,차대사람,길가장자리구역통행중,안전운전 의무 불이행,단일로,기타단일로,승합차,대형,보행자,보행자,1,0,1,0,0,37.85159767,126.80839044
군포시,2015   ,2015-10-29 23시,야간,목요일,차대차,진행중 추돌,안전운전 의무 불이행,단일로,기타단일로,화물차,소형,화물차,대형,1,0,1,0,0,37.32859537,126.93911477
안성시,2015   ,2015-10-29 10시,주간,목요일,차대차,주정차중 추돌,안전운전 의무 불이행,단일로,기타단일로,승용차,경형,승합차,대형,1,0,1,0,0,37.0790939,127.12877455
부천시,2015   ,2015-10-29 08시,주간,목요일,차대사람,횡단중,보행자 보호의무 위반,교차로,교차로부근,승합차,중형,보행자,보행자,1,0,1,0,0,37.48921001,126.81744659
성남시,2015   ,2015-10-28 19시,야간,수요일,차대사람,기타,안전운전 의무 불이행,단일로,기타단일로,화물차,중형,보행자,보행자,1,0,1,0,0,37.46011959,127.166837
포천시,2015   ,2015-10-28 17시,주간,수요일,차대차,정면충돌,중앙선 침범,단일로,기타단일로,화물차,중형,화물차,중형,1,0,6,0,5,38.05536569,127.32152325
용인시,2015   ,2015-10-28 12시,주간,수요일,차대차,정면충돌,중앙선 침범,단일로,기타단일로,원동기장치자전거,원동기장치자전거,화물차,중형,1,0,3,0,2,37.26211844,127.10430767
시흥시,2015   ,2015-10-27 04시,야간,화요일,차대사람,기타,안전운전 의무 불이행,단일로,기타단일로,화물차,경형,보행자,보행자,1,0,1,0,0,37.42804839,126.81353781
부천시,2015   ,2015-10-26 21시,야간,월요일,차대차,측면충돌,신호위반,교차로,교차로내,이륜차,중형,승용차,중형,1,0,1,0,0,37.51050707,126.7689383
구리시,2015   ,2015-10-26 19시,야간,월요일,차대사람,횡단중,안전운전 의무 불이행,단일로,기타단일로,화물차,소형,보행자,보행자,1,0,1,0,0,37.6157409,127.14288147
하남시,2015   ,2015-10-26 18시,야간,월요일,차대차,정면충돌,안전운전 의무 불이행,교차로,교차로부근,승용차,소형,승합차,대형,1,2,9,0,6,37.54430664,127.16676836
양평군,2015   ,2015-10-25 23시,야간,일요일,차대사람,기타,안전운전 의무 불이행,단일로,기타단일로,승용차,중형,보행자,보행자,1,0,1,0,0,37.51646005,127.65685064
화성시,2015   ,2015-10-25 19시,야간,일요일,차대사람,기타,안전운전 의무 불이행,교차로,교차로내,승용차,중형,보행자,보행자,1,0,1,0,0,37.1379859,126.91298503
성남시,2015   ,2015-10-25 02시,야간,일요일,차대사람,횡단중,안전운전 의무 불이행,단일로,기타단일로,승용차,소형,보행자,보행자,1,0,1,0,0,37.45703566,127.17284338
부천시,2015   ,2015-10-25 01시,야간,일요일,차량단독,기타,안전운전 의무 불이행,단일로,기타단일로,원동기장치자전거,원동기장치자전거,없음,없음,1,0,1,0,0,37.48658564,126.79419192
부천시,2015   ,2015-10-24 20시,야간,토요일,차대사람,기타,안전운전 의무 불이행,단일로,기타단일로,승합차,대형,보행자,보행자,1,0,1,0,0,37.47915208,126.81298011
파주시,2015   ,2015-10-24 09시,주간,토요일,차대차,측면충돌,안전운전 의무 불이행,단일로,기타단일로,원동기장치자전거,원동기장치자전거,승합차,대형,1,0,1,0,0,37.72474019,126.74401812
남양주시,2015   ,2015-10-24 06시,주간,토요일,차대사람,차도통행중,안전운전 의무 불이행,단일로,기타단일로,승용차,중형,보행자,보행자,1,0,1,0,0,37.6710527,127.30239963
과천시,2015   ,2015-10-24 00시,야간,토요일,차대사람,횡단중,과속,단일로,기타단일로,승용차,중형,보행자,보행자,1,0,1,0,0,37.45771651,126.98871667
하남시,2015   ,2015-10-23 02시,야간,금요일,차대사람,길가장자리구역통행중,안전운전 의무 불이행,교차로,교차로내,화물차,중형,보행자,보행자,1,0,1,0,0,37.51883441,127.19693772
성남시,2015   ,2015-10-23 00시,야간,금요일,차대차,측면충돌,신호위반,교차로,교차로내,승용차,중형,승용차,대형,1,1,3,0,1,37.42268585,127.17337714
안성시,2015   ,2015-10-22 22시,야간,목요일,차대사람,기타,안전운전 의무 불이행,단일로,기타단일로,승용차,중형,보행자,보행자,1,0,1,0,0,37.09870241,127.48041884
평택시,2015   ,2015-10-22 14시,주간,목요일,차량단독,전도전복,안전운전 의무 불이행,교차로,교차로내,화물차,소형,없음,없음,1,0,1,0,0,37.12277567,127.04325564
평택시,2015   ,2015-10-21 11시,주간,수요일,차대차,기타,안전거리 미확보,단일로,기타단일로,승용차,중형,원동기장치자전거,원동기장치자전거,1,0,1,0,0,37.0762029,127.0536715
고양시,2015   ,2015-10-21 09시,주간,수요일,차대사람,기타,안전운전 의무 불이행,단일로,기타단일로,승용차,중형,보행자,보행자,1,0,1,0,0,37.60721641,126.81789915
파주시,2015   ,2015-10-21 03시,야간,수요일,차량단독,공작물충돌,안전운전 의무 불이행,단일로,기타단일로,이륜차,중형,없음,없음,1,0,1,0,0,37.76418762,126.81272479
의정부시,2015   ,2015-10-21 01시,야간,수요일,차량단독,공작물충돌,안전운전 의무 불이행,단일로,기타단일로,이륜차,소형,없음,없음,1,0,1,0,0,37.74127834,127.08751524
안성시,2015   ,2015-10-20 15시,주간,화요일,차대차,측면충돌,직진 및 우회전차의 통행방해,교차로,교차로내,건설기계,건설기계,이륜차,중형,1,0,1,0,0,37.06312047,127.14341885
파주시,2015   ,2015-10-20 14시,주간,화요일,차대차,정면충돌,중앙선 침범,단일로,기타단일로,승용차,중형,화물차,소형,1,1,2,0,0,37.97847264,126.95225251
양주시,2015   ,2015-10-20 08시,주간,화요일,차대차,측면충돌,안전운전 의무 불이행,교차로,교차로내,화물차,중형,승용차,중형,1,1,2,0,0,37.86924898,127.01455116
성남시,2015   ,2015-10-19 23시,야간,월요일,차대사람,횡단중,안전운전 의무 불이행,단일로,기타단일로,승용차,중형,보행자,보행자,1,0,1,0,0,37.43787202,127.14159192
안산시,2015   ,2015-10-19 19시,야간,월요일,차대사람,기타,안전운전 의무 불이행,단일로,기타단일로,승용차,중형,보행자,보행자,1,0,1,0,0,37.28613131,126.86593292
용인시,2015   ,2015-10-19 09시,주간,월요일,차대사람,횡단중,신호위반,교차로,교차로내,승합차,대형,보행자,보행자,1,0,1,0,0,37.23552883,127.20721856
평택시,2015   ,2015-10-19 02시,야간,월요일,차대차,기타,신호위반,교차로,교차로내,승용차,중형,승합차,소형,1,3,5,0,1,37.00350103,127.08814102
화성시,2015   ,2015-10-18 23시,야간,일요일,차량단독,전도전복,안전운전 의무 불이행,단일로,기타단일로,승용차,중형,없음,없음,2,0,3,1,0,37.1647167,126.844963
양평군,2015   ,2015-10-18 23시,야간,일요일,차대사람,길가장자리구역통행중,안전운전 의무 불이행,교차로,교차로내,화물차,중형,보행자,보행자,1,0,1,0,0,37.51145707,127.40103713
이천시,2015   ,2015-10-17 20시,야간,토요일,차대차,진행중 추돌,안전운전 의무 불이행,단일로,기타단일로,승용차,중형,농기계,농기계,1,1,2,0,0,37.25515582,127.35555589
수원시,2015   ,2015-10-17 15시,주간,토요일,차대차,정면충돌,중앙선 침범,단일로,기타단일로,원동기장치자전거,원동기장치자전거,화물차,소형,1,0,1,0,0,37.29356458,126.94613308
화성시,2015   ,2015-10-17 12시,주간,토요일,차대사람,기타,안전운전 의무 불이행,단일로,기타단일로,승용차,중형,보행자,보행자,1,0,1,0,0,37.22444923,126.97661134
가평군,2015   ,2015-10-16 18시,야간,금요일,차대차,정면충돌,중앙선 침범,단일로,고가도로위,승용차,중형,승용차,중형,1,4,5,0,0,37.62345592,127.49576177
동두천시,2015   ,2015-10-16 17시,주간,금요일,차대차,기타,차로위반(진로변경 위반),단일로,기타단일로,승용차,중형,이륜차,중형,1,0,1,0,0,37.91866803,127.0537032
용인시,2015   ,2015-10-16 15시,주간,금요일,차대차,기타,안전운전 의무 불이행,단일로,기타단일로,화물차,소형,승합차,대형,1,1,3,0,1,37.28973496,127.10364413
김포시,2015   ,2015-10-16 10시,주간,금요일,차대사람,횡단중,안전운전 의무 불이행,단일로,기타단일로,특수차,중형,보행자,보행자,1,0,1,0,0,37.61870488,126.62114162
구리시,2015   ,2015-10-15 20시,야간,목요일,차량단독,기타,안전운전 의무 불이행,단일로,기타단일로,이륜차,소형,없음,없음,1,0,1,0,0,37.62598909,127.13988599
양주시,2015   ,2015-10-14 18시,야간,수요일,차대사람,기타,안전운전 의무 불이행,교차로,교차로내,화물차,소형,보행자,보행자,1,0,1,0,0,37.79861491,126.99789385
포천시,2015   ,2015-10-14 17시,주간,수요일,차대사람,횡단중,보행자 보호의무 위반,단일로,횡단보도상,화물차,소형,보행자,보행자,1,0,1,0,0,37.89300933,127.20964969
파주시,2015   ,2015-10-14 13시,주간,수요일,차대차,측면충돌,안전운전 의무 불이행,교차로,교차로내,이륜차,소형,화물차,중형,1,0,2,0,1,37.8059761,126.70852079
수원시,2015   ,2015-10-14 05시,야간,수요일,차대사람,횡단중,안전운전 의무 불이행,교차로,교차로내,화물차,중형,보행자,보행자,1,0,1,0,0,37.26516766,127.02417157
용인시,2015   ,2015-10-14 03시,야간,수요일,차대차,진행중 추돌,안전운전 의무 불이행,단일로,기타단일로,승용차,중형,화물차,대형,1,0,2,0,1,37.2897953,127.09748392
여주시,2015   ,2015-10-14 00시,야간,수요일,차대사람,횡단중,안전운전 의무 불이행,교차로,교차로부근,승용차,소형,보행자,보행자,1,0,1,0,0,37.28921351,127.63444578
안산시,2015   ,2015-10-13 16시,주간,화요일,차대차,정면충돌,중앙선 침범,단일로,기타단일로,승용차,경형,화물차,중형,2,1,3,0,0,37.23219224,126.63272766
부천시,2015   ,2015-10-13 15시,주간,화요일,차대차,측면충돌,신호위반,교차로,교차로내,화물차,소형,이륜차,소형,1,0,1,0,0,37.51515186,126.77525232
양주시,2015   ,2015-10-13 13시,주간,화요일,차대차,진행중 추돌,중앙선 침범,단일로,기타단일로,승용차,소형,화물차,중형,1,0,1,0,0,37.92101698,126.99909938
양평군,2015   ,2015-10-13 10시,주간,화요일,차량단독,공작물충돌,안전운전 의무 불이행,단일로,기타단일로,승용차,소형,없음,없음,1,0,1,0,0,37.52980343,127.47943522
평택시,2015   ,2015-10-12 23시,야간,월요일,차대차,기타,안전운전 의무 불이행,교차로,교차로부근,승용차,중형,승용차,중형,1,1,3,0,1,37.04521986,127.06064527
화성시,2015   ,2015-10-12 12시,주간,월요일,차대사람,횡단중,안전운전 의무 불이행,교차로,교차로부근,화물차,중형,보행자,보행자,1,0,1,0,0,37.22045129,126.94971143
양주시,2015   ,2015-10-12 10시,주간,월요일,차대차,진행중 추돌,안전운전 의무 불이행,단일로,기타단일로,승용차,중형,화물차,대형,1,0,3,0,2,37.89078637,127.03166023
안산시,2015   ,2015-10-12 03시,야간,월요일,차대차,진행중 추돌,안전운전 의무 불이행,교차로,교차로부근,승용차,중형,승용차,중형,1,0,3,0,2,37.31718644,126.82563
용인시,2015   ,2015-10-11 21시,야간,일요일,차량단독,공작물충돌,중앙선 침범,단일로,기타단일로,승용차,중형,없음,없음,1,0,1,0,0,37.22824969,127.24405216
포천시,2015   ,2015-10-11 20시,야간,일요일,차대사람,횡단중,안전운전 의무 불이행,단일로,기타단일로,승용차,중형,보행자,보행자,1,0,1,0,0,37.82322979,127.1409182
가평군,2015   ,2015-10-11 16시,주간,일요일,차대차,기타,안전운전 의무 불이행,교차로,교차로내,승용차,중형,승용차,대형,1,1,2,0,0,37.68921268,127.46470317
고양시,2015   ,2015-10-11 06시,주간,일요일,차대사람,횡단중,안전운전 의무 불이행,단일로,기타단일로,승용차,중형,보행자,보행자,1,0,1,0,0,37.70866415,126.90508663
고양시,2015   ,2015-10-10 23시,야간,토요일,차대사람,횡단중,안전운전 의무 불이행,교차로,교차로부근,화물차,소형,보행자,보행자,1,0,1,0,0,37.5989116,126.87419712
평택시,2015   ,2015-10-10 12시,주간,토요일,차대차,기타,중앙선 침범,단일로,기타단일로,승용차,중형,승용차,경형,1,1,2,0,0,37.12123089,127.07887013
하남시,2015   ,2015-10-09 21시,야간,금요일,차대차,측면충돌,신호위반,교차로,교차로내,승용차,중형,이륜차,중형,1,0,1,0,0,37.53185558,127.21734845
안산시,2015   ,2015-10-09 16시,주간,금요일,차대차,측면충돌,부당한 회전,교차로,교차로부근,자전거,자전거,승용차,소형,1,0,2,0,1,37.32949951,126.78723225
고양시,2015   ,2015-10-09 07시,주간,금요일,차대사람,길가장자리구역통행중,안전운전 의무 불이행,기타/불명,기타/불명,승용차,소형,보행자,보행자,1,0,1,0,0,37.66071659,126.71593846
용인시,2015   ,2015-10-08 00시,야간,목요일,차량단독,공작물충돌,안전운전 의무 불이행,단일로,기타단일로,이륜차,중형,없음,없음,1,0,1,0,0,37.22908317,127.17255695
의정부시,2015   ,2015-10-07 18시,야간,수요일,차대차,기타,신호위반,교차로,교차로내,이륜차,소형,화물차,소형,1,0,1,0,0,37.73861713,127.04757934
남양주시,2015   ,2015-10-06 12시,주간,화요일,차대차,기타,안전운전 의무 불이행,단일로,기타단일로,원동기장치자전거,원동기장치자전거,승용차,소형,1,0,3,0,2,37.5984631,127.19462125
고양시,2015   ,2015-10-05 07시,주간,월요일,차대사람,횡단중,신호위반,기타/불명,기타/불명,승용차,중형,보행자,보행자,1,0,1,0,0,37.70852442,126.80079383
포천시,2015   ,2015-10-04 19시,야간,일요일,차대사람,차도통행중,안전운전 의무 불이행,단일로,기타단일로,승용차,대형,보행자,보행자,1,0,1,0,0,37.78027712,127.22635305
평택시,2015   ,2015-10-04 16시,주간,일요일,차량단독,공작물충돌,안전운전 의무 불이행,단일로,기타단일로,농기계,농기계,없음,없음,1,0,1,0,0,36.9745513,126.90796228
가평군,2015   ,2015-10-04 11시,주간,일요일,차대차,정면충돌,중앙선 침범,단일로,기타단일로,이륜차,중형,이륜차,대형,1,1,4,0,2,37.59427847,127.48599891
양평군,2015   ,2015-10-03 18시,야간,토요일,차대차,진행중 추돌,안전거리 미확보,단일로,기타단일로,승용차,중형,건설기계,건설기계,1,0,1,0,0,37.48400465,127.56909935
이천시,2015   ,2015-10-03 17시,주간,토요일,차대차,측면충돌,안전운전 의무 불이행,단일로,기타단일로,승용차,중형,승용차,소형,1,0,5,0,4,37.3149703,127.39630701
남양주시,2015   ,2015-10-02 15시,주간,금요일,차대차,진행중 추돌,신호위반,교차로,교차로내,화물차,소형,화물차,소형,1,1,3,0,1,37.69444994,127.17551219
양평군,2015   ,2015-10-02 00시,야간,금요일,차대사람,기타,안전운전 의무 불이행,단일로,기타단일로,화물차,중형,보행자,보행자,1,0,1,0,0,37.50485779,127.46026446
의정부시,2015   ,2015-09-30 09시,주간,수요일,차대사람,기타,안전운전 의무 불이행,기타/불명,기타/불명,승용차,대형,보행자,보행자,1,0,1,0,0,37.72556239,127.05612409
수원시,2015   ,2015-09-29 20시,야간,화요일,차대차,기타,과속,교차로,교차로내,승용차,중형,자전거,자전거,1,0,1,0,0,37.3011508,126.98323403
용인시,2015   ,2015-09-29 15시,주간,화요일,차량단독,공작물충돌,안전운전 의무 불이행,단일로,기타단일로,원동기장치자전거,원동기장치자전거,없음,없음,1,0,1,0,0,37.33007681,127.24229615
용인시,2015   ,2015-09-28 22시,야간,월요일,차대사람,기타,안전운전 의무 불이행,교차로,교차로부근,승용차,소형,보행자,보행자,1,0,1,0,0,37.27918537,127.10535766
수원시,2015   ,2015-09-27 06시,주간,일요일,차대차,기타,안전운전 의무 불이행,단일로,기타단일로,승용차,중형,승용차,중형,1,0,1,0,0,37.29265445,126.95787327
수원시,2015   ,2015-09-27 05시,야간,일요일,차대사람,횡단중,안전운전 의무 불이행,단일로,기타단일로,승합차,대형,보행자,보행자,1,0,1,0,0,37.26767382,127.00017765
양평군,2015   ,2015-09-26 11시,주간,토요일,차대차,기타,안전운전 의무 불이행,교차로,교차로내,농기계,농기계,승용차,중형,1,0,1,0,0,37.49707632,127.60359355
안산시,2015   ,2015-09-25 09시,주간,금요일,차대사람,기타,안전운전 의무 불이행,교차로,교차로내,승용차,중형,보행자,보행자,1,0,1,0,0,37.29178569,126.86643829
안성시,2015   ,2015-09-24 06시,주간,목요일,차대차,진행중 추돌,안전운전 의무 불이행,단일로,기타단일로,화물차,소형,화물차,대형,1,1,2,0,0,37.10928577,127.21834129
이천시,2015   ,2015-09-23 19시,야간,수요일,차대차,측면충돌,신호위반,교차로,교차로내,이륜차,소형,화물차,중형,1,0,1,0,0,37.2638664,127.46936877
양주시,2015   ,2015-09-23 14시,주간,수요일,차량단독,공작물충돌,안전운전 의무 불이행,단일로,기타단일로,자전거,자전거,없음,없음,1,0,1,0,0,37.7830267,126.95236943
오산시,2015   ,2015-09-22 22시,야간,화요일,차대차,기타,안전운전 의무 불이행,단일로,기타단일로,승용차,경형,승용차,중형,1,0,1,0,0,37.17710758,126.99742921
고양시,2015   ,2015-09-22 12시,주간,화요일,차대차,측면충돌,안전운전 의무 불이행,단일로,기타단일로,승용차,중형,자전거,자전거,1,0,1,0,0,37.67335583,126.74116059