시군명,발생년도,발생일자,주야구분명,사고요일,사고유형_대분류,사고유형,법규위반내용,도로형태_대분류,도로형태,당사자1_대분류,당사자1_차종,당사자2_대분류,당사자2_차종,사망자수,중상자수,부상자수,부상신고자수,경상자수,WGS84위도,WGS84경도
평택시,2015   ,2015-07-28 09시,주간,화요일,차대차,정면충돌,중앙선 침범,단일로,기타단일로,승용차,경형,화물차,중형,1,1,2,0,0,37.05192311,127.04775184
파주시,2015   ,2015-07-28 07시,주간,화요일,차대사람,횡단중,안전운전 의무 불이행,단일로,기타단일로,승용차,소형,보행자,보행자,1,0,1,0,0,37.80975455,126.78198182
남양주시,2015   ,2015-07-27 23시,야간,월요일,차대사람,횡단중,신호위반,단일로,횡단보도상,승용차,대형,보행자,보행자,1,0,1,0,0,37.5879962,127.20798428
고양시,2015   ,2015-07-27 10시,주간,월요일,차대차,기타,안전운전 의무 불이행,교차로,교차로내,승용차,중형,이륜차,중형,1,0,1,0,0,37.7003535,126.90321328
수원시,2015   ,2015-07-27 01시,야간,월요일,차대차,기타,신호위반,교차로,교차로내,승용차,중형,승용차,중형,1,2,4,0,1,37.29514314,127.01631064
고양시,2015   ,2015-07-26 16시,주간,일요일,차대차,측면충돌,안전운전 의무 불이행,교차로,교차로내,승용차,중형,자전거,자전거,1,0,1,0,0,37.6747367,126.77439459
화성시,2015   ,2015-07-24 08시,주간,금요일,차대차,측면충돌,안전운전 의무 불이행,단일로,기타단일로,화물차,소형,화물차,중형,1,0,1,0,0,37.24589193,126.88272075
오산시,2015   ,2015-07-23 23시,야간,목요일,차대사람,횡단중,안전운전 의무 불이행,교차로,교차로부근,승용차,소형,보행자,보행자,1,0,1,0,0,37.1294964,127.0711914
시흥시,2015   ,2015-07-23 20시,야간,목요일,차대차,정면충돌,안전운전 의무 불이행,단일로,기타단일로,승용차,중형,승용차,경형,1,2,3,0,0,37.40279056,126.76817834
부천시,2015   ,2015-07-23 06시,주간,목요일,차대차,측면충돌,안전거리 미확보,단일로,기타단일로,승용차,대형,자전거,자전거,1,0,1,0,0,37.49444266,126.77881228
안양시,2015   ,2015-07-22 23시,야간,수요일,차대사람,횡단중,안전운전 의무 불이행,교차로,교차로내,승합차,대형,보행자,보행자,1,0,1,0,0,37.39090906,126.95096448
하남시,2015   ,2015-07-22 11시,주간,수요일,차대차,주정차중 추돌,안전운전 의무 불이행,교차로,교차로부근,건설기계,건설기계,이륜차,소형,1,0,1,0,0,37.56023266,127.20360894
시흥시,2015   ,2015-07-22 01시,야간,수요일,차대사람,횡단중,안전운전 의무 불이행,교차로,교차로내,승용차,중형,보행자,보행자,1,2,3,0,0,37.3394639,126.74858576
고양시,2015   ,2015-07-20 22시,야간,월요일,차대사람,기타,보행자 보호의무 위반,단일로,횡단보도상,승합차,대형,보행자,보행자,1,0,1,0,0,37.68426647,126.77046844
성남시,2015   ,2015-07-20 17시,주간,월요일,차대사람,기타,안전운전 의무 불이행,단일로,기타단일로,화물차,중형,보행자,보행자,1,0,1,0,0,37.3689308,127.11178851
용인시,2015   ,2015-07-19 08시,주간,일요일,차량단독,공작물충돌,안전운전 의무 불이행,단일로,기타단일로,화물차,중형,없음,없음,1,0,2,1,0,37.26264258,127.10201554
성남시,2015   ,2015-07-19 00시,야간,일요일,차량단독,기타,안전운전 의무 불이행,기타/불명,기타/불명,자전거,자전거,없음,없음,1,0,1,0,0,37.43552743,127.13536345
의정부시,2015   ,2015-07-18 23시,야간,토요일,차대차,측면충돌,신호위반,교차로,교차로내,이륜차,중형,승용차,중형,1,0,2,0,1,37.73313887,127.04804393
평택시,2015   ,2015-07-18 23시,야간,토요일,차대차,기타,안전운전 의무 불이행,단일로,기타단일로,승용차,경형,승용차,소형,1,1,2,0,0,36.99194264,127.08241593
김포시,2015   ,2015-07-18 14시,주간,토요일,차대사람,길가장자리구역통행중,안전운전 의무 불이행,단일로,기타단일로,승용차,중형,보행자,보행자,1,0,1,0,0,37.73144184,126.62852626
용인시,2015   ,2015-07-18 04시,야간,토요일,차량단독,공작물충돌,안전운전 의무 불이행,교차로,교차로부근,승용차,소형,없음,없음,1,1,2,0,0,37.27620864,127.11567169
이천시,2015   ,2015-07-17 17시,주간,금요일,차대사람,기타,안전운전 의무 불이행,단일로,기타단일로,화물차,소형,보행자,보행자,1,0,1,0,0,37.09545867,127.54679022
안산시,2015   ,2015-07-17 00시,야간,금요일,차대차,측면충돌,신호위반,교차로,교차로내,원동기장치자전거,원동기장치자전거,승용차,중형,1,0,2,0,1,37.33403326,126.81622299
포천시,2015   ,2015-07-16 22시,야간,목요일,차대차,정면충돌,중앙선 침범,단일로,기타단일로,승용차,중형,원동기장치자전거,원동기장치자전거,1,0,1,0,0,37.91111489,127.18789568
안양시,2015   ,2015-07-16 17시,주간,목요일,차대사람,횡단중,안전운전 의무 불이행,단일로,기타단일로,화물차,대형,보행자,보행자,1,0,1,0,0,37.39591121,126.91514826
파주시,2015   ,2015-07-16 07시,주간,목요일,차대차,기타,신호위반,교차로,교차로부근,이륜차,소형,승용차,소형,1,0,1,0,0,37.75228423,126.76539671
파주시,2015   ,2015-07-16 02시,야간,목요일,차대사람,기타,안전운전 의무 불이행,교차로,교차로부근,승용차,중형,보행자,보행자,1,0,1,0,0,37.71805241,126.73701734
화성시,2015   ,2015-07-15 21시,야간,수요일,차량단독,공작물충돌,안전운전 의무 불이행,교차로,교차로부근,승용차,소형,없음,없음,1,0,1,0,0,37.07820705,126.91356997
성남시,2015   ,2015-07-13 14시,주간,월요일,차대차,기타,안전운전 의무 불이행,단일로,기타단일로,화물차,소형,승합차,대형,1,1,2,0,0,37.35953145,127.10317687
하남시,2015   ,2015-07-13 12시,주간,월요일,차량단독,전도전복,안전운전 의무 불이행,단일로,기타단일로,원동기장치자전거,원동기장치자전거,없음,없음,1,0,1,0,0,37.5135207,127.15885998
고양시,2015   ,2015-07-13 08시,주간,월요일,차대사람,횡단중,신호위반,단일로,기타단일로,승용차,중형,보행자,보행자,1,0,1,0,0,37.65935171,126.83568702
이천시,2015   ,2015-07-12 22시,야간,일요일,차대사람,횡단중,안전운전 의무 불이행,단일로,기타단일로,승용차,중형,보행자,보행자,1,0,1,0,0,37.23699654,127.44677514
안양시,2015   ,2015-07-11 06시,주간,토요일,차대차,측면충돌,안전운전 의무 불이행,단일로,기타단일로,승합차,소형,화물차,소형,1,0,4,3,0,37.37104858,126.89312616
연천군,2015   ,2015-07-10 17시,주간,금요일,차대차,진행중 추돌,안전운전 의무 불이행,단일로,기타단일로,화물차,소형,농기계,농기계,1,0,1,0,0,38.12131483,127.07640775
평택시,2015   ,2015-07-10 14시,주간,금요일,차대차,기타,신호위반,교차로,교차로내,이륜차,소형,승용차,경형,1,0,1,0,0,37.05308619,127.07462458
안산시,2015   ,2015-07-10 07시,주간,금요일,차대차,주정차중 추돌,안전운전 의무 불이행,교차로,교차로부근,화물차,소형,승용차,중형,1,0,2,0,1,37.32962758,126.82917603
평택시,2015   ,2015-07-09 08시,주간,목요일,차대차,진행중 추돌,안전운전 의무 불이행,교차로,교차로부근,화물차,대형,화물차,대형,1,0,2,0,1,36.93715407,126.89080095
화성시,2015   ,2015-07-09 02시,야간,목요일,차량단독,공작물충돌,안전운전 의무 불이행,단일로,기타단일로,승용차,중형,없음,없음,2,0,2,0,0,37.0506817,126.76680473
화성시,2015   ,2015-07-08 01시,야간,수요일,차량단독,공작물충돌,안전운전 의무 불이행,교차로,교차로부근,승용차,중형,없음,없음,1,0,1,0,0,37.23771337,126.96154772
김포시,2015   ,2015-07-07 21시,야간,화요일,차대사람,횡단중,과속,교차로,교차로부근,화물차,소형,보행자,보행자,1,0,1,0,0,37.62746973,126.71232148
수원시,2015   ,2015-07-07 06시,주간,화요일,차대사람,횡단중,안전운전 의무 불이행,교차로,교차로부근,승합차,대형,보행자,보행자,1,0,1,0,0,37.26981293,126.99870854
양주시,2015   ,2015-07-06 09시,주간,월요일,차대차,진행중 추돌,안전운전 의무 불이행,단일로,기타단일로,이륜차,소형,건설기계,건설기계,1,1,2,0,0,37.73247314,126.99928276
부천시,2015   ,2015-07-04 23시,야간,토요일,차량단독,공작물충돌,안전운전 의무 불이행,교차로,교차로부근,자전거,자전거,없음,없음,1,0,1,0,0,37.50333867,126.78618249
하남시,2015   ,2015-07-04 08시,주간,토요일,차대차,기타,안전운전 의무 불이행,단일로,기타단일로,승용차,중형,자전거,자전거,1,0,1,0,0,37.52898463,127.26911574
양주시,2015   ,2015-07-04 07시,주간,토요일,차대차,정면충돌,안전운전 의무 불이행,교차로,교차로내,승용차,중형,이륜차,소형,1,0,1,0,0,37.7211041,126.97977453
수원시,2015   ,2015-07-03 21시,야간,금요일,차대사람,기타,안전운전 의무 불이행,단일로,기타단일로,승용차,소형,보행자,보행자,1,0,1,0,0,37.24612872,127.03514944
평택시,2015   ,2015-07-03 09시,주간,금요일,차대차,측면충돌,안전운전 의무 불이행,단일로,기타단일로,원동기장치자전거,원동기장치자전거,승용차,중형,1,0,1,0,0,37.05278228,127.05565315
남양주시,2015   ,2015-07-02 08시,주간,목요일,차대사람,횡단중,보행자 보호의무 위반,단일로,횡단보도상,화물차,중형,보행자,보행자,1,0,1,0,0,37.63324892,127.20641325
이천시,2015   ,2015-07-02 06시,주간,목요일,차량단독,도로이탈 추락,안전운전 의무 불이행,단일로,기타단일로,자전거,자전거,없음,없음,1,0,1,0,0,37.22655856,127.43006535
용인시,2015   ,2015-07-01 02시,야간,수요일,차대사람,횡단중,안전운전 의무 불이행,단일로,기타단일로,승용차,경형,보행자,보행자,1,0,1,0,0,37.23827399,127.18118707
부천시,2015   ,2015-06-30 21시,야간,화요일,차대차,측면충돌,직진 및 우회전차의 통행방해,교차로,교차로내,승용차,중형,이륜차,소형,1,0,1,0,0,37.52667829,126.8095567
김포시,2015   ,2015-06-30 19시,야간,화요일,차대차,기타,중앙선 침범,단일로,기타단일로,원동기장치자전거,원동기장치자전거,승용차,경형,1,0,1,0,0,37.71996486,126.6341865
화성시,2015   ,2015-06-30 03시,야간,화요일,차량단독,공작물충돌,안전운전 의무 불이행,단일로,기타단일로,승용차,소형,없음,없음,1,0,1,0,0,37.20542132,127.02152677
시흥시,2015   ,2015-06-29 23시,야간,월요일,차대사람,횡단중,안전운전 의무 불이행,교차로,교차로부근,승용차,중형,보행자,보행자,1,0,1,0,0,37.43979647,126.78670739
안산시,2015   ,2015-06-29 21시,야간,월요일,차대사람,기타,신호위반,교차로,교차로내,승용차,중형,보행자,보행자,1,0,1,0,0,37.30810205,126.82116351
양주시,2015   ,2015-06-29 12시,주간,월요일,차대사람,횡단중,신호위반,교차로,교차로내,승합차,소형,보행자,보행자,1,0,1,0,0,37.79263993,127.0861963
광주시,2015   ,2015-06-28 21시,야간,일요일,차대차,정면충돌,중앙선 침범,단일로,기타단일로,승용차,중형,승용차,중형,2,1,3,0,0,37.40297614,127.2204094
수원시,2015   ,2015-06-27 22시,야간,토요일,차대사람,차도통행중,안전운전 의무 불이행,단일로,기타단일로,승용차,중형,보행자,보행자,1,0,1,0,0,37.27831904,127.00657077
수원시,2015   ,2015-06-27 04시,야간,토요일,차대사람,횡단중,안전운전 의무 불이행,단일로,기타단일로,승용차,중형,보행자,보행자,1,0,1,0,0,37.30933844,126.99437245
시흥시,2015   ,2015-06-27 01시,야간,토요일,차대차,진행중 추돌,안전운전 의무 불이행,단일로,기타단일로,이륜차,대형,승용차,중형,1,0,3,0,2,37.32357044,126.64970334
파주시,2015   ,2015-06-27 00시,야간,토요일,차대사람,기타,안전운전 의무 불이행,단일로,기타단일로,승용차,중형,보행자,보행자,1,0,1,0,0,37.75845334,126.8062388
군포시,2015   ,2015-06-26 16시,주간,금요일,차대차,기타,차로위반(진로변경 위반),단일로,기타단일로,자전거,자전거,승용차,소형,1,0,1,0,0,37.32381394,126.91773911
양주시,2015   ,2015-06-26 14시,주간,금요일,차대차,정면충돌,중앙선 침범,단일로,기타단일로,승용차,중형,화물차,중형,1,1,2,0,0,37.85583641,126.95476405
평택시,2015   ,2015-06-26 11시,주간,금요일,차대사람,횡단중,안전운전 의무 불이행,교차로,교차로내,화물차,소형,보행자,보행자,1,0,1,0,0,37.04639725,127.05970509
안산시,2015   ,2015-06-26 09시,주간,금요일,차대차,기타,안전운전 의무 불이행,교차로,교차로내,승용차,대형,승용차,중형,1,1,3,0,1,37.31277771,126.82545497
부천시,2015   ,2015-06-26 02시,야간,금요일,차대차,측면충돌,안전운전 의무 불이행,단일로,기타단일로,화물차,중형,승용차,중형,1,2,4,1,0,37.52415112,126.76132471
포천시,2015   ,2015-06-25 11시,주간,목요일,차량단독,전도전복,안전운전 의무 불이행,단일로,기타단일로,이륜차,중형,없음,없음,1,0,1,0,0,38.00034267,127.34063227
의정부시,2015   ,2015-06-24 22시,야간,수요일,차대사람,기타,안전운전 의무 불이행,기타/불명,기타/불명,승용차,소형,보행자,보행자,1,0,1,0,0,37.71951183,127.10075277
화성시,2015   ,2015-06-24 08시,주간,수요일,차대차,정면충돌,중앙선 침범,단일로,기타단일로,승용차,소형,승용차,중형,1,1,2,0,0,37.23521584,126.9673827
안양시,2015   ,2015-06-24 06시,주간,수요일,차대사람,보도통행중,기타(운전자법규위반),단일로,기타단일로,화물차,소형,보행자,보행자,1,0,1,0,0,37.40044849,126.94772005
화성시,2015   ,2015-06-23 11시,주간,화요일,차량단독,공작물충돌,안전운전 의무 불이행,단일로,기타단일로,자전거,자전거,없음,없음,1,0,1,0,0,37.16801028,126.81061439
성남시,2015   ,2015-06-23 05시,야간,화요일,차량단독,공작물충돌,안전운전 의무 불이행,단일로,기타단일로,승용차,중형,없음,없음,1,0,1,0,0,37.44953306,127.12617168
가평군,2015   ,2015-06-22 21시,야간,월요일,차대사람,횡단중,안전운전 의무 불이행,단일로,기타단일로,승용차,대형,보행자,보행자,1,0,1,0,0,37.73916083,127.42009752
안성시,2015   ,2015-06-22 02시,야간,월요일,차대차,기타,안전운전 의무 불이행,단일로,기타단일로,화물차,중형,승합차,소형,1,0,1,0,0,37.03514466,127.1360274
광명시,2015   ,2015-06-21 22시,야간,일요일,차대차,측면충돌,신호위반,교차로,교차로내,이륜차,소형,승용차,중형,1,0,3,2,0,37.46063683,126.87609762
가평군,2015   ,2015-06-21 20시,야간,일요일,차대차,진행중 추돌,안전운전 의무 불이행,단일로,기타단일로,화물차,소형,화물차,소형,1,0,3,0,2,37.85735954,127.51156114
광주시,2015   ,2015-06-21 14시,주간,일요일,차량단독,전도전복,안전운전 의무 불이행,단일로,기타단일로,자전거,자전거,없음,없음,1,0,1,0,0,37.35636586,127.32948118
하남시,2015   ,2015-06-20 23시,야간,토요일,차대차,기타,안전운전 의무 불이행,단일로,기타단일로,승용차,대형,승용차,중형,1,1,3,0,1,37.51070612,127.14883634
안산시,2015   ,2015-06-20 20시,야간,토요일,차량단독,공작물충돌,안전운전 의무 불이행,단일로,기타단일로,승용차,소형,없음,없음,1,0,1,0,0,37.35146442,126.86111584
연천군,2015   ,2015-06-20 16시,주간,토요일,차량단독,공작물충돌,안전운전 의무 불이행,단일로,기타단일로,승용차,소형,없음,없음,1,0,1,0,0,37.98941949,127.07069879
안산시,2015   ,2015-06-20 03시,야간,토요일,차대사람,보도통행중,안전운전 의무 불이행,단일로,기타단일로,승용차,중형,보행자,보행자,1,1,3,0,1,37.36589632,126.87648768
성남시,2015   ,2015-06-19 22시,야간,금요일,차대차,측면충돌,신호위반,교차로,교차로내,이륜차,중형,승용차,소형,1,0,1,0,0,37.43234018,127.1576689
의정부시,2015   ,2015-06-19 18시,야간,금요일,차대차,진행중 추돌,안전운전 의무 불이행,단일로,기타단일로,화물차,중형,자전거,자전거,1,0,1,0,0,37.76341756,127.09088917
성남시,2015   ,2015-06-19 11시,주간,금요일,차량단독,공작물충돌,안전운전 의무 불이행,단일로,기타단일로,건설기계,건설기계,없음,없음,1,0,1,0,0,37.39546953,127.07567986
동두천시,2015   ,2015-06-19 07시,주간,금요일,차대차,진행중 추돌,안전운전 의무 불이행,단일로,기타단일로,화물차,대형,원동기장치자전거,원동기장치자전거,1,0,1,0,0,37.9041837,127.04416745
화성시,2015   ,2015-06-19 04시,야간,금요일,차량단독,전도전복,안전운전 의무 불이행,단일로,기타단일로,승용차,중형,없음,없음,1,0,1,0,0,37.2082062,127.05374047
화성시,2015   ,2015-06-18 20시,야간,목요일,차대사람,횡단중,안전운전 의무 불이행,교차로,교차로부근,승용차,소형,보행자,보행자,1,0,1,0,0,37.16224065,126.93103198
김포시,2015   ,2015-06-18 11시,주간,목요일,차대차,기타,중앙선 침범,교차로,교차로부근,화물차,소형,승합차,대형,1,0,6,1,4,37.65018917,126.61888895
광주시,2015   ,2015-06-18 05시,야간,목요일,차대차,진행중 추돌,안전운전 의무 불이행,단일로,기타단일로,원동기장치자전거,원동기장치자전거,화물차,중형,1,0,1,0,0,37.4036631,127.21742393
포천시,2015   ,2015-06-17 11시,주간,수요일,차대차,주정차중 추돌,안전운전 의무 불이행,단일로,기타단일로,화물차,대형,화물차,중형,1,3,4,0,0,37.95999919,127.30924363
김포시,2015   ,2015-06-17 03시,야간,수요일,차대차,진행중 추돌,안전운전 의무 불이행,단일로,기타단일로,승용차,중형,원동기장치자전거,원동기장치자전거,1,0,1,0,0,37.70359976,126.56832076
화성시,2015   ,2015-06-16 18시,야간,화요일,차대사람,차도통행중,안전운전 의무 불이행,단일로,기타단일로,승용차,중형,보행자,보행자,1,0,1,0,0,37.15155444,127.12444539
성남시,2015   ,2015-06-16 18시,야간,화요일,차대사람,길가장자리구역통행중,안전운전 의무 불이행,기타/불명,기타/불명,승용차,중형,보행자,보행자,1,1,2,0,0,37.43522405,127.18000314
평택시,2015   ,2015-06-15 21시,야간,월요일,차대사람,횡단중,신호위반,단일로,기타단일로,승용차,중형,보행자,보행자,1,0,1,0,0,37.00480386,127.04973953
평택시,2015   ,2015-06-15 18시,야간,월요일,차량단독,공작물충돌,안전운전 의무 불이행,단일로,기타단일로,원동기장치자전거,원동기장치자전거,없음,없음,1,0,1,0,0,37.10782668,127.03310356
파주시,2015   ,2015-06-14 20시,야간,일요일,차대사람,차도통행중,안전운전 의무 불이행,기타/불명,기타/불명,승용차,소형,보행자,보행자,1,0,1,0,0,37.73903705,126.82451124
포천시,2015   ,2015-06-14 10시,주간,일요일,차량단독,전도전복,안전운전 의무 불이행,단일로,기타단일로,이륜차,중형,없음,없음,1,0,1,0,0,38.01487332,127.21704157
용인시,2015   ,2015-06-13 11시,주간,토요일,차대차,기타,안전거리 미확보,단일로,기타단일로,승용차,중형,승합차,대형,1,0,2,0,1,37.09498074,127.12140517
안산시,2015   ,2015-06-13 06시,주간,토요일,차대차,진행중 추돌,안전거리 미확보,단일로,기타단일로,승용차,중형,건설기계,건설기계,1,1,3,0,1,37.31762673,126.81909154
부천시,2015   ,2015-06-13 02시,야간,토요일,차대사람,횡단중,안전운전 의무 불이행,단일로,횡단보도상,승용차,대형,보행자,보행자,1,0,1,0,0,37.49508524,126.78517505
파주시,2015   ,2015-06-13 01시,야간,토요일,차량단독,공작물충돌,안전운전 의무 불이행,교차로,교차로내,승용차,소형,없음,없음,1,0,2,1,0,37.76769517,126.77976594
고양시,2015   ,2015-06-12 14시,주간,금요일,차량단독,공작물충돌,안전운전 의무 불이행,단일로,기타단일로,승용차,대형,없음,없음,1,1,3,1,0,37.57815507,126.85931979
김포시,2015   ,2015-06-12 05시,야간,금요일,차대사람,횡단중,안전운전 의무 불이행,단일로,기타단일로,승용차,소형,보행자,보행자,1,0,1,0,0,37.64184559,126.65371682
고양시,2015   ,2015-06-11 09시,주간,목요일,차대사람,기타,안전운전 의무 불이행,단일로,기타단일로,화물차,소형,보행자,보행자,1,0,1,0,0,37.65350365,126.72925531
파주시,2015   ,2015-06-10 20시,야간,수요일,차대차,기타,중앙선 침범,교차로,교차로부근,승용차,중형,승용차,중형,1,1,2,0,0,37.94789255,126.83836707
수원시,2015   ,2015-06-10 03시,야간,수요일,차대사람,횡단중,과속,단일로,횡단보도상,승용차,대형,보행자,보행자,1,0,1,0,0,37.2845228,126.99007124
평택시,2015   ,2015-06-09 23시,야간,화요일,차량단독,기타,안전운전 의무 불이행,단일로,기타단일로,이륜차,소형,없음,없음,1,0,1,0,0,37.06227277,127.06496744
안산시,2015   ,2015-06-09 10시,주간,화요일,차대차,주정차중 추돌,안전운전 의무 불이행,단일로,기타단일로,화물차,소형,승용차,중형,1,0,1,0,0,37.29097117,126.88983257
김포시,2015   ,2015-06-08 23시,야간,월요일,차대차,측면충돌,신호위반,교차로,교차로내,승용차,경형,승용차,중형,1,1,3,0,1,37.64961494,126.67534813
양평군,2015   ,2015-06-08 23시,야간,월요일,차대차,정면충돌,중앙선 침범,단일로,기타단일로,승용차,중형,승용차,중형,1,0,4,0,3,37.47591685,127.58659956
구리시,2015   ,2015-06-08 10시,주간,월요일,차대사람,횡단중,과속,단일로,기타단일로,화물차,중형,보행자,보행자,2,0,2,0,0,37.59539683,127.1309372
이천시,2015   ,2015-06-06 04시,야간,토요일,차대차,정면충돌,중앙선 침범,단일로,기타단일로,승용차,소형,화물차,대형,1,0,2,0,1,37.25227091,127.4581535
수원시,2015   ,2015-06-05 21시,야간,금요일,차대사람,기타,안전운전 의무 불이행,단일로,기타단일로,승용차,중형,보행자,보행자,1,0,1,0,0,37.29440348,127.03187397
용인시,2015   ,2015-06-05 19시,야간,금요일,차대사람,횡단중,보행자 보호의무 위반,단일로,기타단일로,화물차,소형,보행자,보행자,1,0,1,0,0,37.27656263,127.20082192
평택시,2015   ,2015-06-04 22시,야간,목요일,차대차,기타,안전운전 의무 불이행,단일로,기타단일로,이륜차,대형,이륜차,대형,1,0,1,0,0,36.9370787,127.04500634
고양시,2015   ,2015-06-04 17시,주간,목요일,차대차,측면충돌,신호위반,교차로,교차로내,이륜차,소형,승합차,대형,1,0,1,0,0,37.6600549,126.7730523
파주시,2015   ,2015-06-04 02시,야간,목요일,차대차,정면충돌,중앙선 침범,단일로,기타단일로,화물차,대형,화물차,대형,1,0,2,0,1,37.89305787,126.81622554
화성시,2015   ,2015-06-03 20시,야간,수요일,차대사람,기타,안전운전 의무 불이행,단일로,기타단일로,승용차,중형,보행자,보행자,1,0,1,0,0,37.17546352,126.94609522
구리시,2015   ,2015-06-02 21시,야간,화요일,차대사람,차도통행중,안전운전 의무 불이행,단일로,기타단일로,자전거,자전거,보행자,보행자,1,0,1,0,0,37.62166165,127.14252452
화성시,2015   ,2015-06-01 21시,야간,월요일,차대사람,횡단중,안전운전 의무 불이행,교차로,교차로내,승용차,중형,보행자,보행자,1,0,1,0,0,37.18431377,126.93811053
파주시,2015   ,2015-06-01 17시,주간,월요일,차량단독,공작물충돌,안전운전 의무 불이행,단일로,횡단보도부근,화물차,소형,없음,없음,1,0,2,1,0,37.74210017,126.80719731
용인시,2015   ,2015-06-01 08시,주간,월요일,차대차,진행중 추돌,안전운전 의무 불이행,단일로,기타단일로,화물차,경형,농기계,농기계,1,0,1,0,0,37.13296086,127.31105808
양평군,2015   ,2015-05-31 22시,야간,일요일,차량단독,기타,안전운전 의무 불이행,기타/불명,기타/불명,농기계,농기계,없음,없음,1,0,1,0,0,37.50452757,127.471658
안양시,2015   ,2015-05-31 21시,야간,일요일,차대차,측면충돌,안전운전 의무 불이행,교차로,교차로내,승합차,대형,원동기장치자전거,원동기장치자전거,1,0,1,0,0,37.39702118,126.96291822
화성시,2015   ,2015-05-31 13시,주간,일요일,차대차,측면충돌,교차로 통행방법 위반,교차로,교차로내,승용차,대형,승용차,소형,1,0,2,0,1,37.09431567,126.86127827
화성시,2015   ,2015-05-31 08시,주간,일요일,차대차,측면충돌,과속,단일로,기타단일로,이륜차,대형,화물차,경형,1,1,2,0,0,37.24630822,126.89174885
남양주시,2015   ,2015-05-31 01시,야간,일요일,차량단독,공작물충돌,안전운전 의무 불이행,교차로,교차로내,승용차,소형,없음,없음,1,0,2,0,1,37.69471953,127.17521609
안산시,2015   ,2015-05-30 23시,야간,토요일,차량단독,공작물충돌,안전운전 의무 불이행,단일로,기타단일로,원동기장치자전거,원동기장치자전거,없음,없음,1,0,1,0,0,37.2915076,126.87859134
고양시,2015   ,2015-05-30 14시,주간,토요일,차대사람,차도통행중,안전운전 의무 불이행,단일로,횡단보도부근,승합차,대형,보행자,보행자,1,0,1,0,0,37.67436845,126.75152606
안산시,2015   ,2015-05-30 12시,주간,토요일,차대사람,횡단중,안전운전 의무 불이행,교차로,교차로부근,승용차,중형,보행자,보행자,1,0,1,0,0,37.32598407,126.84654547
의정부시,2015   ,2015-05-29 07시,주간,금요일,차대사람,횡단중,안전운전 의무 불이행,교차로,교차로내,승용차,중형,보행자,보행자,1,0,1,0,0,37.74366894,127.04637951
광주시,2015   ,2015-05-29 03시,야간,금요일,차대차,측면충돌,안전운전 의무 불이행,교차로,교차로내,화물차,대형,이륜차,중형,1,1,2,0,0,37.34907261,127.21253652
시흥시,2015   ,2015-05-29 00시,야간,금요일,차대사람,횡단중,안전운전 의무 불이행,교차로,교차로부근,승용차,중형,보행자,보행자,1,0,1,0,0,37.34168374,126.74050298
수원시,2015   ,2015-05-28 17시,주간,목요일,차량단독,전도전복,안전운전 의무 불이행,단일로,기타단일로,이륜차,대형,없음,없음,1,0,1,0,0,37.26631398,127.07179278
양주시,2015   ,2015-05-27 21시,야간,수요일,차대차,정면충돌,신호위반,교차로,교차로내,승용차,중형,자전거,자전거,1,0,1,0,0,37.89709386,126.97773079
평택시,2015   ,2015-05-27 21시,야간,수요일,차대사람,기타,안전운전 의무 불이행,단일로,기타단일로,승용차,중형,보행자,보행자,1,0,1,0,0,36.93878857,127.04661327
여주시,2015   ,2015-05-27 20시,야간,수요일,차대사람,횡단중,신호위반,단일로,횡단보도부근,화물차,소형,보행자,보행자,1,0,1,0,0,37.24683759,127.65030277
의정부시,2015   ,2015-05-27 17시,주간,수요일,차대차,기타,교차로 통행방법 위반,교차로,교차로내,승용차,중형,자전거,자전거,1,0,1,0,0,37.73587152,127.04146749
평택시,2015   ,2015-05-27 14시,주간,수요일,차대차,측면충돌,직진 및 우회전차의 통행방해,교차로,교차로내,화물차,소형,이륜차,중형,1,0,1,0,0,37.00296783,127.11457882
시흥시,2015   ,2015-05-26 23시,야간,화요일,차대차,정면충돌,중앙선 침범,단일로,기타단일로,화물차,소형,승합차,대형,1,0,2,0,1,37.40985973,126.82305998
양주시,2015   ,2015-05-26 19시,야간,화요일,차대차,진행중 추돌,안전운전 의무 불이행,단일로,기타단일로,승용차,소형,자전거,자전거,1,0,1,0,0,37.76626191,127.05263375
양주시,2015   ,2015-05-26 13시,주간,화요일,차대차,측면충돌,부당한 회전,단일로,기타단일로,화물차,소형,원동기장치자전거,원동기장치자전거,1,0,1,0,0,37.78752332,127.02038777
하남시,2015   ,2015-05-26 10시,주간,화요일,차대사람,횡단중,안전운전 의무 불이행,교차로,교차로내,승용차,대형,보행자,보행자,1,0,1,0,0,37.53936403,127.22503994
과천시,2015   ,2015-05-24 02시,야간,일요일,차대사람,기타,안전운전 의무 불이행,단일로,기타단일로,승용차,경형,보행자,보행자,1,0,1,0,0,37.42641448,126.99981372
안양시,2015   ,2015-05-23 21시,야간,토요일,차대사람,길가장자리구역통행중,안전운전 의무 불이행,단일로,기타단일로,승합차,중형,보행자,보행자,1,0,1,0,0,37.40141601,126.93125103
안산시,2015   ,2015-05-23 17시,주간,토요일,차량단독,도로이탈 추락,안전운전 의무 불이행,교차로,교차로부근,원동기장치자전거,원동기장치자전거,없음,없음,1,0,1,0,0,37.34201136,126.81794569
파주시,2015   ,2015-05-23 06시,주간,토요일,차대차,기타,안전운전 의무 불이행,단일로,기타단일로,건설기계,건설기계,이륜차,소형,1,0,1,0,0,37.81327818,126.79233156