시군명,발생년도,발생일자,주야구분명,사고요일,사고유형_대분류,사고유형,법규위반내용,도로형태_대분류,도로형태,당사자1_대분류,당사자1_차종,당사자2_대분류,당사자2_차종,사망자수,중상자수,부상자수,부상신고자수,경상자수,WGS84위도,WGS84경도
이천시,2015   ,2015-05-22 17시,주간,금요일,차대차,측면충돌,교차로 통행방법 위반,교차로,교차로내,이륜차,소형,승용차,중형,2,0,2,0,0,37.30083964,127.40005
포천시,2015   ,2015-05-22 14시,주간,금요일,차대사람,기타,안전운전 의무 불이행,단일로,기타단일로,승용차,중형,보행자,보행자,1,0,1,0,0,37.85418283,127.16611729
안산시,2015   ,2015-05-22 10시,주간,금요일,차대사람,횡단중,보행자 보호의무 위반,단일로,기타단일로,화물차,경형,보행자,보행자,1,0,1,0,0,37.33667389,126.86297961
성남시,2015   ,2015-05-21 21시,야간,목요일,차대사람,횡단중,안전운전 의무 불이행,단일로,기타단일로,승합차,대형,보행자,보행자,1,0,1,0,0,37.40524737,127.09303671
남양주시,2015   ,2015-05-21 19시,야간,목요일,차대차,측면충돌,안전운전 의무 불이행,교차로,교차로부근,승합차,대형,자전거,자전거,1,0,1,0,0,37.61699366,127.18057417
안산시,2015   ,2015-05-21 17시,주간,목요일,차대사람,횡단중,안전운전 의무 불이행,단일로,횡단보도상,승합차,대형,보행자,보행자,1,1,2,0,0,37.2966991,126.86660017
여주시,2015   ,2015-05-21 13시,주간,목요일,차대사람,기타,안전운전 의무 불이행,단일로,기타단일로,승용차,대형,보행자,보행자,1,0,1,0,0,37.26022474,127.6419389
김포시,2015   ,2015-05-21 06시,주간,목요일,차대차,정면충돌,중앙선 침범,단일로,기타단일로,승용차,소형,승용차,중형,1,1,2,0,0,37.65376332,126.67696871
고양시,2015   ,2015-05-21 04시,야간,목요일,차량단독,공작물충돌,안전운전 의무 불이행,단일로,기타단일로,승용차,경형,없음,없음,1,0,1,0,0,37.64232207,126.75368396
성남시,2015   ,2015-05-21 02시,야간,목요일,차량단독,공작물충돌,안전운전 의무 불이행,단일로,지하차도(도로)내,이륜차,소형,없음,없음,1,0,1,0,0,37.46499119,127.13764035
평택시,2015   ,2015-05-20 18시,야간,수요일,차대차,기타,직진 및 우회전차의 통행방해,교차로,교차로내,승용차,소형,승용차,대형,1,1,3,0,1,37.06332171,127.05612035
광명시,2015   ,2015-05-20 16시,주간,수요일,차대사람,기타,안전운전 의무 불이행,단일로,기타단일로,승용차,중형,보행자,보행자,1,0,1,0,0,37.47587074,126.85777374
포천시,2015   ,2015-05-20 13시,주간,수요일,차량단독,공작물충돌,안전운전 의무 불이행,교차로,교차로부근,승용차,소형,없음,없음,1,0,1,0,0,37.93833153,127.22286611
시흥시,2015   ,2015-05-19 22시,야간,화요일,차량단독,공작물충돌,안전운전 의무 불이행,교차로,교차로내,승용차,소형,없음,없음,1,0,1,0,0,37.35624203,126.77370047
김포시,2015   ,2015-05-19 20시,야간,화요일,차대사람,횡단중,신호위반,교차로,교차로내,원동기장치자전거,원동기장치자전거,보행자,보행자,1,0,1,0,0,37.64319186,126.66811949
고양시,2015   ,2015-05-19 15시,주간,화요일,차대사람,횡단중,안전운전 의무 불이행,단일로,기타단일로,승용차,중형,보행자,보행자,1,0,1,0,0,37.62884161,126.82298264
양주시,2015   ,2015-05-19 14시,주간,화요일,차대차,측면충돌,교차로 통행방법 위반,교차로,교차로내,승용차,중형,승용차,중형,1,2,3,0,0,37.79479223,126.99133198
부천시,2015   ,2015-05-18 19시,야간,월요일,차대사람,차도통행중,안전운전 의무 불이행,교차로,교차로내,승용차,중형,보행자,보행자,1,0,1,0,0,37.47522982,126.79742017
안산시,2015   ,2015-05-17 18시,야간,일요일,차대차,진행중 추돌,안전운전 의무 불이행,교차로,교차로내,승합차,대형,원동기장치자전거,원동기장치자전거,1,0,1,0,0,37.31305178,126.79062642
부천시,2015   ,2015-05-17 10시,주간,일요일,차대사람,횡단중,보행자 보호의무 위반,교차로,교차로부근,승합차,대형,보행자,보행자,1,0,1,0,0,37.5291735,126.80468973
안성시,2015   ,2015-05-17 07시,주간,일요일,차대차,진행중 추돌,안전운전 의무 불이행,교차로,교차로내,승용차,소형,특수차,대형,1,0,2,0,1,36.98142762,127.26436489
포천시,2015   ,2015-05-16 18시,야간,토요일,차대차,측면충돌,직진 및 우회전차의 통행방해,교차로,교차로내,화물차,중형,원동기장치자전거,원동기장치자전거,1,0,1,0,0,37.90928987,127.30786164
의정부시,2015   ,2015-05-16 18시,야간,토요일,차대차,측면충돌,안전운전 의무 불이행,교차로,교차로내,승용차,중형,승용차,중형,2,2,4,0,0,37.73279148,127.03519929
성남시,2015   ,2015-05-16 14시,주간,토요일,차대사람,기타,안전운전 의무 불이행,교차로,교차로내,화물차,소형,보행자,보행자,1,0,1,0,0,37.33855802,127.11021765
이천시,2015   ,2015-05-16 12시,주간,토요일,차대차,기타,부당한 회전,교차로,교차로내,원동기장치자전거,원동기장치자전거,승용차,소형,1,0,1,0,0,37.25981573,127.45835232
화성시,2015   ,2015-05-16 02시,야간,토요일,차대차,정면충돌,중앙선 침범,단일로,기타단일로,승용차,중형,승용차,소형,1,0,1,0,0,37.13170804,126.91948451
화성시,2015   ,2015-05-16 01시,야간,토요일,차대차,측면충돌,신호위반,교차로,교차로내,이륜차,소형,승용차,중형,1,1,4,0,2,37.20967467,127.07059161
파주시,2015   ,2015-05-15 23시,야간,금요일,차대사람,횡단중,과속,단일로,기타단일로,승용차,소형,보행자,보행자,1,0,1,0,0,37.73686109,126.82385006
안산시,2015   ,2015-05-15 05시,야간,금요일,차대사람,기타,안전운전 의무 불이행,교차로,교차로내,승용차,중형,보행자,보행자,1,0,1,0,0,37.31061672,126.8500301
고양시,2015   ,2015-05-14 19시,야간,목요일,차대차,측면충돌,신호위반,교차로,교차로내,승합차,대형,이륜차,소형,1,0,1,0,0,37.64312822,126.78786202
평택시,2015   ,2015-05-14 18시,야간,목요일,차량단독,전도전복,안전운전 의무 불이행,단일로,기타단일로,자전거,자전거,없음,없음,1,0,1,0,0,37.0225885,127.07147821
구리시,2015   ,2015-05-14 09시,주간,목요일,차대사람,기타,중앙선 침범,단일로,기타단일로,승용차,경형,보행자,보행자,1,0,1,0,0,37.60902253,127.13297725
안산시,2015   ,2015-05-12 23시,야간,화요일,차대사람,기타,안전운전 의무 불이행,단일로,기타단일로,승용차,중형,보행자,보행자,1,0,1,0,0,37.30384419,126.85770499
화성시,2015   ,2015-05-12 04시,야간,화요일,차량단독,공작물충돌,안전운전 의무 불이행,단일로,기타단일로,승용차,중형,없음,없음,1,1,2,0,0,37.19530904,126.82232122
김포시,2015   ,2015-05-11 22시,야간,월요일,차대차,주정차중 추돌,안전운전 의무 불이행,단일로,기타단일로,화물차,소형,승합차,대형,1,0,1,0,0,37.67388297,126.63693346
남양주시,2015   ,2015-05-11 20시,야간,월요일,차대사람,횡단중,안전운전 의무 불이행,단일로,기타단일로,승용차,중형,보행자,보행자,1,0,1,0,0,37.65015935,127.2375439
고양시,2015   ,2015-05-11 00시,야간,월요일,차대사람,횡단중,신호위반,교차로,교차로내,승용차,경형,보행자,보행자,1,0,1,0,0,37.69721406,126.83849138
김포시,2015   ,2015-05-10 23시,야간,일요일,차대사람,횡단중,안전운전 의무 불이행,교차로,교차로부근,승용차,중형,보행자,보행자,1,2,3,0,0,37.68486867,126.61367019
시흥시,2015   ,2015-05-10 04시,야간,일요일,차량단독,공작물충돌,안전운전 의무 불이행,단일로,기타단일로,승용차,소형,없음,없음,1,0,1,0,0,37.37978629,126.85626721
포천시,2015   ,2015-05-09 22시,야간,토요일,차량단독,전도전복,안전운전 의무 불이행,단일로,기타단일로,이륜차,소형,없음,없음,1,0,1,0,0,37.8676632,127.22023179
용인시,2015   ,2015-05-09 11시,주간,토요일,차대사람,차도통행중,안전운전 의무 불이행,단일로,기타단일로,승용차,대형,보행자,보행자,2,0,2,0,0,37.25505224,127.10724274
용인시,2015   ,2015-05-09 09시,주간,토요일,차대차,진행중 추돌,교차로 통행방법 위반,교차로,교차로내,화물차,경형,이륜차,소형,1,0,1,0,0,37.16548652,127.3739622
안산시,2015   ,2015-05-08 20시,야간,금요일,차대차,기타,부당한 회전,교차로,교차로내,자전거,자전거,승용차,소형,1,0,1,0,0,37.29965491,126.8054204
시흥시,2015   ,2015-05-07 12시,주간,목요일,차대사람,기타,안전운전 의무 불이행,기타/불명,기타/불명,승용차,소형,보행자,보행자,1,0,1,0,0,37.35872282,126.72158663
용인시,2015   ,2015-05-07 00시,야간,목요일,차대사람,차도통행중,안전운전 의무 불이행,단일로,기타단일로,화물차,중형,보행자,보행자,1,0,1,0,0,37.28751503,127.16086444
안산시,2015   ,2015-05-06 23시,야간,수요일,차량단독,공작물충돌,안전운전 의무 불이행,단일로,기타단일로,승용차,중형,없음,없음,1,2,3,0,0,37.30344196,126.84843314
화성시,2015   ,2015-05-06 08시,주간,수요일,차대차,기타,중앙선 침범,단일로,기타단일로,승용차,소형,화물차,대형,1,1,2,0,0,37.11296325,126.88117892
남양주시,2015   ,2015-05-06 07시,주간,수요일,차대차,정면충돌,신호위반,교차로,교차로내,승용차,소형,특수차,대형,1,0,2,0,1,37.67178005,127.15288663
평택시,2015   ,2015-05-05 22시,야간,화요일,차대차,진행중 추돌,안전운전 의무 불이행,단일로,기타단일로,화물차,중형,농기계,농기계,1,0,1,0,0,36.93760548,126.91606404
양평군,2015   ,2015-05-05 21시,야간,화요일,차대사람,기타,안전운전 의무 불이행,단일로,기타단일로,승용차,중형,보행자,보행자,1,0,1,0,0,37.47851775,127.56480772
가평군,2015   ,2015-05-04 04시,야간,월요일,차대차,기타,안전운전 의무 불이행,기타/불명,기타/불명,화물차,소형,화물차,중형,1,0,1,0,0,37.86980038,127.29521871
이천시,2015   ,2015-05-03 00시,야간,일요일,차대차,주정차중 추돌,안전운전 의무 불이행,교차로,교차로부근,승용차,경형,화물차,대형,1,1,2,0,0,37.26330827,127.47239149
시흥시,2015   ,2015-05-02 19시,야간,토요일,차대차,진행중 추돌,안전운전 의무 불이행,교차로,교차로부근,화물차,소형,화물차,중형,1,0,2,0,1,37.36862484,126.73478803
용인시,2015   ,2015-05-02 14시,주간,토요일,차대차,측면충돌,신호위반,교차로,교차로내,원동기장치자전거,원동기장치자전거,원동기장치자전거,원동기장치자전거,1,1,2,0,0,37.33172202,127.12023169
연천군,2015   ,2015-05-01 22시,야간,금요일,차량단독,공작물충돌,안전운전 의무 불이행,단일로,기타단일로,승용차,소형,없음,없음,1,0,1,0,0,38.03160046,127.02412199
포천시,2015   ,2015-04-30 22시,야간,목요일,차대사람,기타,안전운전 의무 불이행,단일로,기타단일로,승용차,중형,보행자,보행자,1,0,1,0,0,38.0961583,127.27476722
화성시,2015   ,2015-04-30 21시,야간,목요일,차대사람,차도통행중,안전운전 의무 불이행,단일로,기타단일로,승용차,중형,보행자,보행자,1,0,1,0,0,37.19606629,126.7197894
파주시,2015   ,2015-04-30 20시,야간,목요일,차대사람,기타,안전운전 의무 불이행,단일로,기타단일로,승용차,중형,보행자,보행자,1,0,1,0,0,37.79489641,126.79163237
여주시,2015   ,2015-04-30 11시,주간,목요일,차대차,진행중 추돌,안전거리 미확보,단일로,기타단일로,화물차,소형,화물차,대형,1,1,5,0,3,37.20662374,127.61135435
평택시,2015   ,2015-04-29 15시,주간,수요일,차대사람,기타,안전운전 의무 불이행,단일로,기타단일로,승용차,소형,보행자,보행자,1,0,1,0,0,37.01755412,127.02082997
남양주시,2015   ,2015-04-29 10시,주간,수요일,차량단독,공작물충돌,안전운전 의무 불이행,단일로,기타단일로,승용차,중형,없음,없음,1,0,1,0,0,37.65222617,127.12228981
파주시,2015   ,2015-04-28 20시,야간,화요일,차대사람,기타,안전운전 의무 불이행,단일로,기타단일로,승합차,대형,보행자,보행자,1,0,1,0,0,37.72337946,126.70167318
파주시,2015   ,2015-04-28 19시,야간,화요일,차대사람,횡단중,보행자 보호의무 위반,단일로,기타단일로,승용차,소형,보행자,보행자,1,0,1,0,0,37.72566765,126.7108741
화성시,2015   ,2015-04-28 15시,주간,화요일,차대사람,보도통행중,보행자 보호의무 위반,단일로,기타단일로,승합차,대형,보행자,보행자,1,0,1,0,0,37.21847913,127.07748478
안양시,2015   ,2015-04-27 05시,야간,월요일,차대사람,횡단중,안전운전 의무 불이행,단일로,기타단일로,승용차,중형,보행자,보행자,1,0,1,0,0,37.36595765,126.95848692
수원시,2015   ,2015-04-26 23시,야간,일요일,차대차,측면충돌,교차로 통행방법 위반,교차로,교차로내,이륜차,소형,화물차,소형,1,0,1,0,0,37.28188293,127.01833578
구리시,2015   ,2015-04-26 19시,야간,일요일,차대사람,보도통행중,기타(운전자법규위반),단일로,횡단보도상,화물차,소형,보행자,보행자,1,0,1,0,0,37.63244083,127.14223489
양평군,2015   ,2015-04-26 15시,주간,일요일,차량단독,기타,안전운전 의무 불이행,단일로,기타단일로,자전거,자전거,없음,없음,1,0,1,0,0,37.60403915,127.35269746
안산시,2015   ,2015-04-26 06시,주간,일요일,차대차,측면충돌,안전운전 의무 불이행,교차로,교차로내,원동기장치자전거,원동기장치자전거,승합차,대형,2,0,2,0,0,37.32128309,126.82798612
의정부시,2015   ,2015-04-23 19시,야간,목요일,차대사람,기타,안전운전 의무 불이행,교차로,교차로부근,승용차,중형,보행자,보행자,1,0,1,0,0,37.73137909,127.05696321
시흥시,2015   ,2015-04-23 19시,야간,목요일,차대사람,횡단중,안전운전 의무 불이행,단일로,기타단일로,화물차,중형,보행자,보행자,1,0,1,0,0,37.43888198,126.79201767
안성시,2015   ,2015-04-23 11시,주간,목요일,차대차,기타,안전거리 미확보,교차로,교차로부근,화물차,경형,화물차,중형,1,0,2,0,1,37.04390727,127.36236701
화성시,2015   ,2015-04-23 09시,주간,목요일,차대차,기타,안전운전 의무 불이행,단일로,기타단일로,원동기장치자전거,원동기장치자전거,건설기계,건설기계,1,0,1,0,0,37.04044398,126.80003005
안양시,2015   ,2015-04-23 00시,야간,목요일,차대사람,횡단중,신호위반,교차로,교차로부근,화물차,중형,보행자,보행자,1,1,2,0,0,37.38666437,126.94533599
화성시,2015   ,2015-04-22 23시,야간,수요일,차대사람,횡단중,안전운전 의무 불이행,단일로,기타단일로,승용차,중형,보행자,보행자,1,0,1,0,0,37.21166561,127.04375724
부천시,2015   ,2015-04-21 22시,야간,화요일,차대차,측면충돌,신호위반,교차로,교차로내,이륜차,소형,승용차,중형,1,0,1,0,0,37.50359257,126.77606554
광명시,2015   ,2015-04-21 14시,주간,화요일,차대차,진행중 추돌,안전운전 의무 불이행,단일로,기타단일로,화물차,경형,특수차,경형,1,1,2,0,0,37.44889054,126.8723965
수원시,2015   ,2015-04-20 21시,야간,월요일,차량단독,기타,안전운전 의무 불이행,단일로,기타단일로,자전거,자전거,없음,없음,1,0,1,0,0,37.28838161,127.00514
포천시,2015   ,2015-04-20 11시,주간,월요일,차량단독,공작물충돌,안전운전 의무 불이행,단일로,기타단일로,승용차,중형,없음,없음,1,0,1,0,0,38.00717603,127.35583582
이천시,2015   ,2015-04-19 23시,야간,일요일,차량단독,전도전복,안전운전 의무 불이행,단일로,기타단일로,이륜차,사발이,없음,없음,1,0,1,0,0,37.10635293,127.58609823
구리시,2015   ,2015-04-19 23시,야간,일요일,차대사람,횡단중,안전운전 의무 불이행,단일로,기타단일로,승합차,중형,보행자,보행자,1,0,1,0,0,37.60284079,127.14525425
파주시,2015   ,2015-04-19 20시,야간,일요일,차대차,주정차중 추돌,안전운전 의무 불이행,단일로,기타단일로,승용차,경형,화물차,중형,1,0,1,0,0,37.82427457,126.8106567
고양시,2015   ,2015-04-19 06시,주간,일요일,차대차,정면충돌,중앙선 침범,단일로,기타단일로,승용차,중형,승용차,중형,1,5,6,0,0,37.63155823,126.80960749
파주시,2015   ,2015-04-19 02시,야간,일요일,차대차,정면충돌,중앙선 침범,단일로,지하차도(도로)내,승용차,중형,승용차,중형,1,2,3,0,0,37.70850321,126.75895411
안성시,2015   ,2015-04-18 09시,주간,토요일,차량단독,전도전복,안전운전 의무 불이행,단일로,기타단일로,이륜차,대형,없음,없음,1,0,1,0,0,37.10184011,127.51443889
용인시,2015   ,2015-04-18 00시,야간,토요일,차대사람,기타,안전운전 의무 불이행,단일로,기타단일로,화물차,중형,보행자,보행자,1,1,2,0,0,37.26254989,127.10394453
부천시,2015   ,2015-04-17 21시,야간,금요일,차대사람,횡단중,보행자 보호의무 위반,단일로,횡단보도상,승용차,중형,보행자,보행자,1,0,1,0,0,37.51367705,126.78468093
양평군,2015   ,2015-04-17 01시,야간,금요일,차량단독,공작물충돌,안전운전 의무 불이행,단일로,기타단일로,승용차,중형,없음,없음,1,0,1,0,0,37.48459584,127.5751853
가평군,2015   ,2015-04-16 15시,주간,목요일,차대차,정면충돌,중앙선 침범,단일로,고가도로위,화물차,소형,승용차,대형,1,0,3,0,2,37.82180218,127.5158165
화성시,2015   ,2015-04-15 00시,야간,수요일,차대사람,차도통행중,안전운전 의무 불이행,단일로,기타단일로,화물차,중형,보행자,보행자,1,0,2,1,0,37.20211707,126.87867136
성남시,2015   ,2015-04-14 05시,야간,화요일,차량단독,공작물충돌,안전운전 의무 불이행,단일로,기타단일로,화물차,중형,없음,없음,1,0,1,0,0,37.36502792,127.10366628
광명시,2015   ,2015-04-14 04시,야간,화요일,차대차,주정차중 추돌,안전운전 의무 불이행,단일로,기타단일로,이륜차,중형,승용차,중형,1,0,1,0,0,37.47672743,126.87465193
고양시,2015   ,2015-04-14 00시,야간,화요일,차대사람,차도통행중,안전운전 의무 불이행,단일로,기타단일로,승용차,중형,보행자,보행자,1,0,1,0,0,37.67623924,126.74524762
평택시,2015   ,2015-04-13 16시,주간,월요일,차대차,기타,안전거리 미확보,교차로,교차로부근,화물차,대형,승용차,중형,1,1,9,0,7,36.95041702,126.91283266
양평군,2015   ,2015-04-13 14시,주간,월요일,차대차,측면충돌,안전운전 의무 불이행,교차로,교차로내,화물차,소형,승용차,소형,1,0,3,0,2,37.54405378,127.32002115
성남시,2015   ,2015-04-13 14시,주간,월요일,차대사람,기타,안전운전 의무 불이행,단일로,기타단일로,승합차,대형,보행자,보행자,1,0,1,0,0,37.40333813,127.08831281
남양주시,2015   ,2015-04-12 00시,야간,일요일,차대사람,횡단중,안전운전 의무 불이행,단일로,기타단일로,승용차,소형,보행자,보행자,1,0,1,0,0,37.65981614,127.3540839
파주시,2015   ,2015-04-11 23시,야간,토요일,차대사람,기타,안전운전 의무 불이행,단일로,기타단일로,승용차,중형,보행자,보행자,1,0,1,0,0,37.80160683,126.79391962
연천군,2015   ,2015-04-11 20시,야간,토요일,차대차,기타,안전운전 의무 불이행,단일로,기타단일로,승합차,소형,자전거,자전거,1,0,1,0,0,38.02038821,127.06596101
연천군,2015   ,2015-04-11 14시,주간,토요일,차대차,진행중 추돌,안전운전 의무 불이행,단일로,기타단일로,건설기계,건설기계,건설기계,건설기계,1,0,1,0,0,38.01956304,127.13621405
평택시,2015   ,2015-04-11 06시,주간,토요일,차대사람,횡단중,서행 및 일시정지위반,단일로,기타단일로,승용차,중형,보행자,보행자,1,0,1,0,0,36.9554089,127.04837934
연천군,2015   ,2015-04-10 16시,주간,금요일,차대차,기타,안전운전 의무 불이행,단일로,기타단일로,이륜차,사발이,이륜차,사발이,1,0,1,0,0,38.0234841,126.95842322
군포시,2015   ,2015-04-10 09시,주간,금요일,차대차,진행중 추돌,안전운전 의무 불이행,교차로,교차로부근,승합차,소형,승합차,대형,2,0,5,0,3,37.34702566,126.94230835
고양시,2015   ,2015-04-09 18시,야간,목요일,차량단독,공작물충돌,안전운전 의무 불이행,교차로,교차로부근,승용차,중형,없음,없음,1,3,4,0,0,37.58578271,126.87658363
여주시,2015   ,2015-04-09 06시,주간,목요일,차량단독,전도전복,안전운전 의무 불이행,단일로,기타단일로,화물차,대형,없음,없음,1,1,2,0,0,37.23115909,127.59148197
화성시,2015   ,2015-04-09 04시,야간,목요일,차대차,기타,안전운전 의무 불이행,단일로,기타단일로,승용차,경형,화물차,대형,1,0,1,0,0,37.12859603,126.90451289
포천시,2015   ,2015-04-08 20시,야간,수요일,차대차,측면충돌,신호위반,교차로,교차로내,원동기장치자전거,원동기장치자전거,승용차,중형,1,0,1,0,0,37.84834998,127.19207048
포천시,2015   ,2015-04-08 19시,야간,수요일,차대차,주정차중 추돌,안전운전 의무 불이행,단일로,기타단일로,승용차,경형,승용차,경형,1,0,3,0,2,37.80517406,127.13138387
포천시,2015   ,2015-04-08 17시,주간,수요일,차대차,기타,중앙선 침범,단일로,기타단일로,승용차,경형,승용차,중형,1,3,5,0,1,37.98133081,127.32536931
남양주시,2015   ,2015-04-08 17시,주간,수요일,차량단독,공작물충돌,안전운전 의무 불이행,단일로,기타단일로,화물차,중형,없음,없음,1,0,1,0,0,37.60349081,127.19392095
이천시,2015   ,2015-04-08 15시,주간,수요일,차대차,주정차중 추돌,중앙선 침범,교차로,교차로부근,승용차,대형,화물차,대형,1,1,3,0,1,37.13018682,127.6078648
시흥시,2015   ,2015-04-07 01시,야간,화요일,차대차,주정차중 추돌,안전운전 의무 불이행,단일로,기타단일로,승용차,중형,화물차,중형,2,0,2,0,0,37.35881933,126.78693247
평택시,2015   ,2015-04-06 21시,야간,월요일,차대차,측면충돌,중앙선 침범,단일로,기타단일로,승용차,소형,승용차,경형,1,3,4,0,0,37.02240862,127.07159165
동두천시,2015   ,2015-04-06 20시,야간,월요일,차대사람,기타,안전운전 의무 불이행,단일로,기타단일로,승합차,대형,보행자,보행자,1,0,1,0,0,37.92139179,127.05657667
하남시,2015   ,2015-04-05 02시,야간,일요일,차대사람,차도통행중,안전운전 의무 불이행,단일로,기타단일로,승용차,대형,보행자,보행자,1,0,1,0,0,37.49968447,127.23216588
양주시,2015   ,2015-04-04 22시,야간,토요일,차량단독,기타,안전운전 의무 불이행,교차로,교차로부근,이륜차,소형,없음,없음,1,0,1,0,0,37.80287251,126.99869427
부천시,2015   ,2015-04-03 19시,야간,금요일,차대사람,기타,안전운전 의무 불이행,단일로,기타단일로,승합차,중형,보행자,보행자,1,0,1,0,0,37.48835933,126.75711878
평택시,2015   ,2015-04-03 11시,주간,금요일,차대사람,기타,안전운전 의무 불이행,단일로,터널안,화물차,소형,보행자,보행자,1,0,1,0,0,37.00798218,126.98664167
시흥시,2015   ,2015-04-03 05시,야간,금요일,차량단독,공작물충돌,안전운전 의무 불이행,단일로,기타단일로,화물차,소형,없음,없음,1,0,1,0,0,37.35422085,126.7748265
고양시,2015   ,2015-04-02 05시,야간,목요일,차대차,진행중 추돌,안전운전 의무 불이행,단일로,기타단일로,승용차,중형,화물차,대형,1,0,1,0,0,37.66890296,126.84323296
부천시,2015   ,2015-04-02 00시,야간,목요일,차대사람,횡단중,안전운전 의무 불이행,단일로,횡단보도부근,승용차,소형,보행자,보행자,1,1,3,0,1,37.49224163,126.78445555
용인시,2015   ,2015-04-01 17시,주간,수요일,차대사람,길가장자리구역통행중,안전운전 의무 불이행,단일로,기타단일로,화물차,대형,보행자,보행자,1,0,1,0,0,37.18416464,127.33113089
하남시,2015   ,2015-03-31 05시,야간,화요일,차대차,측면충돌,안전운전 의무 불이행,단일로,기타단일로,화물차,중형,승용차,대형,2,1,4,0,1,37.53156622,127.20229632
파주시,2015   ,2015-03-31 02시,야간,화요일,차대차,진행중 추돌,안전운전 의무 불이행,교차로,교차로부근,승용차,중형,승용차,중형,1,1,2,0,0,37.73470673,126.73394115
포천시,2015   ,2015-03-31 01시,야간,화요일,차대차,정면충돌,신호위반,교차로,교차로내,승용차,대형,건설기계,건설기계,1,1,2,0,0,37.80551673,127.13143896
용인시,2015   ,2015-03-30 17시,주간,월요일,차대사람,기타,기타(운전자법규위반),교차로,교차로부근,승합차,경형,보행자,보행자,1,0,1,0,0,37.27719201,127.15086027
연천군,2015   ,2015-03-30 11시,주간,월요일,차대차,진행중 추돌,안전운전 의무 불이행,단일로,기타단일로,승용차,중형,자전거,자전거,1,0,1,0,0,38.04495701,127.06839167
의정부시,2015   ,2015-03-30 07시,주간,월요일,차대차,주정차중 추돌,안전운전 의무 불이행,교차로,교차로내,건설기계,건설기계,건설기계,건설기계,1,0,4,0,3,37.70484794,127.05321868
파주시,2015   ,2015-03-29 12시,주간,일요일,차량단독,공작물충돌,안전운전 의무 불이행,단일로,기타단일로,이륜차,대형,없음,없음,1,0,1,0,0,37.8527207,126.78366819
안산시,2015   ,2015-03-28 18시,야간,토요일,차량단독,공작물충돌,안전운전 의무 불이행,단일로,기타단일로,승용차,중형,없음,없음,1,1,2,0,0,37.29338599,126.90202052
광주시,2015   ,2015-03-28 18시,야간,토요일,차량단독,공작물충돌,안전운전 의무 불이행,교차로,교차로부근,원동기장치자전거,원동기장치자전거,없음,없음,1,0,1,0,0,37.28774396,127.33026792
안성시,2015   ,2015-03-28 11시,주간,토요일,차대사람,기타,안전운전 의무 불이행,기타/불명,기타/불명,승용차,대형,보행자,보행자,1,0,1,0,0,36.9837719,127.23470438
고양시,2015   ,2015-03-28 05시,야간,토요일,차대사람,횡단중,안전운전 의무 불이행,단일로,횡단보도상,승용차,대형,보행자,보행자,1,0,1,0,0,37.67020314,126.76134214
평택시,2015   ,2015-03-28 01시,야간,토요일,차량단독,공작물충돌,안전운전 의무 불이행,교차로,교차로내,화물차,소형,없음,없음,1,0,1,0,0,36.99009606,126.83228201
안산시,2015   ,2015-03-28 01시,야간,토요일,차량단독,공작물충돌,과속,단일로,기타단일로,승용차,중형,없음,없음,1,1,2,0,0,37.31225507,126.8628923
광주시,2015   ,2015-03-27 23시,야간,금요일,차량단독,공작물충돌,안전운전 의무 불이행,단일로,기타단일로,승용차,중형,없음,없음,1,0,1,0,0,37.45076068,127.26285541
고양시,2015   ,2015-03-27 22시,야간,금요일,차대차,정면충돌,중앙선 침범,단일로,기타단일로,승용차,중형,승용차,중형,1,2,3,0,0,37.62982943,126.88314032
안산시,2015   ,2015-03-27 16시,주간,금요일,차대차,측면충돌,신호위반,단일로,횡단보도상,자전거,자전거,화물차,소형,1,0,1,0,0,37.30475871,126.84367123
고양시,2015   ,2015-03-27 09시,주간,금요일,차대사람,횡단중,보행자 보호의무 위반,교차로,교차로내,승용차,중형,보행자,보행자,1,0,1,0,0,37.65973352,126.76917803
안산시,2015   ,2015-03-26 13시,주간,목요일,차량단독,기타,기타(운전자법규위반),기타/불명,기타/불명,승용차,대형,없음,없음,1,0,1,0,0,37.27668034,126.559058
화성시,2015   ,2015-03-26 10시,주간,목요일,차대차,주정차중 추돌,안전운전 의무 불이행,단일로,기타단일로,특수차,중형,승용차,중형,1,6,7,0,0,37.24167517,126.88826841
의왕시,2015   ,2015-03-26 02시,야간,목요일,차대차,기타,안전운전 의무 불이행,단일로,기타단일로,승용차,소형,승용차,중형,1,0,1,0,0,37.39231002,127.01141667
광주시,2015   ,2015-03-24 19시,야간,화요일,차대사람,횡단중,과속,단일로,기타단일로,승용차,대형,보행자,보행자,1,0,1,0,0,37.44830562,127.26120123
고양시,2015   ,2015-03-24 15시,주간,화요일,차대차,기타,안전운전 의무 불이행,단일로,기타단일로,승용차,중형,자전거,자전거,1,0,1,0,0,37.6114464,126.87197335
화성시,2015   ,2015-03-24 05시,야간,화요일,차대사람,길가장자리구역통행중,안전운전 의무 불이행,단일로,기타단일로,승용차,중형,보행자,보행자,4,0,5,0,1,37.19941495,127.00759191
안성시,2015   ,2015-03-24 05시,야간,화요일,차대사람,횡단중,안전운전 의무 불이행,단일로,기타단일로,승용차,중형,보행자,보행자,1,0,1,0,0,37.00056656,127.17355073
파주시,2015   ,2015-03-24 00시,야간,화요일,차대사람,기타,안전운전 의무 불이행,단일로,기타단일로,화물차,소형,보행자,보행자,1,0,1,0,0,37.83964137,126.7908637