시군명,발생년도,발생일자,주야구분명,사고요일,사고유형_대분류,사고유형,법규위반내용,도로형태_대분류,도로형태,당사자1_대분류,당사자1_차종,당사자2_대분류,당사자2_차종,사망자수,중상자수,부상자수,부상신고자수,경상자수,WGS84위도,WGS84경도
광명시,2015   ,2015-03-23 07시,주간,월요일,차량단독,공작물충돌,안전운전 의무 불이행,단일로,횡단보도부근,이륜차,소형,없음,없음,1,0,1,0,0,37.47129199,126.8430434
하남시,2015   ,2015-03-22 02시,야간,일요일,차량단독,공작물충돌,안전운전 의무 불이행,교차로,교차로내,승용차,중형,없음,없음,1,1,3,1,0,37.5467195,127.19231931
의정부시,2015   ,2015-03-22 01시,야간,일요일,차량단독,공작물충돌,안전운전 의무 불이행,교차로,교차로부근,원동기장치자전거,원동기장치자전거,없음,없음,1,1,3,0,1,37.72863218,127.04802593
포천시,2015   ,2015-03-21 03시,야간,토요일,차량단독,공작물충돌,안전운전 의무 불이행,단일로,기타단일로,승용차,중형,없음,없음,1,0,1,0,0,37.80217807,127.13022874
의정부시,2015   ,2015-03-20 20시,야간,금요일,차대사람,차도통행중,안전운전 의무 불이행,단일로,기타단일로,승용차,대형,보행자,보행자,1,0,1,0,0,37.75820502,127.04114803
남양주시,2015   ,2015-03-20 09시,주간,금요일,차대차,정면충돌,안전운전 의무 불이행,단일로,기타단일로,이륜차,소형,화물차,경형,1,0,1,0,0,37.75537811,127.19865454
남양주시,2015   ,2015-03-20 03시,야간,금요일,차량단독,공작물충돌,안전운전 의무 불이행,단일로,기타단일로,승용차,경형,없음,없음,1,0,1,0,0,37.65583743,127.15977443
안산시,2015   ,2015-03-19 12시,주간,목요일,차대사람,차도통행중,안전운전 의무 불이행,교차로,교차로내,승용차,중형,보행자,보행자,1,0,1,0,0,37.30702088,126.84361771
부천시,2015   ,2015-03-19 12시,주간,목요일,차대사람,횡단중,보행자 보호의무 위반,단일로,횡단보도상,승합차,중형,보행자,보행자,1,0,1,0,0,37.52809248,126.80479031
양평군,2015   ,2015-03-19 10시,주간,목요일,차대차,정면충돌,중앙선 침범,단일로,기타단일로,승용차,대형,승용차,대형,1,5,6,0,0,37.55639999,127.35792015
화성시,2015   ,2015-03-19 08시,주간,목요일,차대사람,횡단중,안전운전 의무 불이행,교차로,교차로부근,화물차,소형,보행자,보행자,1,0,1,0,0,37.2189413,127.03945288
남양주시,2015   ,2015-03-18 17시,주간,수요일,차대사람,횡단중,안전운전 의무 불이행,단일로,기타단일로,승용차,중형,보행자,보행자,1,0,1,0,0,37.64674663,127.13977446
안성시,2015   ,2015-03-17 10시,주간,화요일,차대차,주정차중 추돌,안전운전 의무 불이행,단일로,기타단일로,화물차,중형,화물차,중형,1,1,2,0,0,37.08631718,127.45074002
포천시,2015   ,2015-03-17 10시,주간,화요일,차량단독,공작물충돌,기타(운전자법규위반),단일로,기타단일로,승합차,중형,없음,없음,1,0,1,0,0,37.81063874,127.20969989
안성시,2015   ,2015-03-17 10시,주간,화요일,차대차,기타,교차로 통행방법 위반,교차로,교차로내,승용차,소형,이륜차,소형,1,0,1,0,0,37.07365976,127.43013851
평택시,2015   ,2015-03-16 23시,야간,월요일,차대사람,기타,안전운전 의무 불이행,교차로,교차로부근,승용차,중형,보행자,보행자,1,0,1,0,0,36.99665689,126.93814567
평택시,2015   ,2015-03-16 13시,주간,월요일,차대차,기타,안전운전 의무 불이행,단일로,기타단일로,화물차,대형,승용차,소형,1,0,1,0,0,37.02364577,126.99639582
양평군,2015   ,2015-03-15 15시,주간,일요일,차량단독,공작물충돌,안전운전 의무 불이행,단일로,기타단일로,승용차,중형,없음,없음,1,0,2,0,1,37.47358199,127.73331491
김포시,2015   ,2015-03-15 08시,주간,일요일,차대차,주정차중 추돌,안전운전 의무 불이행,단일로,기타단일로,승용차,중형,승합차,대형,1,1,6,0,4,37.62532215,126.71195885
성남시,2015   ,2015-03-15 06시,주간,일요일,차대차,진행중 추돌,신호위반,교차로,교차로내,승용차,중형,승합차,대형,1,1,2,0,0,37.40669535,127.14220376
고양시,2015   ,2015-03-14 16시,주간,토요일,차대사람,차도통행중,안전운전 의무 불이행,단일로,기타단일로,승용차,소형,보행자,보행자,1,0,1,0,0,37.67436395,126.77533941
화성시,2015   ,2015-03-14 08시,주간,토요일,차대차,기타,중앙선 침범,단일로,기타단일로,화물차,소형,화물차,소형,1,1,2,0,0,37.10965915,126.87508309
의정부시,2015   ,2015-03-13 22시,야간,금요일,차대차,정면충돌,중앙선 침범,단일로,기타단일로,승합차,경형,원동기장치자전거,원동기장치자전거,1,1,2,0,0,37.72437476,127.04720075
안성시,2015   ,2015-03-13 21시,야간,금요일,차대사람,횡단중,안전운전 의무 불이행,단일로,기타단일로,승용차,소형,보행자,보행자,1,0,1,0,0,37.03163457,127.28646098
수원시,2015   ,2015-03-13 01시,야간,금요일,차대차,기타,안전운전 의무 불이행,단일로,기타단일로,화물차,대형,승용차,중형,1,0,1,0,0,37.31637579,126.99590533
김포시,2015   ,2015-03-12 22시,야간,목요일,차대차,측면충돌,신호위반,교차로,교차로부근,승용차,소형,승용차,중형,1,0,3,0,2,37.65891272,126.66710514
평택시,2015   ,2015-03-12 05시,야간,목요일,차대사람,횡단중,안전운전 의무 불이행,단일로,기타단일로,승용차,경형,보행자,보행자,1,0,1,0,0,37.05014793,126.97767571
고양시,2015   ,2015-03-11 04시,야간,수요일,차대차,기타,과속,단일로,기타단일로,승용차,중형,이륜차,소형,1,0,1,0,0,37.69576174,126.74664911
광주시,2015   ,2015-03-10 10시,주간,화요일,차대사람,길가장자리구역통행중,안전운전 의무 불이행,단일로,기타단일로,승합차,중형,보행자,보행자,1,0,1,0,0,37.415226,127.2952875
안산시,2015   ,2015-03-10 00시,야간,화요일,차대차,주정차중 추돌,안전운전 의무 불이행,단일로,기타단일로,승용차,중형,건설기계,건설기계,1,0,1,0,0,37.29042048,126.8441681
여주시,2015   ,2015-03-09 19시,야간,월요일,차대차,진행중 추돌,안전운전 의무 불이행,교차로,교차로내,화물차,소형,화물차,소형,1,2,3,0,0,37.1878746,127.56164043
수원시,2015   ,2015-03-09 09시,주간,월요일,차대차,측면충돌,신호위반,교차로,교차로내,이륜차,중형,화물차,소형,1,0,1,0,0,37.2624588,127.01414013
파주시,2015   ,2015-03-09 08시,주간,월요일,차대차,기타,신호위반,교차로,교차로부근,승합차,대형,자전거,자전거,1,0,1,0,0,37.7170535,126.75416029
가평군,2015   ,2015-03-08 00시,야간,일요일,차대사람,기타,안전운전 의무 불이행,단일로,교량위,화물차,소형,보행자,보행자,1,0,1,0,0,37.8220282,127.35398102
수원시,2015   ,2015-03-07 08시,주간,토요일,차대차,기타,중앙선 침범,단일로,기타단일로,화물차,소형,승용차,중형,1,0,1,0,0,37.28042785,126.96897065
안산시,2015   ,2015-03-07 06시,주간,토요일,차대차,주정차중 추돌,안전운전 의무 불이행,단일로,기타단일로,승용차,중형,화물차,대형,1,0,1,0,0,37.34751483,126.82670239
양평군,2015   ,2015-03-07 04시,야간,토요일,차대사람,기타,안전운전 의무 불이행,단일로,기타단일로,승용차,대형,보행자,보행자,1,0,1,0,0,37.4997088,127.4542145
고양시,2015   ,2015-03-06 19시,야간,금요일,차대차,진행중 추돌,안전운전 의무 불이행,단일로,기타단일로,화물차,소형,화물차,소형,1,0,3,0,2,37.65675511,126.82918002
수원시,2015   ,2015-03-06 13시,주간,금요일,차대사람,기타,안전운전 의무 불이행,단일로,기타단일로,승용차,중형,보행자,보행자,1,0,2,0,1,37.2307286,127.02275348
성남시,2015   ,2015-03-06 03시,야간,금요일,차대사람,차도통행중,안전운전 의무 불이행,단일로,기타단일로,화물차,소형,보행자,보행자,1,0,1,0,0,37.44364191,127.15406766
의왕시,2015   ,2015-03-06 00시,야간,금요일,차대사람,횡단중,안전운전 의무 불이행,단일로,횡단보도상,승용차,중형,보행자,보행자,1,0,1,0,0,37.3416453,126.97805701
안양시,2015   ,2015-03-05 22시,야간,목요일,차대사람,횡단중,안전운전 의무 불이행,단일로,기타단일로,승용차,중형,보행자,보행자,1,0,1,0,0,37.38731728,126.93098477
용인시,2015   ,2015-03-05 12시,주간,목요일,차대사람,횡단중,안전운전 의무 불이행,단일로,기타단일로,화물차,소형,보행자,보행자,1,0,1,0,0,37.33793388,127.24090332
하남시,2015   ,2015-03-04 11시,주간,수요일,차대사람,횡단중,안전운전 의무 불이행,단일로,기타단일로,승합차,대형,보행자,보행자,1,0,1,0,0,37.53806083,127.2042174
안성시,2015   ,2015-03-03 13시,주간,화요일,차대사람,차도통행중,안전운전 의무 불이행,교차로,교차로부근,승합차,대형,보행자,보행자,1,0,1,0,0,37.08339189,127.26128186
고양시,2015   ,2015-03-03 12시,주간,화요일,차대사람,차도통행중,안전운전 의무 불이행,단일로,기타단일로,화물차,소형,보행자,보행자,1,1,2,0,0,37.64377586,126.80578787
김포시,2015   ,2015-03-03 08시,주간,화요일,차대사람,횡단중,안전운전 의무 불이행,단일로,횡단보도부근,화물차,소형,보행자,보행자,1,0,1,0,0,37.67510674,126.61477288
부천시,2015   ,2015-03-02 12시,주간,월요일,차대사람,횡단중,신호위반,교차로,교차로내,승합차,대형,보행자,보행자,1,0,1,0,0,37.4882743,126.76513946
이천시,2015   ,2015-03-02 10시,주간,월요일,차대차,측면충돌,안전운전 의무 불이행,단일로,기타단일로,승용차,중형,화물차,대형,1,1,2,0,0,37.23449145,127.4309261
용인시,2015   ,2015-03-02 01시,야간,월요일,차대차,주정차중 추돌,안전운전 의무 불이행,단일로,기타단일로,승용차,중형,화물차,중형,1,0,1,0,0,37.22771018,127.2806563
고양시,2015   ,2015-03-01 03시,야간,일요일,차량단독,기타,안전운전 의무 불이행,단일로,기타단일로,특수차,소형,없음,없음,1,0,1,0,0,37.6314117,126.8107535
가평군,2015   ,2015-02-27 23시,야간,금요일,차대차,주정차중 추돌,안전운전 의무 불이행,단일로,기타단일로,승용차,대형,승용차,대형,1,2,3,0,0,37.82190737,127.34409594
부천시,2015   ,2015-02-27 05시,야간,금요일,차량단독,기타,안전운전 의무 불이행,단일로,기타단일로,이륜차,소형,없음,없음,1,0,1,0,0,37.48095504,126.7931591
수원시,2015   ,2015-02-26 13시,주간,목요일,차대차,진행중 추돌,안전거리 미확보,단일로,기타단일로,승용차,중형,원동기장치자전거,원동기장치자전거,1,0,1,0,0,37.2702295,127.00129993
용인시,2015   ,2015-02-26 06시,주간,목요일,차대차,기타,안전운전 의무 불이행,기타/불명,기타/불명,화물차,소형,승합차,소형,1,0,1,0,0,37.27788754,127.23079924
용인시,2015   ,2015-02-25 18시,야간,수요일,차대사람,횡단중,보행자 보호의무 위반,교차로,교차로부근,승용차,중형,보행자,보행자,1,0,1,0,0,37.14189474,127.19822286
고양시,2015   ,2015-02-25 11시,주간,수요일,차대차,기타,신호위반,교차로,교차로내,자전거,자전거,승용차,중형,1,0,1,0,0,37.67418899,126.75449885
평택시,2015   ,2015-02-24 10시,주간,화요일,차대사람,기타,안전운전 의무 불이행,기타/불명,기타/불명,승용차,중형,보행자,보행자,1,0,1,0,0,36.96354908,127.04136648
안양시,2015   ,2015-02-23 11시,주간,월요일,차대사람,횡단중,안전운전 의무 불이행,교차로,교차로내,승용차,중형,보행자,보행자,1,0,1,0,0,37.3752831,126.96757981
김포시,2015   ,2015-02-22 10시,주간,일요일,차대사람,횡단중,보행자 보호의무 위반,교차로,교차로부근,승합차,중형,보행자,보행자,1,0,1,0,0,37.62877045,126.7060181
시흥시,2015   ,2015-02-22 00시,야간,일요일,차대차,기타,안전거리 미확보,교차로,교차로부근,원동기장치자전거,원동기장치자전거,승용차,중형,1,2,3,0,0,37.44207744,126.78829098
광주시,2015   ,2015-02-18 22시,야간,수요일,차대차,정면충돌,중앙선 침범,단일로,기타단일로,승용차,중형,이륜차,소형,1,0,1,0,0,37.40487572,127.25599463
부천시,2015   ,2015-02-17 22시,야간,화요일,차대사람,기타,기타(운전자법규위반),단일로,기타단일로,승합차,중형,보행자,보행자,1,0,1,0,0,37.49723381,126.78573152
남양주시,2015   ,2015-02-16 20시,야간,월요일,차대차,진행중 추돌,안전운전 의무 불이행,단일로,터널안,승용차,중형,승용차,소형,1,0,2,0,1,37.63033125,127.23819164
하남시,2015   ,2015-02-16 18시,야간,월요일,차대사람,횡단중,안전운전 의무 불이행,단일로,횡단보도상,승용차,소형,보행자,보행자,1,0,1,0,0,37.54682427,127.19448109
의정부시,2015   ,2015-02-16 14시,주간,월요일,차대차,정면충돌,중앙선 침범,단일로,기타단일로,승합차,소형,화물차,소형,2,0,2,0,0,37.73879881,127.06961925
부천시,2015   ,2015-02-15 21시,야간,일요일,차대사람,횡단중,안전운전 의무 불이행,교차로,교차로부근,화물차,중형,보행자,보행자,1,0,1,0,0,37.50573185,126.75339403
연천군,2015   ,2015-02-15 18시,야간,일요일,차대차,진행중 추돌,안전운전 의무 불이행,단일로,기타단일로,화물차,경형,자전거,자전거,1,0,1,0,0,38.08403767,127.07621241
포천시,2015   ,2015-02-15 18시,야간,일요일,차대차,기타,안전운전 의무 불이행,교차로,교차로부근,화물차,대형,자전거,자전거,1,0,1,0,0,37.81109198,127.16325539
파주시,2015   ,2015-02-13 17시,주간,금요일,차대차,정면충돌,신호위반,교차로,교차로내,승합차,대형,자전거,자전거,1,0,1,0,0,37.72327884,126.74946824
안산시,2015   ,2015-02-13 10시,주간,금요일,차대차,기타,신호위반,단일로,기타단일로,자전거,자전거,승용차,경형,1,0,1,0,0,37.30271939,126.86139304
성남시,2015   ,2015-02-12 13시,주간,목요일,차대사람,횡단중,신호위반,교차로,교차로부근,화물차,중형,보행자,보행자,1,0,1,0,0,37.4376569,127.13317144
김포시,2015   ,2015-02-12 07시,주간,목요일,차량단독,공작물충돌,안전운전 의무 불이행,교차로,교차로내,승용차,경형,없음,없음,1,0,1,0,0,37.63633278,126.69276771
광주시,2015   ,2015-02-12 01시,야간,목요일,차대차,진행중 추돌,안전운전 의무 불이행,단일로,기타단일로,승용차,경형,화물차,소형,1,1,2,0,0,37.41945118,127.19060309
고양시,2015   ,2015-02-12 00시,야간,목요일,차대사람,기타,안전운전 의무 불이행,단일로,횡단보도상,승용차,중형,보행자,보행자,1,0,1,0,0,37.67449513,126.75160417
포천시,2015   ,2015-02-11 08시,주간,수요일,차대차,측면충돌,신호위반,교차로,교차로내,승용차,소형,승용차,중형,1,1,2,0,0,37.94151694,127.30039162
수원시,2015   ,2015-02-11 01시,야간,수요일,차대사람,기타,안전운전 의무 불이행,단일로,기타단일로,승용차,중형,보행자,보행자,1,0,1,0,0,37.28003916,127.00404402
부천시,2015   ,2015-02-10 07시,주간,화요일,차대사람,횡단중,안전운전 의무 불이행,교차로,교차로부근,승용차,중형,보행자,보행자,1,0,1,0,0,37.52672298,126.7822816
용인시,2015   ,2015-02-10 05시,야간,화요일,차대차,진행중 추돌,안전운전 의무 불이행,교차로,교차로내,화물차,소형,화물차,대형,1,0,1,0,0,37.25744958,127.10442231
성남시,2015   ,2015-02-09 16시,주간,월요일,차대차,진행중 추돌,안전운전 의무 불이행,단일로,터널안,승용차,중형,승용차,소형,1,3,4,0,0,37.42408764,127.09876658
화성시,2015   ,2015-02-09 12시,주간,월요일,차대차,정면충돌,중앙선 침범,단일로,기타단일로,승용차,소형,화물차,소형,1,0,3,0,2,37.19811604,126.7217064
성남시,2015   ,2015-02-08 12시,주간,일요일,차대차,진행중 추돌,안전운전 의무 불이행,단일로,기타단일로,승용차,소형,승용차,중형,1,0,3,0,2,37.37553609,127.10309144
군포시,2015   ,2015-02-07 07시,주간,토요일,차량단독,전도전복,안전운전 의무 불이행,단일로,기타단일로,이륜차,중형,없음,없음,1,0,1,0,0,37.35517101,126.92843851
용인시,2015   ,2015-02-06 18시,야간,금요일,차량단독,전도전복,안전운전 의무 불이행,단일로,기타단일로,원동기장치자전거,원동기장치자전거,없음,없음,1,0,1,0,0,37.2212931,127.22495888
하남시,2015   ,2015-02-06 09시,주간,금요일,차대사람,횡단중,안전운전 의무 불이행,단일로,기타단일로,화물차,소형,보행자,보행자,1,0,1,0,0,37.54035528,127.20622322
고양시,2015   ,2015-02-05 22시,야간,목요일,차대사람,기타,안전운전 의무 불이행,단일로,기타단일로,승용차,소형,보행자,보행자,1,0,1,0,0,37.73232796,126.91129795
용인시,2015   ,2015-02-05 15시,주간,목요일,차대사람,차도통행중,안전운전 의무 불이행,교차로,교차로내,건설기계,건설기계,보행자,보행자,1,0,1,0,0,37.26588406,127.13738979
안성시,2015   ,2015-02-04 22시,야간,수요일,차대사람,기타,안전운전 의무 불이행,교차로,교차로내,화물차,경형,보행자,보행자,1,0,1,0,0,37.06125845,127.29833459
부천시,2015   ,2015-02-04 10시,주간,수요일,차대사람,길가장자리구역통행중,안전운전 의무 불이행,단일로,기타단일로,자전거,자전거,보행자,보행자,1,0,1,0,0,37.53380256,126.76101448
용인시,2015   ,2015-02-04 09시,주간,수요일,차대차,기타,안전운전 의무 불이행,단일로,기타단일로,승용차,소형,건설기계,건설기계,1,0,1,0,0,37.13497893,127.20102001
안산시,2015   ,2015-02-03 19시,야간,화요일,차대사람,보도통행중,기타(운전자법규위반),교차로,교차로부근,자전거,자전거,보행자,보행자,1,0,1,0,0,37.34201486,126.81232348
남양주시,2015   ,2015-01-30 08시,주간,금요일,차대사람,기타,안전운전 의무 불이행,교차로,교차로부근,승용차,중형,보행자,보행자,1,0,1,0,0,37.74535111,127.20408678
광명시,2015   ,2015-01-30 03시,야간,금요일,차대사람,기타,안전운전 의무 불이행,단일로,기타단일로,승용차,중형,보행자,보행자,1,1,2,0,0,37.43580993,126.86194815
부천시,2015   ,2015-01-29 20시,야간,목요일,차대사람,횡단중,보행자 보호의무 위반,교차로,교차로내,승합차,대형,보행자,보행자,1,0,1,0,0,37.51511385,126.76328086
수원시,2015   ,2015-01-29 20시,야간,목요일,차대사람,횡단중,안전운전 의무 불이행,교차로,교차로내,승합차,소형,보행자,보행자,1,0,1,0,0,37.24879292,127.0576507
이천시,2015   ,2015-01-29 07시,주간,목요일,차대차,기타,신호위반,교차로,교차로내,승용차,소형,승용차,중형,1,0,2,0,1,37.22315706,127.42484955
화성시,2015   ,2015-01-28 20시,야간,수요일,차대사람,차도통행중,안전운전 의무 불이행,단일로,기타단일로,승합차,소형,보행자,보행자,1,0,1,0,0,37.07897545,126.83055833
용인시,2015   ,2015-01-26 14시,주간,월요일,차대차,측면충돌,안전운전 의무 불이행,교차로,교차로내,승용차,중형,승용차,중형,1,1,3,0,1,37.27414364,127.08861132
수원시,2015   ,2015-01-25 18시,야간,일요일,차대사람,횡단중,안전운전 의무 불이행,단일로,기타단일로,승용차,대형,보행자,보행자,1,2,3,0,0,37.28711475,127.01046185
광주시,2015   ,2015-01-24 04시,야간,토요일,차량단독,공작물충돌,안전운전 의무 불이행,단일로,기타단일로,화물차,소형,없음,없음,1,0,1,0,0,37.41996502,127.19062358
파주시,2015   ,2015-01-24 04시,야간,토요일,차대사람,횡단중,안전운전 의무 불이행,교차로,교차로부근,승용차,중형,보행자,보행자,1,0,1,0,0,37.72545089,126.71080831
의왕시,2015   ,2015-01-23 16시,주간,금요일,차대사람,길가장자리구역통행중,안전운전 의무 불이행,단일로,기타단일로,화물차,소형,보행자,보행자,1,0,1,0,0,37.3188129,126.95205366
수원시,2015   ,2015-01-23 06시,주간,금요일,차대차,측면충돌,신호위반,교차로,교차로내,승합차,대형,자전거,자전거,1,0,1,0,0,37.29860166,127.00710853
평택시,2015   ,2015-01-23 00시,야간,금요일,차대차,주정차중 추돌,안전운전 의무 불이행,교차로,교차로부근,승용차,소형,화물차,소형,1,0,1,0,0,36.96800239,126.86185212
광명시,2015   ,2015-01-22 22시,야간,목요일,차대사람,횡단중,안전운전 의무 불이행,단일로,기타단일로,이륜차,중형,보행자,보행자,2,0,2,0,0,37.48173492,126.85545013
동두천시,2015   ,2015-01-22 20시,야간,목요일,차대사람,횡단중,안전운전 의무 불이행,단일로,기타단일로,승용차,중형,보행자,보행자,1,0,1,0,0,37.90284935,127.05109155
평택시,2015   ,2015-01-22 19시,야간,목요일,차대사람,횡단중,안전운전 의무 불이행,단일로,기타단일로,승용차,소형,보행자,보행자,1,0,1,0,0,36.97266796,127.04041298
용인시,2015   ,2015-01-22 06시,주간,목요일,차대사람,횡단중,신호위반,교차로,교차로내,승용차,중형,보행자,보행자,1,0,1,0,0,37.32402414,127.24445007
안산시,2015   ,2015-01-22 00시,야간,목요일,차대차,진행중 추돌,안전운전 의무 불이행,교차로,교차로내,화물차,소형,원동기장치자전거,원동기장치자전거,1,0,1,0,0,37.28225694,126.83501141
남양주시,2015   ,2015-01-21 19시,야간,수요일,차대차,주정차중 추돌,안전운전 의무 불이행,단일로,기타단일로,화물차,중형,승용차,경형,1,1,2,0,0,37.56785515,127.22861545
연천군,2015   ,2015-01-21 06시,주간,수요일,차대사람,기타,안전운전 의무 불이행,단일로,기타단일로,승용차,대형,보행자,보행자,1,0,1,0,0,37.99025857,126.91970845
이천시,2015   ,2015-01-21 04시,야간,수요일,차량단독,전도전복,안전운전 의무 불이행,교차로,교차로내,승용차,소형,없음,없음,1,0,1,0,0,37.27504751,127.49252153
성남시,2015   ,2015-01-21 01시,야간,수요일,차량단독,전도전복,안전운전 의무 불이행,교차로,교차로부근,승용차,소형,없음,없음,1,0,1,0,0,37.42795664,127.10205759
평택시,2015   ,2015-01-20 07시,주간,화요일,차대차,정면충돌,중앙선 침범,단일로,기타단일로,승용차,중형,승용차,중형,1,2,4,0,1,37.11054086,127.08164183
고양시,2015   ,2015-01-20 00시,야간,화요일,차량단독,공작물충돌,안전운전 의무 불이행,단일로,기타단일로,승용차,중형,없음,없음,1,0,1,0,0,37.65002746,126.73942557
남양주시,2015   ,2015-01-19 22시,야간,월요일,차대사람,기타,안전운전 의무 불이행,단일로,기타단일로,승합차,중형,보행자,보행자,1,0,1,0,0,37.68063467,127.15716623
남양주시,2015   ,2015-01-19 20시,야간,월요일,차대사람,보도통행중,기타(운전자법규위반),단일로,기타단일로,승용차,중형,보행자,보행자,1,0,1,0,0,37.75362299,127.23334189
안산시,2015   ,2015-01-19 14시,주간,월요일,차대사람,차도통행중,안전운전 의무 불이행,단일로,기타단일로,화물차,대형,보행자,보행자,1,0,1,0,0,37.30045209,126.88777011
화성시,2015   ,2015-01-19 05시,야간,월요일,차대차,진행중 추돌,안전운전 의무 불이행,단일로,기타단일로,화물차,중형,화물차,중형,1,0,1,0,0,37.25270592,126.90911921
김포시,2015   ,2015-01-18 06시,주간,일요일,차량단독,공작물충돌,안전운전 의무 불이행,단일로,기타단일로,승용차,중형,없음,없음,1,0,1,0,0,37.67099138,126.61886981
수원시,2015   ,2015-01-17 06시,주간,토요일,차대사람,횡단중,안전운전 의무 불이행,교차로,교차로내,승용차,중형,보행자,보행자,1,0,1,0,0,37.27407385,126.96915064
의정부시,2015   ,2015-01-17 05시,야간,토요일,차대사람,기타,안전운전 의무 불이행,단일로,횡단보도상,화물차,소형,보행자,보행자,1,0,1,0,0,37.73543794,127.07488201
수원시,2015   ,2015-01-16 13시,주간,금요일,차량단독,전도전복,안전운전 의무 불이행,교차로,교차로내,이륜차,중형,없음,없음,1,0,1,0,0,37.30170355,127.00932921
안산시,2015   ,2015-01-16 04시,야간,금요일,차대차,측면충돌,신호위반,교차로,교차로내,승용차,중형,이륜차,소형,1,1,2,0,0,37.30900774,126.85249271
화성시,2015   ,2015-01-15 21시,야간,목요일,차대사람,기타,안전운전 의무 불이행,단일로,기타단일로,승용차,중형,보행자,보행자,1,0,1,0,0,37.16536746,126.89620508
양평군,2015   ,2015-01-15 18시,야간,목요일,차대차,정면충돌,중앙선 침범,단일로,기타단일로,승용차,소형,이륜차,소형,1,0,1,0,0,37.49889581,127.60503286
의정부시,2015   ,2015-01-15 18시,야간,목요일,차대사람,기타,안전운전 의무 불이행,단일로,기타단일로,승용차,중형,보행자,보행자,1,0,2,0,1,37.76541075,127.03991137
화성시,2015   ,2015-01-15 06시,주간,목요일,차대차,기타,안전운전 의무 불이행,단일로,기타단일로,화물차,중형,건설기계,건설기계,1,0,2,0,1,37.2770911,126.89711862
용인시,2015   ,2015-01-14 06시,주간,수요일,차대사람,횡단중,안전운전 의무 불이행,단일로,기타단일로,승용차,소형,보행자,보행자,1,0,2,0,1,37.23324519,127.19879484
양주시,2015   ,2015-01-13 23시,야간,화요일,차량단독,공작물충돌,안전운전 의무 불이행,단일로,기타단일로,승용차,중형,없음,없음,1,0,1,0,0,37.79968602,127.07544549
군포시,2015   ,2015-01-13 17시,주간,화요일,차대사람,횡단중,안전운전 의무 불이행,단일로,기타단일로,승합차,중형,보행자,보행자,1,0,1,0,0,37.37638598,126.94092768
평택시,2015   ,2015-01-13 05시,야간,화요일,차대사람,횡단중,안전운전 의무 불이행,교차로,교차로부근,승합차,소형,보행자,보행자,1,0,1,0,0,36.9519486,126.91448321
안양시,2015   ,2015-01-12 21시,야간,월요일,차대사람,횡단중,안전운전 의무 불이행,단일로,기타단일로,승용차,대형,보행자,보행자,1,0,1,0,0,37.41674501,126.91396921
남양주시,2015   ,2015-01-12 21시,야간,월요일,차대차,주정차중 추돌,안전운전 의무 불이행,단일로,기타단일로,화물차,경형,화물차,대형,1,0,1,0,0,37.67819717,127.13484813
안양시,2015   ,2015-01-11 19시,야간,일요일,차대사람,차도통행중,안전운전 의무 불이행,단일로,기타단일로,승합차,대형,보행자,보행자,1,0,1,0,0,37.38852159,126.9473444
이천시,2015   ,2015-01-11 05시,야간,일요일,차대사람,길가장자리구역통행중,안전운전 의무 불이행,단일로,기타단일로,승용차,중형,보행자,보행자,1,0,1,0,0,37.3027363,127.38435163
성남시,2015   ,2015-01-11 03시,야간,일요일,차대차,주정차중 추돌,안전운전 의무 불이행,단일로,기타단일로,승용차,중형,특수차,소형,1,1,5,0,3,37.42959577,127.07075144
용인시,2015   ,2015-01-11 01시,야간,일요일,차량단독,도로이탈 추락,안전운전 의무 불이행,단일로,기타단일로,승용차,중형,없음,없음,1,0,2,1,0,37.33436164,127.10330818
가평군,2015   ,2015-01-10 01시,야간,토요일,차량단독,공작물충돌,안전운전 의무 불이행,단일로,기타단일로,승합차,소형,없음,없음,1,0,1,0,0,37.71856053,127.4017154
고양시,2015   ,2015-01-09 18시,야간,금요일,차대차,진행중 추돌,안전운전 의무 불이행,교차로,교차로내,승합차,대형,이륜차,소형,1,0,1,0,0,37.71500798,126.90123502
안양시,2015   ,2015-01-08 09시,주간,목요일,차대사람,횡단중,안전운전 의무 불이행,교차로,교차로내,승용차,중형,보행자,보행자,1,0,2,1,0,37.393713,126.92456472
성남시,2015   ,2015-01-08 06시,주간,목요일,차대사람,횡단중,안전운전 의무 불이행,교차로,교차로부근,승합차,중형,보행자,보행자,1,0,1,0,0,37.43829503,127.16599554
양주시,2015   ,2015-01-07 23시,야간,수요일,차대차,진행중 추돌,안전운전 의무 불이행,교차로,교차로내,승합차,대형,승합차,소형,1,1,5,0,3,37.79042332,126.98773889
고양시,2015   ,2015-01-07 16시,주간,수요일,차대차,측면충돌,교차로 통행방법 위반,교차로,교차로내,화물차,대형,승용차,중형,1,7,8,0,0,37.62632316,126.85778466
수원시,2015   ,2015-01-06 23시,야간,화요일,차대차,측면충돌,중앙선 침범,단일로,기타단일로,승용차,중형,화물차,소형,1,0,3,1,1,37.29572844,127.04573223
안산시,2015   ,2015-01-06 19시,야간,화요일,차대사람,횡단중,안전운전 의무 불이행,단일로,기타단일로,승용차,경형,보행자,보행자,1,0,1,0,0,37.30274457,126.76044927