시군명,발생년도,발생일자,주야구분명,사고요일,사고유형_대분류,사고유형,법규위반내용,도로형태_대분류,도로형태,당사자1_대분류,당사자1_차종,당사자2_대분류,당사자2_차종,사망자수,중상자수,부상자수,부상신고자수,경상자수,WGS84위도,WGS84경도
하남시,2015   ,2015-01-06 14시,주간,화요일,차량단독,전도전복,안전운전 의무 불이행,기타/불명,기타/불명,승용차,중형,없음,없음,1,0,1,0,0,37.48746933,127.21980071
광주시,2015   ,2015-01-06 13시,주간,화요일,차대사람,횡단중,안전운전 의무 불이행,단일로,기타단일로,승용차,중형,보행자,보행자,1,0,1,0,0,37.41083588,127.25264179
파주시,2015   ,2015-01-06 07시,주간,화요일,차대차,측면충돌,안전운전 의무 불이행,단일로,기타단일로,건설기계,건설기계,화물차,소형,1,1,2,0,0,37.86317052,126.76383124
안산시,2015   ,2015-01-06 07시,주간,화요일,차대차,기타,안전운전 의무 불이행,단일로,기타단일로,승용차,소형,자전거,자전거,1,0,1,0,0,37.33866917,126.80895599
시흥시,2015   ,2015-01-05 23시,야간,월요일,차대차,측면충돌,안전운전 의무 불이행,교차로,교차로내,승합차,대형,승용차,중형,1,0,1,0,0,37.36385778,126.73776126
고양시,2015   ,2015-01-05 19시,야간,월요일,차대사람,횡단중,안전운전 의무 불이행,단일로,횡단보도상,승합차,대형,보행자,보행자,1,0,1,0,0,37.62070796,126.83983844
수원시,2015   ,2015-01-05 06시,주간,월요일,차대차,기타,안전운전 의무 불이행,단일로,횡단보도상,승용차,중형,화물차,소형,1,0,1,0,0,37.27755915,127.02800774
평택시,2015   ,2015-01-04 23시,야간,일요일,차대사람,차도통행중,안전운전 의무 불이행,단일로,기타단일로,승용차,대형,보행자,보행자,1,0,1,0,0,37.07822291,127.06358253
성남시,2015   ,2015-01-04 22시,야간,일요일,차대사람,기타,안전운전 의무 불이행,교차로,교차로부근,승용차,경형,보행자,보행자,1,0,1,0,0,37.37685899,127.11058428
성남시,2015   ,2015-01-04 15시,주간,일요일,차대사람,기타,안전운전 의무 불이행,교차로,교차로부근,승합차,소형,보행자,보행자,1,0,1,0,0,37.4390601,127.16560779
광주시,2015   ,2015-01-04 07시,주간,일요일,차대차,진행중 추돌,안전운전 의무 불이행,단일로,기타단일로,승용차,소형,건설기계,건설기계,1,0,1,0,0,37.38960983,127.28570965
성남시,2015   ,2015-01-03 16시,주간,토요일,차량단독,전도전복,안전운전 의무 불이행,단일로,기타단일로,승용차,중형,없음,없음,1,0,2,0,1,37.36804763,127.14936681
성남시,2015   ,2015-01-03 15시,주간,토요일,차량단독,기타,안전운전 의무 불이행,기타/불명,기타/불명,승합차,대형,없음,없음,1,0,1,0,0,37.43783525,127.15964469
용인시,2015   ,2015-01-02 21시,야간,금요일,차대사람,차도통행중,안전운전 의무 불이행,단일로,기타단일로,승용차,대형,보행자,보행자,1,0,1,0,0,37.23295323,127.28385404
고양시,2015   ,2015-01-02 20시,야간,금요일,차대사람,기타,안전운전 의무 불이행,단일로,기타단일로,승용차,중형,보행자,보행자,1,0,1,0,0,37.6483652,126.85037402
수원시,2015   ,2015-01-02 17시,주간,금요일,차대사람,기타,과속,교차로,교차로내,승합차,중형,보행자,보행자,1,0,1,0,0,37.29850929,126.99145492
평택시,2015   ,2015-01-02 17시,주간,금요일,차대차,주정차중 추돌,안전운전 의무 불이행,단일로,기타단일로,화물차,대형,화물차,소형,1,0,7,0,6,36.93736222,126.91608836
광주시,2014   ,2014-12-31 22시,야간,수요일,차대차,주정차중 추돌,안전운전 의무 불이행,교차로,교차로부근,승용차,소형,승용차,중형,1,0,5,0,4,37.35830867,127.1603429
화성시,2014   ,2014-12-31 19시,야간,수요일,차대차,기타,안전거리 미확보,단일로,기타단일로,승용차,중형,승용차,소형,1,3,34,30,0,37.07766889,126.81330074
여주시,2014   ,2014-12-31 18시,야간,수요일,차대사람,길가장자리구역통행중,안전운전 의무 불이행,교차로,교차로부근,승용차,소형,보행자,보행자,1,0,1,0,0,37.37984045,127.67497716
광주시,2014   ,2014-12-30 23시,야간,화요일,차대사람,차도통행중,안전운전 의무 불이행,교차로,교차로부근,승용차,소형,보행자,보행자,1,0,1,0,0,37.427304,127.24415594
가평군,2014   ,2014-12-30 12시,주간,화요일,차량단독,기타,안전운전 의무 불이행,단일로,기타단일로,승용차,대형,없음,없음,1,0,1,0,0,37.72923721,127.50142988
안성시,2014   ,2014-12-30 10시,주간,화요일,차대차,기타,교차로 통행방법 위반,교차로,교차로내,화물차,소형,자전거,자전거,1,0,1,0,0,37.0071198,127.26491505
안성시,2014   ,2014-12-29 14시,주간,월요일,차대사람,기타,안전운전 의무 불이행,단일로,고가도로위,화물차,소형,보행자,보행자,1,0,1,0,0,37.01393099,127.2293388
군포시,2014   ,2014-12-29 05시,야간,월요일,차대사람,횡단중,안전운전 의무 불이행,단일로,기타단일로,승용차,중형,보행자,보행자,1,0,1,0,0,37.36037547,126.94816065
안성시,2014   ,2014-12-28 16시,주간,일요일,차량단독,공작물충돌,안전운전 의무 불이행,단일로,기타단일로,승용차,대형,없음,없음,3,5,8,0,0,36.98000469,127.23914444
광주시,2014   ,2014-12-28 05시,야간,일요일,차대차,측면충돌,안전운전 의무 불이행,단일로,기타단일로,승용차,소형,화물차,중형,1,1,3,0,1,37.34400156,127.35158115
여주시,2014   ,2014-12-27 17시,주간,토요일,차대사람,횡단중,보행자 보호의무 위반,단일로,횡단보도상,승용차,중형,보행자,보행자,1,0,1,0,0,37.17210239,127.65669924
하남시,2014   ,2014-12-27 16시,주간,토요일,차대차,측면충돌,부당한 회전,단일로,횡단보도상,자전거,자전거,승합차,대형,1,0,1,0,0,37.54691689,127.19544296
광주시,2014   ,2014-12-27 07시,주간,토요일,차대사람,횡단중,안전운전 의무 불이행,교차로,교차로내,승합차,중형,보행자,보행자,1,0,1,0,0,37.41849675,127.25658331
가평군,2014   ,2014-12-26 15시,주간,금요일,차대차,기타,안전운전 의무 불이행,단일로,기타단일로,승용차,중형,이륜차,소형,1,0,1,0,0,37.82827383,127.514352
파주시,2014   ,2014-12-26 07시,주간,금요일,차대차,기타,안전운전 의무 불이행,단일로,기타단일로,이륜차,소형,화물차,대형,1,0,1,0,0,37.79120974,126.69476544
군포시,2014   ,2014-12-26 04시,야간,금요일,차대사람,횡단중,안전운전 의무 불이행,단일로,횡단보도상,승용차,중형,보행자,보행자,1,0,1,0,0,37.37318392,126.94237452
평택시,2014   ,2014-12-25 18시,야간,목요일,차대사람,횡단중,안전운전 의무 불이행,교차로,교차로내,화물차,소형,보행자,보행자,2,0,2,0,0,36.9602533,126.85577238
용인시,2014   ,2014-12-24 18시,야간,수요일,차대사람,차도통행중,안전운전 의무 불이행,교차로,교차로내,건설기계,건설기계,보행자,보행자,1,0,1,0,0,37.22186754,127.10330069
의왕시,2014   ,2014-12-24 03시,야간,수요일,차대차,진행중 추돌,안전운전 의무 불이행,단일로,기타단일로,승용차,중형,화물차,대형,2,0,2,0,0,37.32360347,126.96082262
화성시,2014   ,2014-12-23 20시,야간,화요일,차대사람,기타,안전운전 의무 불이행,교차로,교차로부근,승용차,중형,보행자,보행자,1,0,1,0,0,37.21402009,126.98071824
평택시,2014   ,2014-12-23 09시,주간,화요일,차대차,측면충돌,신호위반,교차로,교차로부근,화물차,경형,승합차,소형,1,0,2,0,1,37.09263602,127.06340987
화성시,2014   ,2014-12-23 02시,야간,화요일,차대사람,기타,안전운전 의무 불이행,단일로,기타단일로,승용차,중형,보행자,보행자,1,0,1,0,0,37.22623052,126.87716599
양평군,2014   ,2014-12-22 18시,야간,월요일,차량단독,전도전복,안전운전 의무 불이행,단일로,기타단일로,승용차,대형,없음,없음,1,0,1,0,0,37.60410771,127.41258363
안산시,2014   ,2014-12-20 06시,주간,토요일,차대차,진행중 추돌,안전운전 의무 불이행,단일로,기타단일로,화물차,소형,자전거,자전거,1,0,1,0,0,37.3544837,126.87284463
의정부시,2014   ,2014-12-20 05시,야간,토요일,차대사람,횡단중,안전운전 의무 불이행,단일로,기타단일로,화물차,소형,보행자,보행자,1,0,1,0,0,37.74920651,127.04493815
고양시,2014   ,2014-12-20 03시,야간,토요일,차량단독,공작물충돌,안전운전 의무 불이행,단일로,터널안,화물차,소형,없음,없음,1,0,1,0,0,37.66526067,126.72023321
화성시,2014   ,2014-12-20 00시,야간,토요일,차량단독,전도전복,안전운전 의무 불이행,단일로,기타단일로,화물차,소형,없음,없음,1,1,2,0,0,37.22164704,126.96079404
수원시,2014   ,2014-12-19 22시,야간,금요일,차대차,주정차중 추돌,안전운전 의무 불이행,단일로,고가도로위,승용차,중형,승용차,소형,1,2,3,0,0,37.26922298,127.01285601
평택시,2014   ,2014-12-19 21시,야간,금요일,차대사람,기타,중앙선 침범,교차로,교차로부근,승용차,중형,보행자,보행자,1,0,1,0,0,37.13317741,127.0270146
시흥시,2014   ,2014-12-19 18시,야간,금요일,차대사람,횡단중,안전운전 의무 불이행,단일로,기타단일로,승합차,대형,보행자,보행자,1,0,1,0,0,37.39962737,126.79952757
남양주시,2014   ,2014-12-19 18시,야간,금요일,차대사람,횡단중,안전운전 의무 불이행,단일로,기타단일로,화물차,소형,보행자,보행자,1,0,1,0,0,37.57448453,127.22663222
수원시,2014   ,2014-12-19 09시,주간,금요일,차대사람,횡단중,안전운전 의무 불이행,단일로,기타단일로,화물차,소형,보행자,보행자,1,0,1,0,0,37.28047891,127.02556421
시흥시,2014   ,2014-12-19 08시,주간,금요일,차대차,진행중 추돌,안전운전 의무 불이행,단일로,기타단일로,화물차,중형,화물차,중형,1,2,3,0,0,37.38852242,126.78147745
광주시,2014   ,2014-12-19 07시,주간,금요일,차대차,기타,안전운전 의무 불이행,교차로,교차로부근,자전거,자전거,화물차,소형,1,0,1,0,0,37.3510324,127.33784864
부천시,2014   ,2014-12-19 07시,주간,금요일,차대사람,횡단중,안전운전 의무 불이행,교차로,교차로내,승용차,중형,보행자,보행자,1,0,1,0,0,37.50860687,126.78540819
수원시,2014   ,2014-12-17 22시,야간,수요일,차대차,측면충돌,중앙선 침범,단일로,기타단일로,자전거,자전거,승합차,대형,1,0,1,0,0,37.2883757,127.0124054
평택시,2014   ,2014-12-17 00시,야간,수요일,차대차,주정차중 추돌,안전운전 의무 불이행,단일로,기타단일로,화물차,대형,화물차,중형,1,0,2,0,1,36.99461555,126.86914804
안산시,2014   ,2014-12-15 19시,야간,월요일,차대사람,차도통행중,안전운전 의무 불이행,단일로,기타단일로,승용차,중형,보행자,보행자,1,0,1,0,0,37.23377914,126.62543825
하남시,2014   ,2014-12-15 12시,주간,월요일,차대사람,기타,안전운전 의무 불이행,기타/불명,기타/불명,화물차,중형,보행자,보행자,1,0,1,0,0,37.50579736,127.15312483
안성시,2014   ,2014-12-14 20시,야간,일요일,차대사람,횡단중,안전운전 의무 불이행,단일로,기타단일로,승용차,중형,보행자,보행자,1,0,1,0,0,37.00830161,127.19763903
파주시,2014   ,2014-12-14 16시,주간,일요일,차량단독,공작물충돌,안전운전 의무 불이행,단일로,기타단일로,승용차,소형,없음,없음,1,1,2,0,0,38.00268363,126.97252919
남양주시,2014   ,2014-12-13 15시,주간,토요일,차대차,진행중 추돌,안전운전 의무 불이행,단일로,기타단일로,승용차,소형,화물차,대형,1,0,1,0,0,37.65373485,127.31725133
수원시,2014   ,2014-12-13 03시,야간,토요일,차대사람,기타,안전운전 의무 불이행,교차로,교차로부근,화물차,중형,보행자,보행자,1,0,1,0,0,37.25661812,127.03672014
수원시,2014   ,2014-12-12 13시,주간,금요일,차대사람,횡단중,신호위반,교차로,교차로내,승합차,대형,보행자,보행자,1,0,4,0,3,37.26210726,127.00328197
안산시,2014   ,2014-12-12 07시,주간,금요일,차대차,기타,안전운전 의무 불이행,단일로,터널안,화물차,대형,화물차,소형,1,0,1,0,0,37.33267738,126.87587058
화성시,2014   ,2014-12-12 06시,주간,금요일,차대사람,횡단중,안전운전 의무 불이행,단일로,기타단일로,화물차,소형,보행자,보행자,1,0,1,0,0,37.20467193,126.94288424
화성시,2014   ,2014-12-11 19시,야간,목요일,차대사람,기타,안전운전 의무 불이행,교차로,교차로내,승용차,소형,보행자,보행자,1,0,1,0,0,37.16523625,126.9848817
파주시,2014   ,2014-12-11 17시,주간,목요일,차대사람,횡단중,안전운전 의무 불이행,단일로,기타단일로,승합차,소형,보행자,보행자,1,0,1,0,0,37.84536843,126.79000188
광명시,2014   ,2014-12-11 16시,주간,목요일,차대사람,차도통행중,안전운전 의무 불이행,단일로,기타단일로,승용차,중형,보행자,보행자,1,0,1,0,0,37.4585666,126.88525093
파주시,2014   ,2014-12-11 15시,주간,목요일,차대사람,기타,신호위반,교차로,교차로내,승용차,소형,보행자,보행자,1,0,1,0,0,37.81248969,126.75650721
포천시,2014   ,2014-12-11 00시,야간,목요일,차량단독,기타,안전운전 의무 불이행,단일로,기타단일로,승합차,중형,없음,없음,1,0,3,0,2,37.87157582,127.24443518
성남시,2014   ,2014-12-10 02시,야간,수요일,차대차,진행중 추돌,안전거리 미확보,단일로,기타단일로,승용차,대형,화물차,중형,1,0,2,1,0,37.42718914,127.07325172
김포시,2014   ,2014-12-09 19시,야간,화요일,차대사람,기타,안전운전 의무 불이행,단일로,기타단일로,승용차,중형,보행자,보행자,1,0,1,0,0,37.65380312,126.59386076
고양시,2014   ,2014-12-08 18시,야간,월요일,차량단독,공작물충돌,안전운전 의무 불이행,단일로,기타단일로,이륜차,중형,없음,없음,1,0,1,0,0,37.6441315,126.77794558
양주시,2014   ,2014-12-08 16시,주간,월요일,차대차,정면충돌,신호위반,교차로,교차로내,승용차,대형,승용차,소형,1,1,2,0,0,37.86945621,127.01475218
광주시,2014   ,2014-12-08 14시,주간,월요일,차대차,측면충돌,중앙선 침범,단일로,기타단일로,화물차,소형,화물차,소형,1,1,2,0,0,37.47945793,127.35651643
성남시,2014   ,2014-12-08 14시,주간,월요일,차대사람,기타,안전운전 의무 불이행,단일로,기타단일로,승용차,중형,보행자,보행자,1,0,1,0,0,37.38295555,127.12270705
양평군,2014   ,2014-12-08 14시,주간,월요일,차대사람,보도통행중,신호위반,교차로,교차로내,건설기계,건설기계,보행자,보행자,1,0,1,0,0,37.4929664,127.50290729
김포시,2014   ,2014-12-08 13시,주간,월요일,차대사람,횡단중,신호위반,교차로,교차로내,화물차,소형,보행자,보행자,1,0,1,0,0,37.64408019,126.66883502
안성시,2014   ,2014-12-08 13시,주간,월요일,차대사람,횡단중,안전운전 의무 불이행,단일로,기타단일로,승용차,대형,보행자,보행자,1,0,1,0,0,37.00504493,127.26870922
오산시,2014   ,2014-12-08 11시,주간,월요일,차대차,기타,안전운전 의무 불이행,단일로,기타단일로,승합차,대형,자전거,자전거,1,0,1,0,0,37.15678085,127.06833445
수원시,2014   ,2014-12-07 19시,야간,일요일,차대사람,기타,안전운전 의무 불이행,단일로,기타단일로,승용차,소형,보행자,보행자,1,0,3,0,2,37.2613852,127.0073692
평택시,2014   ,2014-12-07 18시,야간,일요일,차대사람,횡단중,안전운전 의무 불이행,단일로,기타단일로,승용차,중형,보행자,보행자,1,0,1,0,0,37.00832302,127.07768417
안산시,2014   ,2014-12-07 01시,야간,일요일,차대사람,횡단중,안전운전 의무 불이행,단일로,기타단일로,승용차,소형,보행자,보행자,1,0,1,0,0,37.3306531,126.78421879
부천시,2014   ,2014-12-06 21시,야간,토요일,차대사람,기타,안전운전 의무 불이행,단일로,기타단일로,승합차,대형,보행자,보행자,1,0,2,0,1,37.47870029,126.79293151
고양시,2014   ,2014-12-06 06시,주간,토요일,차대사람,횡단중,안전운전 의무 불이행,단일로,횡단보도상,승합차,대형,보행자,보행자,1,0,1,0,0,37.65290827,126.84230823
고양시,2014   ,2014-12-05 23시,야간,금요일,차대사람,횡단중,안전운전 의무 불이행,단일로,기타단일로,승용차,중형,보행자,보행자,1,0,1,0,0,37.70491107,126.90437924
포천시,2014   ,2014-12-05 14시,주간,금요일,차대차,진행중 추돌,안전운전 의무 불이행,교차로,교차로내,화물차,소형,이륜차,소형,1,0,1,0,0,37.84006497,127.14643962
이천시,2014   ,2014-12-05 13시,주간,금요일,차대차,측면충돌,안전운전 의무 불이행,교차로,교차로내,이륜차,중형,승합차,소형,1,0,1,0,0,37.30221776,127.43813097
용인시,2014   ,2014-12-05 03시,야간,금요일,차량단독,공작물충돌,안전운전 의무 불이행,교차로,교차로부근,승용차,중형,없음,없음,1,0,1,0,0,37.33865949,127.2388462
용인시,2014   ,2014-12-04 23시,야간,목요일,차대사람,기타,안전운전 의무 불이행,단일로,기타단일로,승합차,대형,보행자,보행자,1,0,1,0,0,37.3319039,127.15924269
부천시,2014   ,2014-12-04 22시,야간,목요일,차대차,진행중 추돌,신호위반,교차로,교차로내,화물차,소형,승용차,중형,1,2,3,0,0,37.50390369,126.78720667
고양시,2014   ,2014-12-04 19시,야간,목요일,차대차,주정차중 추돌,안전운전 의무 불이행,단일로,기타단일로,승용차,중형,승합차,대형,1,0,1,0,0,37.65735647,126.92054069
포천시,2014   ,2014-12-04 17시,주간,목요일,차대차,측면충돌,안전운전 의무 불이행,교차로,교차로내,승용차,중형,건설기계,건설기계,1,0,2,0,1,37.90583352,127.22794767
평택시,2014   ,2014-12-04 15시,주간,목요일,차대차,진행중 추돌,안전운전 의무 불이행,단일로,기타단일로,화물차,경형,화물차,경형,1,0,2,0,1,37.02819998,127.07525809
구리시,2014   ,2014-12-04 13시,주간,목요일,차대사람,횡단중,안전운전 의무 불이행,교차로,교차로내,건설기계,건설기계,보행자,보행자,1,0,1,0,0,37.61084174,127.11829571
남양주시,2014   ,2014-12-04 06시,주간,목요일,차대사람,횡단중,신호위반,교차로,교차로부근,화물차,소형,보행자,보행자,1,0,1,0,0,37.6445146,127.13497907
수원시,2014   ,2014-12-04 05시,야간,목요일,차대사람,횡단중,안전운전 의무 불이행,단일로,기타단일로,승용차,중형,보행자,보행자,1,0,1,0,0,37.26591638,127.03336993
화성시,2014   ,2014-12-03 19시,야간,수요일,차대사람,횡단중,보행자 보호의무 위반,교차로,교차로내,승합차,중형,보행자,보행자,1,0,1,0,0,37.21479612,126.96271372
양주시,2014   ,2014-12-03 17시,주간,수요일,차대사람,횡단중,안전운전 의무 불이행,단일로,기타단일로,화물차,중형,보행자,보행자,1,0,1,0,0,37.78464413,127.04669701
용인시,2014   ,2014-12-02 16시,주간,화요일,차대사람,횡단중,신호위반,단일로,기타단일로,승용차,소형,보행자,보행자,1,0,1,0,0,37.25454144,127.10814752
여주시,2014   ,2014-12-02 06시,주간,화요일,차대사람,횡단중,보행자 보호의무 위반,단일로,횡단보도상,승용차,경형,보행자,보행자,1,0,1,0,0,37.29647592,127.63692967
용인시,2014   ,2014-12-02 04시,야간,화요일,차량단독,기타,안전운전 의무 불이행,기타/불명,기타/불명,승용차,대형,없음,없음,1,0,1,0,0,37.25145528,127.2333628
양주시,2014   ,2014-12-01 19시,야간,월요일,차대차,측면충돌,신호위반,교차로,교차로내,승용차,중형,이륜차,중형,1,0,1,0,0,37.86942903,127.01471825
포천시,2014   ,2014-12-01 16시,주간,월요일,차대차,진행중 추돌,안전운전 의무 불이행,단일로,기타단일로,화물차,소형,건설기계,건설기계,1,0,1,0,0,37.81841197,127.21128283
안양시,2014   ,2014-12-01 01시,야간,월요일,차대사람,횡단중,안전운전 의무 불이행,단일로,기타단일로,승용차,중형,보행자,보행자,1,0,1,0,0,37.40914982,126.92197204
안성시,2014   ,2014-11-30 17시,주간,일요일,차량단독,공작물충돌,안전운전 의무 불이행,단일로,기타단일로,승용차,대형,없음,없음,1,0,1,0,0,36.93966553,127.23532902
광명시,2014   ,2014-11-30 12시,주간,일요일,차대사람,기타,안전운전 의무 불이행,교차로,교차로내,승용차,중형,보행자,보행자,1,0,1,0,0,37.46204646,126.88019056
김포시,2014   ,2014-11-30 06시,주간,일요일,차대사람,횡단중,안전운전 의무 불이행,교차로,교차로부근,승합차,대형,보행자,보행자,1,0,1,0,0,37.60224878,126.76949153
수원시,2014   ,2014-11-30 05시,야간,일요일,차량단독,기타,안전운전 의무 불이행,단일로,기타단일로,이륜차,소형,없음,없음,1,0,1,0,0,37.29907321,126.99685578
가평군,2014   ,2014-11-30 01시,야간,일요일,차량단독,공작물충돌,안전운전 의무 불이행,단일로,기타단일로,승용차,중형,없음,없음,1,0,1,0,0,37.67491371,127.4986392
평택시,2014   ,2014-11-30 00시,야간,일요일,차대차,주정차중 추돌,안전운전 의무 불이행,단일로,기타단일로,승용차,경형,화물차,중형,5,0,5,0,0,37.01284872,127.03905831
성남시,2014   ,2014-11-30 00시,야간,일요일,차대차,주정차중 추돌,안전운전 의무 불이행,교차로,교차로내,승용차,중형,승용차,중형,1,0,1,0,0,37.44416312,127.1268767
안양시,2014   ,2014-11-29 22시,야간,토요일,차대사람,횡단중,안전운전 의무 불이행,단일로,기타단일로,승용차,중형,보행자,보행자,1,0,1,0,0,37.41745923,126.91258494
양주시,2014   ,2014-11-29 17시,주간,토요일,차량단독,공작물충돌,안전운전 의무 불이행,교차로,교차로부근,특수차,소형,없음,없음,1,0,1,0,0,37.80192005,127.07510328
김포시,2014   ,2014-11-29 15시,주간,토요일,차대차,기타,중앙선 침범,단일로,기타단일로,승용차,중형,자전거,자전거,1,1,2,0,0,37.63187659,126.71222963
화성시,2014   ,2014-11-29 15시,주간,토요일,차대사람,횡단중,교차로 통행방법 위반,교차로,교차로내,승용차,대형,보행자,보행자,1,0,1,0,0,37.21017896,127.03466005
안양시,2014   ,2014-11-29 12시,주간,토요일,차대차,기타,안전운전 의무 불이행,단일로,기타단일로,원동기장치자전거,원동기장치자전거,승용차,중형,1,0,1,0,0,37.39475297,126.9479652
안산시,2014   ,2014-11-29 07시,주간,토요일,차대사람,횡단중,안전운전 의무 불이행,교차로,교차로내,화물차,소형,보행자,보행자,1,0,1,0,0,37.33655761,126.84336077
광주시,2014   ,2014-11-28 08시,주간,금요일,차량단독,공작물충돌,안전운전 의무 불이행,단일로,기타단일로,승용차,소형,없음,없음,1,0,1,0,0,37.28900347,127.32245808
수원시,2014   ,2014-11-27 17시,주간,목요일,차대사람,횡단중,안전운전 의무 불이행,단일로,횡단보도부근,승합차,대형,보행자,보행자,1,1,6,0,4,37.28754049,127.01096675
안산시,2014   ,2014-11-27 14시,주간,목요일,차대사람,횡단중,안전운전 의무 불이행,단일로,횡단보도상,승용차,중형,보행자,보행자,1,0,1,0,0,37.34184774,126.81303624
시흥시,2014   ,2014-11-27 10시,주간,목요일,차대차,기타,신호위반,교차로,교차로내,화물차,중형,화물차,중형,1,1,2,0,0,37.32630485,126.73467563
가평군,2014   ,2014-11-27 10시,주간,목요일,차량단독,전도전복,안전운전 의무 불이행,교차로,교차로부근,원동기장치자전거,원동기장치자전거,없음,없음,1,1,2,0,0,37.74038808,127.42225269
이천시,2014   ,2014-11-27 10시,주간,목요일,차대차,진행중 추돌,안전운전 의무 불이행,단일로,터널안,승용차,중형,건설기계,건설기계,1,0,2,0,1,37.25474806,127.36923531
성남시,2014   ,2014-11-26 23시,야간,수요일,차대사람,횡단중,안전운전 의무 불이행,단일로,기타단일로,승용차,중형,보행자,보행자,1,0,1,0,0,37.42723677,127.12447418
성남시,2014   ,2014-11-25 20시,야간,화요일,차대사람,횡단중,안전운전 의무 불이행,단일로,횡단보도상,승합차,대형,보행자,보행자,1,1,2,0,0,37.41133274,127.12898321
하남시,2014   ,2014-11-25 20시,야간,화요일,차대사람,횡단중,안전운전 의무 불이행,교차로,교차로부근,승용차,소형,보행자,보행자,1,0,1,0,0,37.51495249,127.22387349
평택시,2014   ,2014-11-25 18시,야간,화요일,차대차,기타,안전운전 의무 불이행,단일로,기타단일로,화물차,소형,승용차,중형,1,0,1,0,0,37.12136622,127.10509776
안성시,2014   ,2014-11-25 18시,야간,화요일,차대사람,차도통행중,안전운전 의무 불이행,단일로,기타단일로,승용차,대형,보행자,보행자,1,0,1,0,0,37.00249163,127.31355061
시흥시,2014   ,2014-11-25 15시,주간,화요일,차대차,측면충돌,안전운전 의무 불이행,단일로,기타단일로,승용차,중형,화물차,대형,1,0,2,0,1,37.36398334,126.80649922
화성시,2014   ,2014-11-25 15시,주간,화요일,차대차,기타,안전운전 의무 불이행,단일로,기타단일로,화물차,소형,승용차,소형,1,0,2,0,1,37.13169211,126.91991245
포천시,2014   ,2014-11-25 11시,주간,화요일,차대차,진행중 추돌,안전운전 의무 불이행,단일로,기타단일로,승합차,소형,이륜차,소형,1,0,1,0,0,37.9067604,127.21217789
여주시,2014   ,2014-11-24 19시,야간,월요일,차대사람,횡단중,안전운전 의무 불이행,교차로,교차로부근,화물차,소형,보행자,보행자,1,0,1,0,0,37.2231828,127.66524758
이천시,2014   ,2014-11-23 23시,야간,일요일,차대차,주정차중 추돌,안전운전 의무 불이행,단일로,기타단일로,승용차,중형,화물차,소형,1,0,1,0,0,37.11796117,127.61970043
가평군,2014   ,2014-11-23 17시,주간,일요일,차대사람,보도통행중,안전운전 의무 불이행,단일로,기타단일로,승용차,중형,보행자,보행자,1,0,1,0,0,37.84393519,127.53206299
가평군,2014   ,2014-11-23 07시,주간,일요일,차대차,주정차중 추돌,안전운전 의무 불이행,교차로,교차로부근,승용차,경형,승용차,중형,1,0,3,2,0,37.79650151,127.47999759
광주시,2014   ,2014-11-23 03시,야간,일요일,차량단독,공작물충돌,안전운전 의무 불이행,단일로,교량위,승용차,중형,없음,없음,1,0,1,0,0,37.383703,127.23536905
여주시,2014   ,2014-11-22 22시,야간,토요일,차대차,기타,안전운전 의무 불이행,단일로,기타단일로,승용차,중형,화물차,소형,1,0,3,0,2,37.3459937,127.61610984
수원시,2014   ,2014-11-22 20시,야간,토요일,차대사람,횡단중,신호위반,교차로,교차로내,승용차,중형,보행자,보행자,1,0,1,0,0,37.30887795,127.05236752
시흥시,2014   ,2014-11-22 06시,주간,토요일,차대사람,기타,안전운전 의무 불이행,교차로,교차로부근,승합차,대형,보행자,보행자,1,0,1,0,0,37.35829389,126.7262772
안산시,2014   ,2014-11-21 15시,주간,금요일,차대사람,횡단중,보행자 보호의무 위반,교차로,교차로내,승용차,중형,보행자,보행자,1,0,1,0,0,37.30914042,126.78324919
수원시,2014   ,2014-11-21 06시,주간,금요일,차대사람,횡단중,안전운전 의무 불이행,교차로,교차로내,승합차,대형,보행자,보행자,1,0,1,0,0,37.28581053,127.01552429
양주시,2014   ,2014-11-20 21시,야간,목요일,차대사람,횡단중,안전운전 의무 불이행,교차로,교차로부근,승용차,소형,보행자,보행자,1,0,1,0,0,37.80052167,127.08229024
시흥시,2014   ,2014-11-19 01시,야간,수요일,차대차,기타,안전운전 의무 불이행,교차로,교차로부근,화물차,소형,화물차,소형,1,2,4,0,1,37.42884017,126.7740734
시흥시,2014   ,2014-11-19 01시,야간,수요일,차대차,주정차중 추돌,안전운전 의무 불이행,교차로,교차로부근,화물차,경형,화물차,소형,1,2,4,0,1,37.42883448,126.77461598
구리시,2014   ,2014-11-19 01시,야간,수요일,차대사람,차도통행중,안전운전 의무 불이행,단일로,기타단일로,화물차,소형,보행자,보행자,1,0,1,0,0,37.61333108,127.13592469
포천시,2014   ,2014-11-18 20시,야간,화요일,차대사람,차도통행중,안전운전 의무 불이행,단일로,기타단일로,건설기계,건설기계,보행자,보행자,1,0,1,0,0,37.86375537,127.20699051
포천시,2014   ,2014-11-18 19시,야간,화요일,차대사람,횡단중,과속,단일로,기타단일로,승용차,중형,보행자,보행자,1,0,1,0,0,37.88628814,127.30215566
연천군,2014   ,2014-11-18 16시,주간,화요일,차대차,측면충돌,안전운전 의무 불이행,교차로,교차로부근,자전거,자전거,화물차,중형,1,0,1,0,0,38.03128895,127.06467747
고양시,2014   ,2014-11-18 02시,야간,화요일,차대사람,기타,안전운전 의무 불이행,교차로,교차로부근,승용차,중형,보행자,보행자,1,0,1,0,0,37.66910234,126.75114808