시군명,발생년도,발생일자,주야구분명,사고요일,사고유형_대분류,사고유형,법규위반내용,도로형태_대분류,도로형태,당사자1_대분류,당사자1_차종,당사자2_대분류,당사자2_차종,사망자수,중상자수,부상자수,부상신고자수,경상자수,WGS84위도,WGS84경도
이천시,2014   ,2014-07-17 22시,야간,목요일,차대차,진행중 추돌,안전거리 미확보,단일로,기타단일로,승용차,중형,승용차,소형,1,0,3,0,2,37.24780374,127.41481229
고양시,2014   ,2014-07-17 21시,야간,목요일,차대차,주정차중 추돌,안전운전 의무 불이행,단일로,기타단일로,승용차,중형,건설기계,건설기계,1,0,1,0,0,37.60506421,126.81668393
남양주시,2014   ,2014-07-17 20시,야간,목요일,차대차,측면충돌,신호위반,교차로,교차로내,이륜차,대형,승용차,경형,1,0,1,0,0,37.6520777,127.30133894
평택시,2014   ,2014-07-17 17시,주간,목요일,차대사람,횡단중,안전운전 의무 불이행,교차로,교차로부근,건설기계,건설기계,보행자,보행자,1,0,1,0,0,36.95751549,127.04528915
화성시,2014   ,2014-07-16 22시,야간,수요일,차대차,진행중 추돌,과속,단일로,기타단일로,승용차,중형,승합차,소형,1,0,1,0,0,37.15586499,126.87673012
김포시,2014   ,2014-07-16 15시,주간,수요일,차량단독,기타,안전운전 의무 불이행,단일로,기타단일로,자전거,자전거,없음,없음,1,0,1,0,0,37.71728714,126.56447324
김포시,2014   ,2014-07-15 22시,야간,화요일,차대차,측면충돌,교차로 통행방법 위반,교차로,교차로내,승용차,중형,이륜차,소형,1,1,4,0,2,37.6273609,126.71222064
부천시,2014   ,2014-07-15 20시,야간,화요일,차대사람,횡단중,안전운전 의무 불이행,단일로,기타단일로,승용차,중형,보행자,보행자,1,0,1,0,0,37.51510875,126.77263885
화성시,2014   ,2014-07-15 19시,야간,화요일,차대차,기타,신호위반,교차로,교차로내,승용차,대형,승용차,대형,1,3,4,0,0,37.21151473,126.75456736
이천시,2014   ,2014-07-15 19시,야간,화요일,차량단독,공작물충돌,과속,단일로,기타단일로,승용차,중형,없음,없음,1,1,4,0,2,37.29351447,127.37495616
양평군,2014   ,2014-07-15 17시,주간,화요일,차량단독,도로이탈 추락,안전운전 의무 불이행,단일로,기타단일로,화물차,소형,없음,없음,1,1,2,0,0,37.56992716,127.46062626
의정부시,2014   ,2014-07-15 07시,주간,화요일,차대사람,기타,과속,단일로,기타단일로,승용차,중형,보행자,보행자,1,0,1,0,0,37.75506595,127.07660877
포천시,2014   ,2014-07-15 04시,야간,화요일,차대사람,기타,안전운전 의무 불이행,단일로,기타단일로,화물차,소형,보행자,보행자,1,0,1,0,0,37.83009744,127.14080537
평택시,2014   ,2014-07-14 07시,주간,월요일,차대차,측면충돌,중앙선 침범,단일로,기타단일로,자전거,자전거,승용차,중형,1,0,1,0,0,36.98535867,126.84597591
동두천시,2014   ,2014-07-14 02시,야간,월요일,차량단독,공작물충돌,안전운전 의무 불이행,단일로,기타단일로,승용차,소형,없음,없음,2,2,4,0,0,37.8760325,127.05739451
오산시,2014   ,2014-07-13 10시,주간,일요일,차대차,측면충돌,신호위반,교차로,교차로내,원동기장치자전거,원동기장치자전거,승용차,중형,1,0,1,0,0,37.16845064,127.06246724
수원시,2014   ,2014-07-13 04시,야간,일요일,차대사람,횡단중,안전운전 의무 불이행,교차로,교차로내,승용차,중형,보행자,보행자,1,0,1,0,0,37.26433675,127.03281577
수원시,2014   ,2014-07-12 23시,야간,토요일,차대차,측면충돌,안전운전 의무 불이행,교차로,교차로부근,승용차,중형,원동기장치자전거,원동기장치자전거,1,0,1,0,0,37.25193281,126.9848333
시흥시,2014   ,2014-07-12 13시,주간,토요일,차대사람,기타,기타(운전자법규위반),교차로,교차로부근,화물차,경형,보행자,보행자,1,0,1,0,0,37.38368206,126.83863506
부천시,2014   ,2014-07-12 04시,야간,토요일,차대사람,횡단중,안전운전 의무 불이행,교차로,교차로내,승용차,중형,보행자,보행자,1,0,1,0,0,37.50010224,126.75685538
양평군,2014   ,2014-07-11 09시,주간,금요일,차대차,기타,안전운전 의무 불이행,교차로,교차로내,이륜차,사발이,승용차,중형,2,0,2,0,0,37.51232735,127.48992934
안산시,2014   ,2014-07-11 03시,야간,금요일,차량단독,공작물충돌,안전운전 의무 불이행,교차로,교차로부근,승용차,대형,없음,없음,2,1,3,0,0,37.33479882,126.79160725
이천시,2014   ,2014-07-11 00시,야간,금요일,차량단독,공작물충돌,안전운전 의무 불이행,교차로,교차로내,승용차,소형,없음,없음,1,0,1,0,0,37.21686962,127.45029459
안양시,2014   ,2014-07-10 10시,주간,목요일,차대차,측면충돌,신호위반,교차로,교차로내,승용차,중형,이륜차,중형,1,0,1,0,0,37.38534856,126.94345924
남양주시,2014   ,2014-07-10 10시,주간,목요일,차대사람,기타,안전운전 의무 불이행,단일로,기타단일로,승용차,중형,보행자,보행자,1,0,1,0,0,37.68791999,127.13401787
포천시,2014   ,2014-07-10 03시,야간,목요일,차량단독,공작물충돌,안전운전 의무 불이행,단일로,기타단일로,승용차,소형,없음,없음,1,0,1,0,0,37.91005641,127.21474739
광주시,2014   ,2014-07-10 01시,야간,목요일,차량단독,공작물충돌,안전운전 의무 불이행,단일로,교량위,승용차,중형,없음,없음,1,0,1,0,0,37.47512719,127.24667341
수원시,2014   ,2014-07-08 22시,야간,화요일,차대차,진행중 추돌,안전운전 의무 불이행,단일로,기타단일로,승용차,중형,자전거,자전거,1,0,1,0,0,37.25922139,127.06476207
광주시,2014   ,2014-07-08 18시,야간,화요일,차대사람,기타,안전운전 의무 불이행,교차로,교차로내,승용차,대형,보행자,보행자,1,0,1,0,0,37.40568093,127.21315653
수원시,2014   ,2014-07-08 08시,주간,화요일,차대사람,기타,안전운전 의무 불이행,교차로,교차로내,승용차,중형,보행자,보행자,1,0,1,0,0,37.27617504,127.06678509
광주시,2014   ,2014-07-08 07시,주간,화요일,차대사람,기타,안전운전 의무 불이행,단일로,기타단일로,승합차,소형,보행자,보행자,1,1,3,0,1,37.41235082,127.26624233
수원시,2014   ,2014-07-08 00시,야간,화요일,차대사람,횡단중,안전운전 의무 불이행,단일로,기타단일로,승용차,대형,보행자,보행자,1,0,1,0,0,37.25245184,127.07216443
파주시,2014   ,2014-07-07 19시,야간,월요일,차대사람,횡단중,보행자 보호의무 위반,교차로,교차로부근,건설기계,건설기계,보행자,보행자,1,0,1,0,0,37.7342442,126.75600795
안성시,2014   ,2014-07-07 06시,주간,월요일,차대사람,기타,안전운전 의무 불이행,교차로,교차로내,농기계,농기계,보행자,보행자,1,0,1,0,0,37.08164479,127.26665406
김포시,2014   ,2014-07-06 22시,야간,일요일,차대차,기타,안전운전 의무 불이행,교차로,교차로내,승용차,중형,이륜차,소형,1,0,1,0,0,37.64718047,126.56751841
연천군,2014   ,2014-07-06 21시,야간,일요일,차대차,정면충돌,중앙선 침범,단일로,기타단일로,승용차,소형,승용차,소형,1,1,2,0,0,38.04279424,127.06847274
여주시,2014   ,2014-07-06 21시,야간,일요일,차대차,진행중 추돌,안전운전 의무 불이행,단일로,기타단일로,화물차,소형,농기계,농기계,1,0,4,0,3,37.29923452,127.56114446
화성시,2014   ,2014-07-06 20시,야간,일요일,차량단독,도로이탈 추락,안전운전 의무 불이행,단일로,기타단일로,이륜차,소형,없음,없음,1,0,1,0,0,37.10438467,126.89043214
성남시,2014   ,2014-07-06 10시,주간,일요일,차대차,측면충돌,안전운전 의무 불이행,교차로,교차로부근,원동기장치자전거,원동기장치자전거,승합차,대형,1,0,1,0,0,37.38221369,127.12185229
평택시,2014   ,2014-07-06 04시,야간,일요일,차대사람,횡단중,보행자 보호의무 위반,교차로,교차로부근,승용차,소형,보행자,보행자,1,0,1,0,0,36.9877848,126.92084973
안양시,2014   ,2014-07-05 04시,야간,토요일,차대차,기타,안전운전 의무 불이행,단일로,기타단일로,이륜차,소형,화물차,소형,1,0,1,0,0,37.41712446,126.90691453
부천시,2014   ,2014-07-04 10시,주간,금요일,차대사람,기타,안전운전 의무 불이행,교차로,교차로내,승합차,대형,보행자,보행자,1,0,1,0,0,37.50409836,126.76746211
포천시,2014   ,2014-07-03 16시,주간,목요일,차대차,측면충돌,중앙선 침범,교차로,교차로부근,화물차,중형,화물차,중형,1,2,3,0,0,38.02535039,127.25938608
양평군,2014   ,2014-07-03 09시,주간,목요일,차대차,주정차중 추돌,안전운전 의무 불이행,단일로,기타단일로,이륜차,소형,화물차,경형,1,0,1,0,0,37.57009552,127.74864266
성남시,2014   ,2014-07-03 02시,야간,목요일,차대사람,횡단중,안전운전 의무 불이행,단일로,기타단일로,승용차,중형,보행자,보행자,1,0,1,0,0,37.41065662,127.12895265
고양시,2014   ,2014-07-02 23시,야간,수요일,차대사람,횡단중,보행자 보호의무 위반,단일로,횡단보도상,승용차,중형,보행자,보행자,1,0,1,0,0,37.68147468,126.76938439
구리시,2014   ,2014-07-02 23시,야간,수요일,차대사람,기타,안전운전 의무 불이행,단일로,기타단일로,승용차,중형,보행자,보행자,1,0,1,0,0,37.60049107,127.13727873
의정부시,2014   ,2014-07-02 14시,주간,수요일,차대차,기타,안전거리 미확보,교차로,교차로내,자전거,자전거,이륜차,중형,1,0,1,0,0,37.7373933,127.05520226
남양주시,2014   ,2014-07-02 14시,주간,수요일,차대사람,횡단중,안전운전 의무 불이행,단일로,기타단일로,승용차,중형,보행자,보행자,1,0,1,0,0,37.58506823,127.21223176
성남시,2014   ,2014-07-02 13시,주간,수요일,차대차,진행중 추돌,신호위반,교차로,교차로내,원동기장치자전거,원동기장치자전거,승용차,대형,1,0,1,0,0,37.45993739,127.10749663
안산시,2014   ,2014-07-02 01시,야간,수요일,차대사람,기타,안전운전 의무 불이행,단일로,기타단일로,승용차,중형,보행자,보행자,1,0,1,0,0,37.31527942,126.85709985
파주시,2014   ,2014-07-01 08시,주간,화요일,차대차,측면충돌,과속,교차로,교차로부근,승합차,소형,자전거,자전거,1,0,1,0,0,37.8237576,126.81010474
수원시,2014   ,2014-06-30 12시,주간,월요일,차대차,기타,중앙선 침범,단일로,기타단일로,승용차,중형,승용차,경형,1,0,2,0,1,37.2421721,126.98931943
양주시,2014   ,2014-06-29 23시,야간,일요일,차량단독,공작물충돌,안전운전 의무 불이행,교차로,교차로부근,승용차,중형,없음,없음,1,0,1,0,0,37.79824462,127.00840317
오산시,2014   ,2014-06-29 04시,야간,일요일,차대사람,횡단중,안전운전 의무 불이행,단일로,기타단일로,승합차,소형,보행자,보행자,1,0,1,0,0,37.14608406,127.05452236
고양시,2014   ,2014-06-27 21시,야간,금요일,차대차,진행중 추돌,신호위반,교차로,교차로내,이륜차,소형,승용차,중형,1,0,4,0,3,37.65074945,126.88316004
평택시,2014   ,2014-06-27 07시,주간,금요일,차량단독,도로이탈 추락,안전운전 의무 불이행,단일로,기타단일로,건설기계,건설기계,없음,없음,1,0,1,0,0,37.05917293,127.0252811
수원시,2014   ,2014-06-25 23시,야간,수요일,차대차,정면충돌,신호위반,교차로,교차로내,승용차,중형,승용차,중형,1,3,4,0,0,37.25008313,127.01867359
수원시,2014   ,2014-06-25 22시,야간,수요일,차대사람,횡단중,안전운전 의무 불이행,교차로,교차로부근,승용차,중형,보행자,보행자,1,0,1,0,0,37.26595825,127.03714789
남양주시,2014   ,2014-06-25 20시,야간,수요일,차대차,기타,안전운전 의무 불이행,단일로,기타단일로,승용차,소형,자전거,자전거,1,0,1,0,0,37.62776116,127.16626013
성남시,2014   ,2014-06-25 14시,주간,수요일,차대차,측면충돌,안전운전 의무 불이행,단일로,기타단일로,화물차,소형,승합차,대형,1,1,4,0,2,37.35770735,127.10326439
평택시,2014   ,2014-06-25 13시,주간,수요일,차대차,기타,안전거리 미확보,단일로,교량위,화물차,중형,화물차,소형,2,1,3,0,0,36.98012069,127.07115469
양주시,2014   ,2014-06-25 00시,야간,수요일,차대차,정면충돌,중앙선 침범,교차로,교차로부근,승용차,대형,이륜차,소형,1,1,2,0,0,37.85822262,126.99048714
부천시,2014   ,2014-06-24 16시,주간,화요일,차대사람,횡단중,보행자 보호의무 위반,교차로,교차로내,승합차,중형,보행자,보행자,1,0,1,0,0,37.51855209,126.80715336
평택시,2014   ,2014-06-23 21시,야간,월요일,차대차,진행중 추돌,안전운전 의무 불이행,단일로,기타단일로,승용차,중형,자전거,자전거,1,0,1,0,0,36.96958835,126.84682985
양주시,2014   ,2014-06-23 13시,주간,월요일,차대차,정면충돌,중앙선 침범,단일로,기타단일로,승용차,중형,승합차,대형,1,0,1,0,0,37.81555675,126.97654475
고양시,2014   ,2014-06-22 22시,야간,일요일,차대사람,횡단중,안전운전 의무 불이행,단일로,기타단일로,승용차,중형,보행자,보행자,1,0,1,0,0,37.68353152,126.77405942
여주시,2014   ,2014-06-22 18시,야간,일요일,차대차,기타,안전운전 의무 불이행,기타/불명,기타/불명,승용차,중형,자전거,자전거,1,0,1,0,0,37.27430528,127.63362969
포천시,2014   ,2014-06-21 11시,주간,토요일,차대차,진행중 추돌,안전운전 의무 불이행,단일로,기타단일로,승용차,소형,원동기장치자전거,원동기장치자전거,1,1,2,0,0,37.85865819,127.20149718
동두천시,2014   ,2014-06-21 04시,야간,토요일,차대차,정면충돌,중앙선 침범,단일로,기타단일로,승용차,대형,승용차,대형,2,1,3,0,0,37.89531324,127.04606468
평택시,2014   ,2014-06-19 20시,야간,목요일,차대사람,보도통행중,신호위반,단일로,횡단보도상,화물차,소형,보행자,보행자,1,0,1,0,0,36.92133148,126.90636431
김포시,2014   ,2014-06-19 11시,주간,목요일,차대사람,횡단중,보행자 보호의무 위반,단일로,횡단보도상,승합차,대형,보행자,보행자,1,0,1,0,0,37.59601419,126.72195326
안양시,2014   ,2014-06-19 01시,야간,목요일,차대사람,기타,안전운전 의무 불이행,단일로,기타단일로,승용차,중형,보행자,보행자,1,0,1,0,0,37.4178551,126.90702177
수원시,2014   ,2014-06-19 00시,야간,목요일,차대차,기타,신호위반,교차로,교차로내,이륜차,중형,화물차,중형,1,0,1,0,0,37.2967921,127.02059886
안성시,2014   ,2014-06-18 10시,주간,수요일,차대차,정면충돌,중앙선 침범,단일로,기타단일로,화물차,중형,화물차,대형,1,1,2,0,0,36.97587759,127.24397852
수원시,2014   ,2014-06-17 22시,야간,화요일,차대차,측면충돌,신호위반,교차로,교차로내,이륜차,중형,승용차,경형,1,2,3,0,0,37.25005604,127.01866249
양평군,2014   ,2014-06-17 15시,주간,화요일,차대사람,횡단중,안전운전 의무 불이행,단일로,기타단일로,승용차,소형,보행자,보행자,1,0,1,0,0,37.49319175,127.50239824
이천시,2014   ,2014-06-17 13시,주간,화요일,차량단독,기타,안전운전 의무 불이행,기타/불명,기타/불명,이륜차,소형,없음,없음,1,0,1,0,0,37.26418248,127.44584249
시흥시,2014   ,2014-06-17 04시,야간,화요일,차대사람,횡단중,안전운전 의무 불이행,교차로,교차로부근,승용차,중형,보행자,보행자,1,0,1,0,0,37.44882111,126.78854365
평택시,2014   ,2014-06-16 23시,야간,월요일,차량단독,공작물충돌,안전운전 의무 불이행,단일로,기타단일로,승용차,중형,없음,없음,1,0,1,0,0,37.0011288,127.0073226
의왕시,2014   ,2014-06-16 15시,주간,월요일,차대사람,길가장자리구역통행중,안전운전 의무 불이행,단일로,기타단일로,승용차,중형,보행자,보행자,1,0,1,0,0,37.32096772,126.9502209
용인시,2014   ,2014-06-14 05시,야간,토요일,차량단독,공작물충돌,안전운전 의무 불이행,단일로,기타단일로,승용차,중형,없음,없음,1,2,5,1,1,37.22667681,127.21079235
의왕시,2014   ,2014-06-14 00시,야간,토요일,차량단독,공작물충돌,안전운전 의무 불이행,단일로,기타단일로,승용차,대형,없음,없음,1,0,1,0,0,37.39268666,127.0131314
광주시,2014   ,2014-06-13 07시,주간,금요일,차량단독,공작물충돌,안전운전 의무 불이행,교차로,교차로내,승용차,소형,없음,없음,1,0,1,0,0,37.36519585,127.1637111
양주시,2014   ,2014-06-13 06시,주간,금요일,차대차,진행중 추돌,중앙선 침범,단일로,기타단일로,화물차,중형,승용차,소형,1,1,2,0,0,37.88814131,126.99362455
수원시,2014   ,2014-06-13 03시,야간,금요일,차대사람,기타,안전운전 의무 불이행,단일로,기타단일로,승용차,소형,보행자,보행자,1,0,1,0,0,37.29829056,126.97035703
용인시,2014   ,2014-06-12 11시,주간,목요일,차대차,진행중 추돌,중앙선 침범,단일로,기타단일로,화물차,경형,이륜차,소형,1,0,1,0,0,37.13947998,127.20581012
안산시,2014   ,2014-06-11 16시,주간,수요일,차대차,기타,과속,교차로,교차로부근,승용차,중형,자전거,자전거,1,0,1,0,0,37.31946142,126.8215128
오산시,2014   ,2014-06-10 18시,야간,화요일,차량단독,공작물충돌,안전운전 의무 불이행,단일로,기타단일로,승용차,대형,없음,없음,1,0,1,0,0,37.18171574,127.05184599
이천시,2014   ,2014-06-09 20시,야간,월요일,차대사람,길가장자리구역통행중,안전운전 의무 불이행,단일로,기타단일로,화물차,소형,보행자,보행자,1,0,1,0,0,37.14422523,127.51315201
평택시,2014   ,2014-06-07 23시,야간,토요일,차량단독,공작물충돌,안전운전 의무 불이행,교차로,교차로내,승용차,중형,없음,없음,1,0,1,0,0,37.05122938,127.08227127
광주시,2014   ,2014-06-07 04시,야간,토요일,차대차,기타,중앙선 침범,단일로,기타단일로,원동기장치자전거,원동기장치자전거,승용차,중형,2,0,4,0,2,37.37931815,127.24165335
파주시,2014   ,2014-06-06 16시,주간,금요일,차대사람,횡단중,안전운전 의무 불이행,단일로,기타단일로,승용차,중형,보행자,보행자,1,0,1,0,0,37.75408979,126.77167912
부천시,2014   ,2014-06-05 10시,주간,목요일,차대사람,기타,안전운전 의무 불이행,단일로,기타단일로,건설기계,건설기계,보행자,보행자,1,0,1,0,0,37.48216217,126.79606585
포천시,2014   ,2014-06-05 08시,주간,목요일,차대차,측면충돌,중앙선 침범,단일로,기타단일로,자전거,자전거,승용차,중형,1,0,2,0,1,37.96228011,127.32113404
시흥시,2014   ,2014-06-04 21시,야간,수요일,차대차,진행중 추돌,신호위반,교차로,교차로부근,승용차,중형,이륜차,소형,1,1,2,0,0,37.40218358,126.85265219
화성시,2014   ,2014-06-04 20시,야간,수요일,차대차,정면충돌,중앙선 침범,단일로,기타단일로,화물차,소형,승용차,대형,1,2,3,0,0,37.19955581,126.7977635
용인시,2014   ,2014-06-04 04시,야간,수요일,차대차,진행중 추돌,안전운전 의무 불이행,단일로,기타단일로,화물차,소형,특수차,대형,1,0,1,0,0,37.28298671,127.17249277
가평군,2014   ,2014-06-04 03시,야간,수요일,차량단독,도로이탈 기타,안전운전 의무 불이행,단일로,기타단일로,이륜차,소형,없음,없음,1,0,1,0,0,37.90139645,127.51938241
의정부시,2014   ,2014-06-03 22시,야간,화요일,차대사람,차도통행중,안전운전 의무 불이행,단일로,기타단일로,승합차,소형,보행자,보행자,1,0,1,0,0,37.69708239,127.05425215
파주시,2014   ,2014-06-03 18시,야간,화요일,차대차,기타,안전운전 의무 불이행,단일로,기타단일로,승합차,중형,승용차,중형,1,2,4,0,1,37.83942503,126.73193879
용인시,2014   ,2014-06-03 12시,주간,화요일,차대차,정면충돌,안전운전 의무 불이행,단일로,기타단일로,화물차,소형,승합차,대형,1,0,8,7,0,37.27495277,127.10384572
안양시,2014   ,2014-06-03 04시,야간,화요일,차대사람,기타,안전운전 의무 불이행,단일로,기타단일로,승용차,소형,보행자,보행자,1,0,1,0,0,37.40344578,126.95848843
안성시,2014   ,2014-06-02 17시,주간,월요일,차대차,정면충돌,중앙선 침범,단일로,기타단일로,화물차,소형,화물차,중형,1,1,2,0,0,37.07634202,127.42364466
포천시,2014   ,2014-06-02 15시,주간,월요일,차량단독,전도전복,안전운전 의무 불이행,교차로,교차로부근,이륜차,사발이,없음,없음,1,0,1,0,0,37.90526662,127.2094764
광주시,2014   ,2014-06-02 02시,야간,월요일,차대차,주정차중 추돌,안전운전 의무 불이행,단일로,기타단일로,승용차,중형,화물차,대형,1,0,1,0,0,37.40283084,127.27011351
동두천시,2014   ,2014-05-31 14시,주간,토요일,차대사람,기타,신호위반,단일로,기타단일로,화물차,소형,보행자,보행자,1,0,1,0,0,37.91709067,127.0536786
화성시,2014   ,2014-05-31 10시,주간,토요일,차대차,주정차중 추돌,안전운전 의무 불이행,단일로,기타단일로,화물차,대형,화물차,소형,1,0,1,0,0,37.25230683,126.88387497
포천시,2014   ,2014-05-30 22시,야간,금요일,차대사람,횡단중,안전운전 의무 불이행,교차로,교차로내,화물차,중형,보행자,보행자,1,0,1,0,0,37.79445925,127.12624642
화성시,2014   ,2014-05-30 21시,야간,금요일,차대사람,기타,기타(운전자법규위반),단일로,기타단일로,승용차,대형,보행자,보행자,1,0,1,0,0,37.20430223,127.07306744
안산시,2014   ,2014-05-30 17시,주간,금요일,차대차,측면충돌,안전운전 의무 불이행,단일로,기타단일로,승용차,중형,승용차,중형,1,1,2,0,0,37.30599931,126.86959146
평택시,2014   ,2014-05-29 23시,야간,목요일,차량단독,전도전복,과속,단일로,기타단일로,승용차,중형,없음,없음,2,3,5,0,0,37.03632968,127.06991677
여주시,2014   ,2014-05-28 23시,야간,수요일,차량단독,공작물충돌,안전운전 의무 불이행,단일로,교량위,승용차,중형,없음,없음,1,3,5,0,1,37.25889348,127.65410463
여주시,2014   ,2014-05-28 13시,주간,수요일,차량단독,전도전복,안전운전 의무 불이행,단일로,기타단일로,화물차,소형,없음,없음,1,1,2,0,0,37.23882497,127.57283221
성남시,2014   ,2014-05-27 12시,주간,화요일,차량단독,기타,안전운전 의무 불이행,교차로,교차로내,승용차,중형,없음,없음,1,0,1,0,0,37.44249295,127.16831697
의정부시,2014   ,2014-05-27 04시,야간,화요일,차대사람,기타,안전운전 의무 불이행,단일로,기타단일로,승용차,경형,보행자,보행자,1,0,1,0,0,37.72954387,127.08773921
수원시,2014   ,2014-05-27 01시,야간,화요일,차량단독,기타,안전운전 의무 불이행,단일로,기타단일로,자전거,자전거,없음,없음,1,0,1,0,0,37.24146203,127.0357982
고양시,2014   ,2014-05-25 17시,주간,일요일,차대차,측면충돌,신호위반,교차로,교차로내,승용차,소형,승용차,대형,2,1,4,0,1,37.69377502,126.71429742
안산시,2014   ,2014-05-25 05시,야간,일요일,차대사람,횡단중,신호위반,교차로,교차로내,화물차,대형,보행자,보행자,1,0,1,0,0,37.28198299,126.8473322
남양주시,2014   ,2014-05-24 17시,주간,토요일,차량단독,전도전복,안전운전 의무 불이행,단일로,기타단일로,이륜차,사발이,없음,없음,1,0,1,0,0,37.72925453,127.29863634
여주시,2014   ,2014-05-24 14시,주간,토요일,차대차,기타,중앙선 침범,교차로,교차로부근,승용차,중형,이륜차,소형,1,0,1,0,0,37.3457662,127.61827723
이천시,2014   ,2014-05-24 07시,주간,토요일,차대차,기타,교차로 통행방법 위반,교차로,교차로내,농기계,농기계,이륜차,소형,1,0,1,0,0,37.26971203,127.4357326
안산시,2014   ,2014-05-23 06시,주간,금요일,차대차,진행중 추돌,안전운전 의무 불이행,단일로,기타단일로,승용차,중형,승합차,대형,1,1,10,5,3,37.32927918,126.78656836
파주시,2014   ,2014-05-23 01시,야간,금요일,차대사람,기타,안전운전 의무 불이행,단일로,기타단일로,승용차,중형,보행자,보행자,1,0,1,0,0,37.80757671,126.8558205
양평군,2014   ,2014-05-22 22시,야간,목요일,차대사람,횡단중,과속,교차로,교차로부근,승용차,대형,보행자,보행자,1,0,1,0,0,37.51152915,127.40100309
양평군,2014   ,2014-05-22 22시,야간,목요일,차대차,정면충돌,중앙선 침범,단일로,기타단일로,이륜차,소형,승합차,중형,1,0,1,0,0,37.52552572,127.37128791
광주시,2014   ,2014-05-22 20시,야간,목요일,차대사람,길가장자리구역통행중,안전운전 의무 불이행,단일로,기타단일로,화물차,경형,보행자,보행자,1,0,1,0,0,37.39465482,127.29431537
고양시,2014   ,2014-05-22 15시,주간,목요일,차대차,기타,안전운전 의무 불이행,교차로,교차로부근,화물차,대형,원동기장치자전거,원동기장치자전거,1,0,1,0,0,37.67557443,126.85496766
안양시,2014   ,2014-05-22 01시,야간,목요일,차대차,정면충돌,중앙선 침범,단일로,지하차도(도로)내,원동기장치자전거,원동기장치자전거,승용차,중형,1,1,2,0,0,37.40109866,126.92899374
성남시,2014   ,2014-05-21 14시,주간,수요일,차대차,기타,안전운전 의무 불이행,단일로,기타단일로,승용차,중형,화물차,경형,1,0,1,0,0,37.36993975,127.10345974
평택시,2014   ,2014-05-21 13시,주간,수요일,차대사람,기타,안전운전 의무 불이행,교차로,교차로부근,승용차,중형,보행자,보행자,1,0,1,0,0,36.98241061,126.88121538
남양주시,2014   ,2014-05-21 09시,주간,수요일,차대차,측면충돌,안전운전 의무 불이행,단일로,기타단일로,건설기계,건설기계,자전거,자전거,1,0,1,0,0,37.63693211,127.16459833
용인시,2014   ,2014-05-20 12시,주간,화요일,차대차,진행중 추돌,중앙선 침범,단일로,기타단일로,승용차,대형,승용차,중형,1,0,2,0,1,37.32055863,127.11061536
용인시,2014   ,2014-05-20 12시,주간,화요일,차대차,주정차중 추돌,안전운전 의무 불이행,단일로,기타단일로,화물차,소형,화물차,대형,1,0,1,0,0,37.24629518,127.32251322
평택시,2014   ,2014-05-19 22시,야간,월요일,차대사람,기타,안전운전 의무 불이행,단일로,기타단일로,화물차,대형,보행자,보행자,1,0,1,0,0,36.9934787,127.13550682
화성시,2014   ,2014-05-19 13시,주간,월요일,차대차,측면충돌,안전운전 의무 불이행,단일로,기타단일로,자전거,자전거,승합차,대형,1,0,1,0,0,37.19901623,127.05489887
용인시,2014   ,2014-05-18 21시,야간,일요일,차대사람,횡단중,과속,단일로,고가도로위,승용차,대형,보행자,보행자,1,0,1,0,0,37.23653313,127.29999943
안산시,2014   ,2014-05-18 11시,주간,일요일,차대사람,차도통행중,안전운전 의무 불이행,단일로,기타단일로,승용차,중형,보행자,보행자,1,0,1,0,0,37.33609949,126.84527254
수원시,2014   ,2014-05-17 20시,야간,토요일,차대사람,기타,안전운전 의무 불이행,교차로,교차로부근,승용차,소형,보행자,보행자,1,0,1,0,0,37.25243297,127.06944695
평택시,2014   ,2014-05-17 01시,야간,토요일,차대차,기타,안전운전 의무 불이행,단일로,기타단일로,화물차,소형,이륜차,중형,1,0,1,0,0,36.97277907,127.07508315
가평군,2014   ,2014-05-17 00시,야간,토요일,차대사람,횡단중,신호위반,교차로,교차로내,승용차,중형,보행자,보행자,1,0,1,0,0,37.68370221,127.37843231
시흥시,2014   ,2014-05-16 03시,야간,금요일,차대차,진행중 추돌,안전운전 의무 불이행,단일로,기타단일로,이륜차,대형,원동기장치자전거,원동기장치자전거,2,0,2,0,0,37.32135661,126.64145541
의정부시,2014   ,2014-05-16 02시,야간,금요일,차대사람,횡단중,과속,교차로,교차로부근,승용차,중형,보행자,보행자,1,0,1,0,0,37.74673061,127.04564571
용인시,2014   ,2014-05-15 16시,주간,목요일,차대사람,횡단중,안전운전 의무 불이행,단일로,기타단일로,승용차,중형,보행자,보행자,1,0,1,0,0,37.20973343,127.20836636
남양주시,2014   ,2014-05-15 00시,야간,목요일,차대사람,기타,안전운전 의무 불이행,단일로,기타단일로,화물차,소형,보행자,보행자,1,0,1,0,0,37.61584416,127.17881146
파주시,2014   ,2014-05-14 17시,주간,수요일,차대사람,기타,안전운전 의무 불이행,교차로,교차로내,화물차,소형,보행자,보행자,1,0,1,0,0,37.95467303,126.91912343
고양시,2014   ,2014-05-14 11시,주간,수요일,차대차,기타,안전운전 의무 불이행,단일로,기타단일로,승용차,중형,화물차,중형,1,0,1,0,0,37.66463296,126.84526611