시군명,발생년도,발생일자,주야구분명,사고요일,사고유형_대분류,사고유형,법규위반내용,도로형태_대분류,도로형태,당사자1_대분류,당사자1_차종,당사자2_대분류,당사자2_차종,사망자수,중상자수,부상자수,부상신고자수,경상자수,WGS84위도,WGS84경도
가평군,2014   ,2014-03-03 09시,주간,월요일,차량단독,도로이탈 추락,안전운전 의무 불이행,단일로,기타단일로,이륜차,사발이,없음,없음,1,0,1,0,0,37.82601797,127.38359668
평택시,2014   ,2014-03-02 16시,주간,일요일,차량단독,전도전복,안전운전 의무 불이행,단일로,기타단일로,승용차,중형,없음,없음,1,1,2,0,0,37.00050133,127.14456564
평택시,2014   ,2014-03-02 01시,야간,일요일,차대사람,길가장자리구역통행중,안전운전 의무 불이행,단일로,기타단일로,특수차,대형,보행자,보행자,1,0,1,0,0,36.93307784,126.89931127
의왕시,2014   ,2014-03-01 21시,야간,토요일,차대차,주정차중 추돌,안전운전 의무 불이행,단일로,기타단일로,승용차,중형,화물차,중형,1,0,1,0,0,37.378292,126.99811167
가평군,2014   ,2014-03-01 16시,주간,토요일,차량단독,기타,기타(운전자법규위반),단일로,기타단일로,승합차,중형,없음,없음,1,0,1,0,0,37.68759927,127.46463588
고양시,2014   ,2014-03-01 00시,야간,토요일,차대사람,횡단중,안전운전 의무 불이행,단일로,기타단일로,승용차,중형,보행자,보행자,1,0,1,0,0,37.63785384,126.79509821
화성시,2014   ,2014-02-27 11시,주간,목요일,차대차,측면충돌,신호위반,교차로,교차로내,화물차,중형,원동기장치자전거,원동기장치자전거,1,0,1,0,0,37.07580069,126.88170605
광주시,2014   ,2014-02-27 07시,주간,목요일,차대사람,횡단중,신호위반,교차로,교차로부근,승합차,대형,보행자,보행자,1,0,1,0,0,37.41589771,127.25078311
이천시,2014   ,2014-02-27 02시,야간,목요일,차량단독,공작물충돌,안전운전 의무 불이행,단일로,기타단일로,승용차,경형,없음,없음,1,0,1,0,0,37.33953297,127.48762685
의왕시,2014   ,2014-02-26 17시,주간,수요일,차대차,주정차중 추돌,안전운전 의무 불이행,단일로,기타단일로,이륜차,소형,승용차,대형,1,1,2,0,0,37.38397722,126.99753157
용인시,2014   ,2014-02-26 13시,주간,수요일,차대차,측면충돌,신호위반,교차로,교차로내,화물차,중형,화물차,소형,1,0,2,1,0,37.13903562,127.40994644
성남시,2014   ,2014-02-26 00시,야간,수요일,차량단독,공작물충돌,과속,교차로,교차로내,승용차,중형,없음,없음,1,1,2,0,0,37.35742197,127.10418054
화성시,2014   ,2014-02-25 23시,야간,화요일,차대사람,횡단중,안전운전 의무 불이행,단일로,기타단일로,승합차,소형,보행자,보행자,1,0,1,0,0,37.21926211,126.94791666
화성시,2014   ,2014-02-25 18시,야간,화요일,차량단독,전도전복,안전운전 의무 불이행,단일로,기타단일로,이륜차,사발이,없음,없음,1,0,1,0,0,37.11948787,126.91824957
안산시,2014   ,2014-02-24 21시,야간,월요일,차량단독,공작물충돌,안전운전 의무 불이행,교차로,교차로부근,화물차,소형,없음,없음,1,0,1,0,0,37.34772203,126.83625221
화성시,2014   ,2014-02-24 19시,야간,월요일,차대사람,보도통행중,보행자과실,교차로,교차로부근,승합차,중형,보행자,보행자,1,0,2,0,1,37.19465611,127.07527389
화성시,2014   ,2014-02-24 04시,야간,월요일,차대차,기타,안전운전 의무 불이행,교차로,교차로부근,승합차,소형,화물차,소형,1,0,1,0,0,37.22146492,127.05111497
파주시,2014   ,2014-02-24 02시,야간,월요일,차대차,정면충돌,중앙선 침범,교차로,교차로부근,승용차,소형,승용차,소형,1,1,2,0,0,37.78528716,126.760607
의정부시,2014   ,2014-02-23 23시,야간,일요일,차대차,주정차중 추돌,안전운전 의무 불이행,단일로,기타단일로,승용차,중형,화물차,대형,1,0,1,0,0,37.72916372,127.0340758
고양시,2014   ,2014-02-22 06시,주간,토요일,차대차,측면충돌,중앙선 침범,단일로,기타단일로,승용차,중형,화물차,대형,1,0,2,0,1,37.64395179,126.79744362
안성시,2014   ,2014-02-21 11시,주간,금요일,차대사람,횡단중,안전운전 의무 불이행,단일로,기타단일로,화물차,소형,보행자,보행자,1,0,1,0,0,37.00198681,127.25414118
안양시,2014   ,2014-02-21 05시,야간,금요일,차대차,주정차중 추돌,안전운전 의무 불이행,교차로,교차로부근,승용차,대형,이륜차,중형,1,0,1,0,0,37.3864602,126.96360357
안산시,2014   ,2014-02-21 04시,야간,금요일,차대사람,기타,안전운전 의무 불이행,교차로,교차로내,승용차,중형,보행자,보행자,1,0,1,0,0,37.29691316,126.85947892
파주시,2014   ,2014-02-21 03시,야간,금요일,차대차,측면충돌,중앙선 침범,단일로,기타단일로,승용차,소형,승용차,중형,1,2,3,0,0,37.79476908,126.7914405
평택시,2014   ,2014-02-20 20시,야간,목요일,차량단독,전도전복,안전운전 의무 불이행,단일로,기타단일로,원동기장치자전거,원동기장치자전거,없음,없음,1,0,1,0,0,37.07573792,127.09227317
성남시,2014   ,2014-02-20 04시,야간,목요일,차대차,주정차중 추돌,안전운전 의무 불이행,단일로,기타단일로,승용차,대형,승용차,중형,1,3,9,4,1,37.44826979,127.15848947
의왕시,2014   ,2014-02-19 14시,주간,수요일,차량단독,공작물충돌,안전운전 의무 불이행,단일로,기타단일로,승용차,소형,없음,없음,1,0,2,0,1,37.33192232,126.98283142
평택시,2014   ,2014-02-19 11시,주간,수요일,차대사람,기타,안전운전 의무 불이행,교차로,교차로부근,승용차,소형,보행자,보행자,1,0,1,0,0,36.98396076,126.92229451
수원시,2014   ,2014-02-18 18시,야간,화요일,차대사람,횡단중,안전운전 의무 불이행,교차로,교차로부근,승용차,소형,보행자,보행자,1,0,1,0,0,37.2874008,126.97825142
안산시,2014   ,2014-02-18 16시,주간,화요일,차대차,측면충돌,안전운전 의무 불이행,교차로,교차로내,승합차,대형,자전거,자전거,1,0,1,0,0,37.30801648,126.82511383
광주시,2014   ,2014-02-18 06시,주간,화요일,차대차,정면충돌,중앙선 침범,단일로,기타단일로,승용차,중형,건설기계,건설기계,1,0,2,0,1,37.47656219,127.27901496
파주시,2014   ,2014-02-18 06시,주간,화요일,차대사람,횡단중,안전운전 의무 불이행,교차로,교차로부근,승용차,대형,보행자,보행자,1,0,1,0,0,37.75516619,126.78111343
안산시,2014   ,2014-02-18 03시,야간,화요일,차대사람,횡단중,안전운전 의무 불이행,교차로,교차로부근,승용차,중형,보행자,보행자,1,0,4,0,3,37.31673431,126.83653608
오산시,2014   ,2014-02-17 20시,야간,월요일,차대사람,기타,안전운전 의무 불이행,단일로,기타단일로,승용차,소형,보행자,보행자,1,0,1,0,0,37.14626616,127.05500549
김포시,2014   ,2014-02-17 12시,주간,월요일,차대사람,횡단중,안전운전 의무 불이행,교차로,교차로부근,승합차,중형,보행자,보행자,1,0,1,0,0,37.62355382,126.71440255
시흥시,2014   ,2014-02-17 10시,주간,월요일,차대차,기타,안전운전 의무 불이행,교차로,교차로내,원동기장치자전거,원동기장치자전거,화물차,중형,1,0,1,0,0,37.42988837,126.77303474
안성시,2014   ,2014-02-17 05시,야간,월요일,차대차,진행중 추돌,안전운전 의무 불이행,단일로,기타단일로,화물차,대형,화물차,중형,1,0,1,0,0,36.95843193,127.17971777
화성시,2014   ,2014-02-16 22시,야간,일요일,차대사람,기타,신호위반,교차로,교차로내,승용차,소형,보행자,보행자,1,0,1,0,0,37.19470393,127.07528602
화성시,2014   ,2014-02-16 02시,야간,일요일,차대차,기타,안전운전 의무 불이행,단일로,기타단일로,승용차,중형,승용차,중형,1,1,2,0,0,37.16035077,126.92979601
성남시,2014   ,2014-02-16 02시,야간,일요일,차대사람,기타,안전운전 의무 불이행,단일로,기타단일로,승용차,중형,보행자,보행자,1,0,1,0,0,37.33930165,127.10884781
남양주시,2014   ,2014-02-15 14시,주간,토요일,차대차,정면충돌,신호위반,교차로,교차로내,승용차,중형,승합차,대형,2,1,19,7,9,37.62295001,127.18672466
평택시,2014   ,2014-02-15 05시,야간,토요일,차대차,기타,교차로 통행방법 위반,교차로,교차로내,승용차,중형,승합차,대형,1,0,4,0,3,36.98572566,127.10432796
시흥시,2014   ,2014-02-14 18시,야간,금요일,차대차,기타,안전운전 의무 불이행,단일로,기타단일로,원동기장치자전거,원동기장치자전거,승용차,중형,1,0,1,0,0,37.38300204,126.83953339
포천시,2014   ,2014-02-14 14시,주간,금요일,차량단독,공작물충돌,안전운전 의무 불이행,단일로,기타단일로,승용차,중형,없음,없음,1,1,3,0,1,38.04605403,127.26896018
고양시,2014   ,2014-02-14 02시,야간,금요일,차대차,측면충돌,안전운전 의무 불이행,교차로,교차로내,승용차,중형,원동기장치자전거,원동기장치자전거,1,0,1,0,0,37.66266392,126.76790213
김포시,2014   ,2014-02-13 19시,야간,목요일,차대사람,횡단중,안전운전 의무 불이행,단일로,기타단일로,승용차,대형,보행자,보행자,1,0,1,0,0,37.5995545,126.73406031
화성시,2014   ,2014-02-13 10시,주간,목요일,차대사람,기타,중앙선 침범,단일로,기타단일로,화물차,대형,보행자,보행자,1,0,1,0,0,37.1284221,126.98268837
군포시,2014   ,2014-02-13 09시,주간,목요일,차대사람,기타,안전운전 의무 불이행,단일로,기타단일로,특수차,대형,보행자,보행자,1,0,1,0,0,37.34884897,126.9258783
시흥시,2014   ,2014-02-13 07시,주간,목요일,차대사람,기타,안전운전 의무 불이행,단일로,기타단일로,화물차,중형,보행자,보행자,1,0,1,0,0,37.38532774,126.86759496
오산시,2014   ,2014-02-13 03시,야간,목요일,차량단독,공작물충돌,안전운전 의무 불이행,단일로,기타단일로,승용차,중형,없음,없음,1,0,1,0,0,37.15528093,127.06982954
부천시,2014   ,2014-02-13 03시,야간,목요일,차량단독,기타,안전운전 의무 불이행,단일로,기타단일로,이륜차,소형,없음,없음,1,0,1,0,0,37.49765242,126.75143816
수원시,2014   ,2014-02-12 22시,야간,수요일,차대사람,기타,안전운전 의무 불이행,단일로,기타단일로,이륜차,소형,보행자,보행자,1,0,1,0,0,37.31053315,126.99551551
이천시,2014   ,2014-02-12 21시,야간,수요일,차대사람,기타,안전운전 의무 불이행,단일로,기타단일로,승용차,중형,보행자,보행자,1,0,1,0,0,37.25106307,127.45825566
화성시,2014   ,2014-02-12 11시,주간,수요일,차대사람,횡단중,신호위반,단일로,횡단보도상,건설기계,건설기계,보행자,보행자,1,0,1,0,0,37.22747646,126.85896199
수원시,2014   ,2014-02-12 00시,야간,수요일,차대사람,횡단중,보행자 보호의무 위반,단일로,횡단보도상,승용차,중형,보행자,보행자,1,1,2,0,0,37.27727018,127.04867445
수원시,2014   ,2014-02-11 20시,야간,화요일,차대사람,기타,안전운전 의무 불이행,단일로,기타단일로,승용차,중형,보행자,보행자,1,0,1,0,0,37.28193863,127.00561085
평택시,2014   ,2014-02-11 12시,주간,화요일,차대사람,기타,안전운전 의무 불이행,교차로,교차로부근,화물차,소형,보행자,보행자,1,0,2,0,1,36.98403642,126.85639216
부천시,2014   ,2014-02-11 10시,주간,화요일,차대사람,기타,안전운전 의무 불이행,단일로,기타단일로,승합차,대형,보행자,보행자,1,0,1,0,0,37.47590166,126.79218883
고양시,2014   ,2014-02-11 08시,주간,화요일,차대차,측면충돌,안전운전 의무 불이행,단일로,기타단일로,화물차,소형,화물차,소형,1,1,3,1,0,37.66578071,126.71845899
부천시,2014   ,2014-02-10 17시,주간,월요일,차대차,측면충돌,부당한 회전,단일로,기타단일로,원동기장치자전거,원동기장치자전거,승용차,중형,1,0,1,0,0,37.52107532,126.80399537
화성시,2014   ,2014-02-09 11시,주간,일요일,차대사람,횡단중,안전운전 의무 불이행,단일로,기타단일로,화물차,경형,보행자,보행자,1,0,1,0,0,37.21142835,127.03604988
안산시,2014   ,2014-02-09 02시,야간,일요일,차대사람,횡단중,안전운전 의무 불이행,단일로,기타단일로,승용차,중형,보행자,보행자,1,0,1,0,0,37.30611564,126.86943251
시흥시,2014   ,2014-02-08 01시,야간,토요일,차대차,측면충돌,중앙선 침범,단일로,기타단일로,승용차,경형,승용차,소형,1,1,2,0,0,37.42945867,126.78833135
용인시,2014   ,2014-02-07 22시,야간,금요일,차대차,정면충돌,신호위반,교차로,교차로부근,승용차,중형,승합차,대형,1,0,3,0,2,37.22949154,127.23896388
성남시,2014   ,2014-02-07 06시,주간,금요일,차대사람,기타,안전운전 의무 불이행,교차로,교차로내,승용차,중형,보행자,보행자,1,0,1,0,0,37.43858709,127.13961028
화성시,2014   ,2014-02-06 07시,주간,목요일,차대차,측면충돌,신호위반,교차로,교차로내,승용차,소형,승합차,중형,1,1,6,3,1,37.13556369,126.91168646
포천시,2014   ,2014-02-05 23시,야간,수요일,차량단독,공작물충돌,안전운전 의무 불이행,단일로,기타단일로,화물차,중형,없음,없음,1,0,1,0,0,37.84082698,127.13330908
의정부시,2014   ,2014-02-04 23시,야간,화요일,차량단독,공작물충돌,안전운전 의무 불이행,단일로,기타단일로,승용차,중형,없음,없음,1,0,1,0,0,37.71878802,127.06190589
고양시,2014   ,2014-02-04 05시,야간,화요일,차대사람,횡단중,안전운전 의무 불이행,단일로,기타단일로,승용차,중형,보행자,보행자,1,0,1,0,0,37.68477045,126.77766521
용인시,2014   ,2014-02-03 20시,야간,월요일,차대사람,차도통행중,과속,단일로,기타단일로,승용차,대형,보행자,보행자,1,0,1,0,0,37.15705871,127.31289017
남양주시,2014   ,2014-02-03 11시,주간,월요일,차대차,측면충돌,신호위반,교차로,교차로내,이륜차,소형,승용차,중형,1,0,1,0,0,37.65819318,127.12233895
평택시,2014   ,2014-02-03 06시,주간,월요일,차량단독,기타,기타(운전자법규위반),교차로,교차로내,승용차,소형,없음,없음,1,0,1,0,0,36.99599748,126.95134422
포천시,2014   ,2014-02-02 13시,주간,일요일,차량단독,공작물충돌,안전운전 의무 불이행,단일로,기타단일로,승용차,소형,없음,없음,1,0,1,0,0,37.82361109,127.21068308
김포시,2014   ,2014-02-01 21시,야간,토요일,차량단독,공작물충돌,안전운전 의무 불이행,단일로,기타단일로,화물차,소형,없음,없음,1,0,1,0,0,37.72661414,126.56428783
수원시,2014   ,2014-02-01 18시,야간,토요일,차대사람,기타,안전운전 의무 불이행,교차로,교차로내,화물차,중형,보행자,보행자,1,0,1,0,0,37.28995091,127.00105697
수원시,2014   ,2014-02-01 18시,야간,토요일,차대차,주정차중 추돌,안전운전 의무 불이행,단일로,기타단일로,승용차,경형,건설기계,건설기계,1,0,1,0,0,37.29075704,127.03293451
부천시,2014   ,2014-02-01 18시,야간,토요일,차대차,기타,직진 및 우회전차의 통행방해,단일로,기타단일로,승용차,소형,자전거,자전거,1,0,1,0,0,37.53038308,126.81891638
화성시,2014   ,2014-01-31 23시,야간,금요일,차량단독,공작물충돌,안전운전 의무 불이행,단일로,기타단일로,화물차,소형,없음,없음,1,0,1,0,0,37.2367507,126.86042799
여주시,2014   ,2014-01-30 11시,주간,목요일,차량단독,공작물충돌,안전운전 의무 불이행,단일로,기타단일로,승용차,중형,없음,없음,1,1,2,0,0,37.42609104,127.52451481
파주시,2014   ,2014-01-30 08시,주간,목요일,차대차,측면충돌,중앙선 침범,단일로,기타단일로,승용차,경형,승용차,중형,1,0,2,0,1,37.99248706,126.98197502
파주시,2014   ,2014-01-30 06시,주간,목요일,차대차,측면충돌,부당한 회전,교차로,교차로내,자전거,자전거,승합차,대형,1,0,1,0,0,37.727936,126.76046268
부천시,2014   ,2014-01-30 03시,야간,목요일,차대차,진행중 추돌,안전운전 의무 불이행,단일로,기타단일로,승용차,경형,자전거,자전거,1,0,1,0,0,37.49942351,126.7607312
용인시,2014   ,2014-01-30 01시,야간,목요일,차대차,측면충돌,신호위반,교차로,교차로내,승용차,소형,화물차,대형,1,0,1,0,0,37.23549676,127.27981075
이천시,2014   ,2014-01-29 23시,야간,수요일,차대차,진행중 추돌,안전운전 의무 불이행,단일로,기타단일로,화물차,중형,승용차,경형,1,1,2,0,0,37.20403056,127.44367674
고양시,2014   ,2014-01-29 20시,야간,수요일,차대차,주정차중 추돌,안전운전 의무 불이행,단일로,기타단일로,화물차,소형,화물차,소형,1,0,1,0,0,37.64890137,126.79917672
고양시,2014   ,2014-01-28 23시,야간,화요일,차대사람,기타,안전운전 의무 불이행,단일로,기타단일로,승용차,중형,보행자,보행자,1,2,3,0,0,37.61505544,126.80663283
의왕시,2014   ,2014-01-28 23시,야간,화요일,차대차,주정차중 추돌,안전운전 의무 불이행,교차로,교차로부근,승용차,중형,승용차,중형,1,0,4,1,2,37.33532803,126.98042618
시흥시,2014   ,2014-01-28 22시,야간,화요일,차대차,기타,신호위반,교차로,교차로내,이륜차,중형,승합차,중형,1,0,1,0,0,37.34514544,126.73916977
평택시,2014   ,2014-01-28 13시,주간,화요일,차대차,기타,안전운전 의무 불이행,단일로,기타단일로,승용차,중형,화물차,대형,1,0,1,0,0,36.98452962,127.1161888
화성시,2014   ,2014-01-28 13시,주간,화요일,차대차,진행중 추돌,안전운전 의무 불이행,단일로,기타단일로,화물차,대형,승용차,소형,1,0,1,0,0,37.14711912,126.8797409
수원시,2014   ,2014-01-28 01시,야간,화요일,차대사람,횡단중,안전운전 의무 불이행,단일로,기타단일로,승용차,중형,보행자,보행자,1,0,1,0,0,37.26676558,127.00069118
양주시,2014   ,2014-01-27 15시,주간,월요일,차대차,진행중 추돌,교차로 통행방법 위반,교차로,교차로내,화물차,중형,승용차,중형,1,0,1,0,0,37.80329873,126.96248873
파주시,2014   ,2014-01-27 14시,주간,월요일,차대차,정면충돌,중앙선 침범,단일로,기타단일로,화물차,중형,화물차,소형,1,1,2,0,0,37.74184046,126.72633127
포천시,2014   ,2014-01-27 11시,주간,월요일,차량단독,기타,안전운전 의무 불이행,단일로,기타단일로,이륜차,사발이,없음,없음,1,0,1,0,0,37.99146835,127.20300974
남양주시,2014   ,2014-01-27 06시,주간,월요일,차대사람,횡단중,신호위반,교차로,교차로부근,승용차,대형,보행자,보행자,1,0,1,0,0,37.63233225,127.20031945
수원시,2014   ,2014-01-26 21시,야간,일요일,차대사람,횡단중,안전운전 의무 불이행,단일로,기타단일로,승용차,중형,보행자,보행자,1,0,1,0,0,37.27750301,127.00327106
남양주시,2014   ,2014-01-26 15시,주간,일요일,차대차,기타,안전운전 의무 불이행,교차로,교차로부근,원동기장치자전거,원동기장치자전거,화물차,경형,1,0,1,0,0,37.69604387,127.33575038
군포시,2014   ,2014-01-25 22시,야간,토요일,차대사람,횡단중,신호위반,단일로,횡단보도상,승합차,중형,보행자,보행자,1,0,1,0,0,37.35294021,126.92752954
평택시,2014   ,2014-01-24 23시,야간,금요일,차대사람,기타,안전운전 의무 불이행,교차로,교차로부근,화물차,대형,보행자,보행자,1,0,1,0,0,36.97301788,126.87266309
군포시,2014   ,2014-01-24 20시,야간,금요일,차대사람,기타,안전운전 의무 불이행,단일로,기타단일로,승합차,중형,보행자,보행자,1,0,1,0,0,37.36499067,126.92733636
포천시,2014   ,2014-01-24 18시,야간,금요일,차대사람,횡단중,안전운전 의무 불이행,단일로,횡단보도상,승용차,중형,보행자,보행자,1,0,1,0,0,37.78511367,127.22099754
안양시,2014   ,2014-01-24 05시,야간,금요일,차량단독,공작물충돌,안전운전 의무 불이행,단일로,기타단일로,승용차,소형,없음,없음,1,0,1,0,0,37.37807812,126.95001889
부천시,2014   ,2014-01-24 05시,야간,금요일,차대사람,차도통행중,안전운전 의무 불이행,단일로,기타단일로,특수차,소형,보행자,보행자,1,0,1,0,0,37.49090496,126.75916364
양주시,2014   ,2014-01-23 13시,주간,목요일,차대사람,보도통행중,보행자 보호의무 위반,단일로,기타단일로,화물차,대형,보행자,보행자,1,0,1,0,0,37.84152199,127.06477237
고양시,2014   ,2014-01-23 12시,주간,목요일,차대사람,기타,안전운전 의무 불이행,단일로,기타단일로,승용차,중형,보행자,보행자,1,0,1,0,0,37.70536073,126.86280953
광주시,2014   ,2014-01-23 02시,야간,목요일,차대사람,길가장자리구역통행중,안전운전 의무 불이행,단일로,기타단일로,승용차,대형,보행자,보행자,1,0,1,0,0,37.33545327,127.31716728
수원시,2014   ,2014-01-22 03시,야간,수요일,차대차,정면충돌,중앙선 침범,교차로,교차로부근,승용차,중형,승용차,중형,1,1,4,0,2,37.27734165,126.97833214
안성시,2014   ,2014-01-21 12시,주간,화요일,차량단독,전도전복,안전운전 의무 불이행,단일로,기타단일로,승용차,중형,없음,없음,1,0,1,0,0,37.02155741,127.26774856
시흥시,2014   ,2014-01-20 11시,주간,월요일,차대사람,횡단중,안전운전 의무 불이행,단일로,기타단일로,화물차,대형,보행자,보행자,1,0,1,0,0,37.35632725,126.71643981
남양주시,2014   ,2014-01-20 10시,주간,월요일,차대사람,기타,안전운전 의무 불이행,단일로,기타단일로,승합차,소형,보행자,보행자,1,0,1,0,0,37.67081065,127.25074955
화성시,2014   ,2014-01-20 08시,주간,월요일,차대차,측면충돌,안전운전 의무 불이행,단일로,기타단일로,승용차,중형,자전거,자전거,1,0,1,0,0,37.13228048,126.92041458
남양주시,2014   ,2014-01-20 08시,주간,월요일,차대사람,기타,신호위반,교차로,교차로부근,승용차,대형,보행자,보행자,1,0,1,0,0,37.70829839,127.18698971
이천시,2014   ,2014-01-19 21시,야간,일요일,차대사람,기타,안전운전 의무 불이행,단일로,기타단일로,승용차,중형,보행자,보행자,1,0,1,0,0,37.34165137,127.48886837
동두천시,2014   ,2014-01-19 19시,야간,일요일,차대차,기타,중앙선 침범,단일로,기타단일로,승용차,중형,승용차,중형,1,1,2,0,0,37.88497897,127.05647669
평택시,2014   ,2014-01-19 18시,야간,일요일,차대사람,기타,안전운전 의무 불이행,단일로,기타단일로,화물차,소형,보행자,보행자,1,1,2,0,0,36.97805027,126.93983302
평택시,2014   ,2014-01-19 09시,주간,일요일,차대차,측면충돌,신호위반,교차로,교차로내,승용차,중형,승합차,대형,1,0,4,1,2,37.01100076,127.07277973
동두천시,2014   ,2014-01-18 16시,주간,토요일,차대차,주정차중 추돌,안전운전 의무 불이행,단일로,기타단일로,화물차,소형,승용차,중형,1,0,1,0,0,37.91316596,127.05977731
안산시,2014   ,2014-01-17 19시,야간,금요일,차대사람,횡단중,신호위반,교차로,교차로내,승용차,소형,보행자,보행자,1,0,1,0,0,37.31080306,126.9078636
화성시,2014   ,2014-01-17 06시,주간,금요일,차량단독,공작물충돌,안전운전 의무 불이행,교차로,교차로부근,승용차,경형,없음,없음,1,0,1,0,0,37.10593,126.9018205
광명시,2014   ,2014-01-16 00시,야간,목요일,차대차,측면충돌,신호위반,교차로,교차로내,승용차,중형,자전거,자전거,1,0,1,0,0,37.48157304,126.87225896
광주시,2014   ,2014-01-15 08시,주간,수요일,차대사람,기타,안전운전 의무 불이행,교차로,교차로내,승합차,소형,보행자,보행자,1,0,1,0,0,37.36735273,127.23173351
부천시,2014   ,2014-01-14 05시,야간,화요일,차대사람,기타,안전운전 의무 불이행,교차로,교차로부근,승합차,대형,보행자,보행자,1,0,1,0,0,37.50522421,126.75866011
용인시,2014   ,2014-01-13 15시,주간,월요일,차대차,측면충돌,신호위반,교차로,교차로내,승용차,중형,승용차,중형,1,2,3,0,0,37.27427844,127.10435683
수원시,2014   ,2014-01-12 22시,야간,일요일,차대사람,횡단중,안전운전 의무 불이행,단일로,기타단일로,승용차,중형,보행자,보행자,1,0,1,0,0,37.26968686,127.06238968
안산시,2014   ,2014-01-12 02시,야간,일요일,차대차,주정차중 추돌,안전운전 의무 불이행,교차로,교차로부근,이륜차,중형,승용차,소형,1,1,2,0,0,37.31174913,126.84452455
평택시,2014   ,2014-01-11 23시,야간,토요일,차대사람,기타,안전운전 의무 불이행,단일로,기타단일로,승용차,소형,보행자,보행자,1,0,1,0,0,36.98374926,126.8786314
과천시,2014   ,2014-01-11 22시,야간,토요일,차대사람,차도통행중,안전운전 의무 불이행,단일로,기타단일로,승용차,중형,보행자,보행자,1,0,1,0,0,37.44924926,126.99420105
남양주시,2014   ,2014-01-11 10시,주간,토요일,차대사람,횡단중,보행자 보호의무 위반,교차로,교차로부근,승합차,소형,보행자,보행자,1,0,1,0,0,37.6588148,127.29842992
안산시,2014   ,2014-01-11 07시,주간,토요일,차대사람,횡단중,안전운전 의무 불이행,단일로,기타단일로,승용차,중형,보행자,보행자,1,0,1,0,0,37.34201124,126.82737245
오산시,2014   ,2014-01-11 06시,주간,토요일,차대사람,횡단중,안전운전 의무 불이행,단일로,기타단일로,승용차,경형,보행자,보행자,1,0,1,0,0,37.15363382,127.08570646
용인시,2014   ,2014-01-11 06시,주간,토요일,차대차,기타,안전운전 의무 불이행,교차로,교차로부근,화물차,대형,승용차,경형,1,0,1,0,0,37.26350471,127.21309891
성남시,2014   ,2014-01-09 13시,주간,목요일,차대사람,횡단중,안전운전 의무 불이행,단일로,기타단일로,승용차,경형,보행자,보행자,1,0,1,0,0,37.43747046,127.15817682
평택시,2014   ,2014-01-09 02시,야간,목요일,차대사람,기타,안전운전 의무 불이행,단일로,기타단일로,승용차,중형,보행자,보행자,1,0,1,0,0,37.00765883,126.97454963
여주시,2014   ,2014-01-08 13시,주간,수요일,차량단독,공작물충돌,안전운전 의무 불이행,단일로,기타단일로,승용차,중형,없음,없음,1,0,1,0,0,37.2822731,127.66929112
양평군,2014   ,2014-01-08 09시,주간,수요일,차대차,진행중 추돌,앞지르기 금지위반,단일로,기타단일로,화물차,소형,원동기장치자전거,원동기장치자전거,1,0,1,0,0,37.5104706,127.49066507
남양주시,2014   ,2014-01-08 09시,주간,수요일,차대차,기타,안전운전 의무 불이행,교차로,교차로부근,화물차,대형,승용차,중형,1,1,3,0,1,37.72541015,127.19212628
성남시,2014   ,2014-01-08 04시,야간,수요일,차대사람,기타,안전운전 의무 불이행,단일로,기타단일로,승합차,대형,보행자,보행자,1,0,1,0,0,37.44877636,127.17185053
파주시,2014   ,2014-01-08 03시,야간,수요일,차량단독,공작물충돌,안전운전 의무 불이행,교차로,교차로부근,화물차,소형,없음,없음,1,2,3,0,0,37.77504395,126.78918747
여주시,2014   ,2014-01-07 13시,주간,화요일,차대차,기타,안전운전 의무 불이행,단일로,기타단일로,승합차,소형,화물차,대형,1,0,3,0,2,37.36037923,127.5288862
파주시,2014   ,2014-01-07 06시,주간,화요일,차대사람,보도통행중,안전운전 의무 불이행,단일로,기타단일로,승용차,중형,보행자,보행자,1,0,1,0,0,37.85489262,126.87036838
시흥시,2014   ,2014-01-07 01시,야간,화요일,차량단독,공작물충돌,안전운전 의무 불이행,교차로,교차로부근,승용차,소형,없음,없음,1,0,1,0,0,37.442529,126.77215505
하남시,2014   ,2014-01-06 05시,야간,월요일,차대사람,횡단중,안전운전 의무 불이행,교차로,교차로내,승용차,중형,보행자,보행자,1,0,1,0,0,37.55270424,127.19921208
안양시,2014   ,2014-01-04 18시,야간,토요일,차대사람,횡단중,안전운전 의무 불이행,단일로,기타단일로,화물차,소형,보행자,보행자,1,0,1,0,0,37.39944919,126.93087046
용인시,2014   ,2014-01-03 20시,야간,금요일,차대차,주정차중 추돌,안전운전 의무 불이행,단일로,기타단일로,화물차,소형,승용차,중형,1,1,4,0,2,37.23420656,127.27917191
화성시,2014   ,2014-01-03 06시,주간,금요일,차대차,측면충돌,안전운전 의무 불이행,단일로,기타단일로,원동기장치자전거,원동기장치자전거,건설기계,건설기계,1,0,1,0,0,37.2172542,127.08284536
성남시,2014   ,2014-01-02 20시,야간,목요일,차대사람,횡단중,안전운전 의무 불이행,교차로,교차로내,승합차,대형,보행자,보행자,1,0,1,0,0,37.44269887,127.14308374
수원시,2014   ,2014-01-02 18시,야간,목요일,차대사람,횡단중,신호위반,교차로,교차로내,승용차,중형,보행자,보행자,1,0,1,0,0,37.25688354,126.9957833