시군명,발생년도,발생일자,주야구분명,사고요일,사고유형_대분류,사고유형,법규위반내용,도로형태_대분류,도로형태,당사자1_대분류,당사자1_차종,당사자2_대분류,당사자2_차종,사망자수,중상자수,부상자수,부상신고자수,경상자수,WGS84위도,WGS84경도
남양주시,2013   ,2013-05-15 03시,야간,수요일,차대사람,횡단중,안전운전 의무 불이행,교차로,교차로부근,승용차,대형,보행자,보행자,1,0,1,0,0,37.63318644,127.20666284
수원시,2013   ,2013-05-15 01시,야간,수요일,차대차,측면충돌,신호위반,교차로,교차로내,승용차,대형,승용차,경형,1,6,7,0,0,37.26686393,127.03364604
부천시,2013   ,2013-05-14 13시,주간,화요일,차대사람,기타,보행자 보호의무 위반,교차로,교차로부근,건설기계,건설기계,보행자,보행자,1,0,1,0,0,37.52748591,126.78323627
시흥시,2013   ,2013-05-13 23시,야간,월요일,차대사람,횡단중,과속,교차로,교차로내,승용차,중형,보행자,보행자,1,0,1,0,0,37.38119541,126.78911527
이천시,2013   ,2013-05-13 20시,야간,월요일,차대차,정면충돌,중앙선 침범,단일로,기타단일로,승용차,소형,이륜차,소형,1,0,1,0,0,37.31815843,127.40364993
수원시,2013   ,2013-05-13 09시,주간,월요일,차대차,주정차중 추돌,안전운전 의무 불이행,교차로,교차로부근,승용차,중형,화물차,대형,1,0,1,0,0,37.30132033,126.96459247
수원시,2013   ,2013-05-12 22시,야간,일요일,차대사람,횡단중,안전운전 의무 불이행,단일로,기타단일로,승용차,중형,보행자,보행자,1,0,1,0,0,37.27357727,127.00215764
용인시,2013   ,2013-05-12 12시,주간,일요일,차량단독,전도전복,안전운전 의무 불이행,단일로,기타단일로,승합차,소형,없음,없음,1,0,6,5,0,37.28217191,127.17121368
여주시,2013   ,2013-05-12 09시,주간,일요일,차대차,측면충돌,안전운전 의무 불이행,교차로,교차로내,이륜차,사발이,승합차,대형,1,0,1,0,0,37.29913577,127.62823505
안산시,2013   ,2013-05-11 22시,야간,토요일,차량단독,도로이탈 기타,안전운전 의무 불이행,단일로,기타단일로,이륜차,중형,없음,없음,1,0,1,0,0,37.2981773,126.91564634
파주시,2013   ,2013-05-11 17시,주간,토요일,차대차,기타,안전운전 의무 불이행,단일로,기타단일로,이륜차,중형,화물차,소형,1,0,1,0,0,37.81784484,126.79322268
군포시,2013   ,2013-05-10 22시,야간,금요일,차대사람,횡단중,신호위반,단일로,횡단보도상,특수차,중형,보행자,보행자,1,0,1,0,0,37.36745561,126.93570863
용인시,2013   ,2013-05-08 01시,야간,수요일,차대사람,기타,안전운전 의무 불이행,교차로,교차로내,승용차,중형,보행자,보행자,1,0,1,0,0,37.25846847,127.212454
평택시,2013   ,2013-05-07 23시,야간,화요일,차대차,진행중 추돌,안전운전 의무 불이행,단일로,기타단일로,승용차,중형,건설기계,건설기계,1,0,3,0,2,37.12073663,127.10551753
이천시,2013   ,2013-05-07 15시,주간,화요일,차대차,정면충돌,중앙선 침범,교차로,교차로부근,이륜차,대형,화물차,대형,1,0,1,0,0,37.05591809,127.53083987
광명시,2013   ,2013-05-06 23시,야간,월요일,차대차,정면충돌,중앙선 침범,단일로,기타단일로,원동기장치자전거,원동기장치자전거,승합차,대형,1,0,1,0,0,37.43171783,126.84710812
이천시,2013   ,2013-05-06 16시,주간,월요일,차대차,측면충돌,직진 및 우회전차의 통행방해,교차로,교차로내,원동기장치자전거,원동기장치자전거,승용차,중형,1,1,2,0,0,37.27858609,127.45042719
안산시,2013   ,2013-05-06 12시,주간,월요일,차대차,진행중 추돌,안전운전 의무 불이행,단일로,기타단일로,화물차,소형,화물차,소형,1,0,2,0,1,37.35268561,126.87202405
화성시,2013   ,2013-05-05 07시,주간,일요일,차량단독,전도전복,안전운전 의무 불이행,교차로,교차로내,승용차,중형,없음,없음,1,1,2,0,0,37.22103078,127.02755992
성남시,2013   ,2013-05-04 09시,주간,토요일,차량단독,공작물충돌,안전운전 의무 불이행,단일로,기타단일로,승용차,중형,없음,없음,1,0,2,0,1,37.43231755,127.19204217
하남시,2013   ,2013-05-04 06시,주간,토요일,차대차,측면충돌,신호위반,교차로,교차로내,화물차,대형,승용차,중형,1,0,3,0,2,37.54873966,127.21841453
안양시,2013   ,2013-05-03 09시,주간,금요일,차대사람,보도통행중,보행자 보호의무 위반,교차로,교차로부근,승합차,대형,보행자,보행자,1,0,1,0,0,37.39899487,126.94527902
안성시,2013   ,2013-05-03 06시,주간,금요일,차대차,정면충돌,중앙선 침범,단일로,기타단일로,승용차,대형,화물차,중형,1,1,2,0,0,37.03589774,127.42857643
평택시,2013   ,2013-05-02 19시,야간,목요일,차량단독,공작물충돌,안전운전 의무 불이행,기타/불명,기타/불명,화물차,중형,없음,없음,1,0,1,0,0,37.04767625,126.9813813
파주시,2013   ,2013-05-02 15시,주간,목요일,차량단독,공작물충돌,안전운전 의무 불이행,단일로,기타단일로,승용차,중형,없음,없음,1,0,1,0,0,37.82762955,126.6984946
시흥시,2013   ,2013-05-01 11시,주간,수요일,차대사람,횡단중,안전운전 의무 불이행,단일로,기타단일로,승용차,중형,보행자,보행자,1,0,1,0,0,37.35349191,126.73355285
고양시,2013   ,2013-05-01 10시,주간,수요일,차대차,진행중 추돌,안전거리 미확보,단일로,기타단일로,자전거,자전거,승합차,대형,1,0,1,0,0,37.60897788,126.8621032
구리시,2013   ,2013-05-01 08시,주간,수요일,차대사람,횡단중,안전운전 의무 불이행,교차로,교차로내,승합차,대형,보행자,보행자,1,0,1,0,0,37.59233591,127.13794132
성남시,2013   ,2013-04-30 23시,야간,화요일,차대사람,차도통행중,안전운전 의무 불이행,교차로,교차로부근,승용차,중형,보행자,보행자,1,0,1,0,0,37.35379521,127.10182962
안성시,2013   ,2013-04-30 23시,야간,화요일,차대사람,횡단중,안전운전 의무 불이행,단일로,기타단일로,화물차,소형,보행자,보행자,1,0,1,0,0,37.00002084,127.22500492
동두천시,2013   ,2013-04-30 20시,야간,화요일,차대차,기타,안전운전 의무 불이행,단일로,기타단일로,승용차,중형,승합차,대형,1,0,1,0,0,37.89649515,127.05822741
광명시,2013   ,2013-04-30 09시,주간,화요일,차대차,측면충돌,신호위반,교차로,교차로부근,승용차,중형,승용차,중형,1,2,4,0,1,37.48523774,126.85647197
수원시,2013   ,2013-04-30 09시,주간,화요일,차대차,측면충돌,안전운전 의무 불이행,단일로,기타단일로,승용차,소형,승용차,소형,1,2,4,0,1,37.30602759,127.03989116
화성시,2013   ,2013-04-30 06시,주간,화요일,차대사람,횡단중,안전운전 의무 불이행,단일로,기타단일로,화물차,중형,보행자,보행자,1,0,1,0,0,37.21986032,126.94837206
이천시,2013   ,2013-04-28 19시,야간,일요일,차량단독,도로이탈 기타,안전운전 의무 불이행,단일로,기타단일로,이륜차,중형,없음,없음,1,0,1,0,0,37.28463627,127.43050801
평택시,2013   ,2013-04-28 15시,주간,일요일,차대사람,기타,안전운전 의무 불이행,교차로,교차로부근,승용차,중형,보행자,보행자,1,0,1,0,0,37.00512263,127.08398147
성남시,2013   ,2013-04-28 13시,주간,일요일,차대사람,기타,안전운전 의무 불이행,단일로,기타단일로,승합차,대형,보행자,보행자,1,0,1,0,0,37.43719332,127.15896936
수원시,2013   ,2013-04-27 22시,야간,토요일,차대사람,차도통행중,안전운전 의무 불이행,교차로,교차로내,승용차,경형,보행자,보행자,1,0,1,0,0,37.27378616,126.9850351
부천시,2013   ,2013-04-27 17시,주간,토요일,차대차,정면충돌,신호위반,교차로,교차로부근,승용차,중형,원동기장치자전거,원동기장치자전거,1,0,1,0,0,37.53100799,126.80549892
포천시,2013   ,2013-04-27 10시,주간,토요일,차대사람,기타,안전운전 의무 불이행,단일로,기타단일로,승용차,소형,보행자,보행자,1,1,2,0,0,37.83151922,127.14931569
고양시,2013   ,2013-04-27 04시,야간,토요일,차량단독,공작물충돌,안전운전 의무 불이행,단일로,기타단일로,승용차,경형,없음,없음,1,0,1,0,0,37.62413196,126.78698941
여주시,2013   ,2013-04-26 21시,야간,금요일,차대사람,기타,안전운전 의무 불이행,단일로,기타단일로,화물차,중형,보행자,보행자,1,0,1,0,0,37.41792014,127.45945155
연천군,2013   ,2013-04-26 20시,야간,금요일,차대사람,횡단중,신호위반,단일로,횡단보도상,승합차,중형,보행자,보행자,1,1,3,0,1,38.03311716,127.06430201
수원시,2013   ,2013-04-26 08시,주간,금요일,차대차,진행중 추돌,안전운전 의무 불이행,단일로,기타단일로,승용차,중형,자전거,자전거,1,0,1,0,0,37.25002194,126.9765087
파주시,2013   ,2013-04-25 12시,주간,목요일,차량단독,기타,안전운전 의무 불이행,단일로,기타단일로,화물차,소형,없음,없음,1,1,2,0,0,37.72303209,126.68776544
이천시,2013   ,2013-04-24 00시,야간,수요일,차대사람,횡단중,안전운전 의무 불이행,단일로,기타단일로,승합차,소형,보행자,보행자,1,0,1,0,0,37.29068681,127.50718668
광주시,2013   ,2013-04-23 19시,야간,화요일,차대사람,횡단중,안전운전 의무 불이행,교차로,교차로부근,화물차,소형,보행자,보행자,1,0,1,0,0,37.32415993,127.33638265
김포시,2013   ,2013-04-23 15시,주간,화요일,차대차,기타,안전운전 의무 불이행,기타/불명,기타/불명,화물차,소형,승용차,중형,1,0,1,0,0,37.64995059,126.67470326
하남시,2013   ,2013-04-23 05시,야간,화요일,차대차,진행중 추돌,안전운전 의무 불이행,단일로,기타단일로,승용차,중형,화물차,대형,1,0,2,0,1,37.57987791,127.18458348
포천시,2013   ,2013-04-22 08시,주간,월요일,차대사람,횡단중,안전운전 의무 불이행,단일로,기타단일로,승용차,소형,보행자,보행자,1,0,1,0,0,37.84911347,127.19452249
안산시,2013   ,2013-04-22 02시,야간,월요일,차대차,기타,신호위반,교차로,교차로내,승용차,중형,승용차,중형,1,3,4,0,0,37.30357658,126.84343326
화성시,2013   ,2013-04-21 10시,주간,일요일,차량단독,전도전복,안전운전 의무 불이행,단일로,기타단일로,승용차,대형,없음,없음,1,1,2,0,0,37.08058045,126.83064547
수원시,2013   ,2013-04-21 00시,야간,일요일,차대사람,횡단중,신호위반,교차로,교차로내,승용차,중형,보행자,보행자,1,0,1,0,0,37.24800174,127.06797251
화성시,2013   ,2013-04-20 20시,야간,토요일,차대차,진행중 추돌,안전운전 의무 불이행,단일로,기타단일로,화물차,소형,농기계,농기계,1,0,1,0,0,37.22348814,126.78876091
화성시,2013   ,2013-04-20 18시,야간,토요일,차량단독,공작물충돌,안전운전 의무 불이행,단일로,기타단일로,화물차,소형,없음,없음,1,0,1,0,0,37.22879319,126.91117712
안산시,2013   ,2013-04-20 05시,야간,토요일,차대사람,횡단중,안전운전 의무 불이행,단일로,기타단일로,승용차,중형,보행자,보행자,1,0,1,0,0,37.31899232,126.83735141
고양시,2013   ,2013-04-20 04시,야간,토요일,차량단독,공작물충돌,안전운전 의무 불이행,교차로,교차로내,승용차,중형,없음,없음,1,0,1,0,0,37.65048375,126.79247358
평택시,2013   ,2013-04-20 00시,야간,토요일,차대사람,횡단중,안전운전 의무 불이행,단일로,기타단일로,승용차,중형,보행자,보행자,1,0,1,0,0,37.00360245,127.08879236
포천시,2013   ,2013-04-19 23시,야간,금요일,차량단독,공작물충돌,안전운전 의무 불이행,단일로,기타단일로,승용차,경형,없음,없음,1,0,1,0,0,38.01883696,127.3698033
부천시,2013   ,2013-04-18 19시,야간,목요일,차대사람,기타,안전운전 의무 불이행,단일로,기타단일로,승용차,중형,보행자,보행자,1,0,1,0,0,37.51551972,126.79734813
의왕시,2013   ,2013-04-17 12시,주간,수요일,차대차,기타,과속,단일로,기타단일로,승용차,소형,자전거,자전거,2,1,6,0,3,37.39360039,127.01614189
동두천시,2013   ,2013-04-17 11시,주간,수요일,차량단독,공작물충돌,안전운전 의무 불이행,단일로,기타단일로,승용차,소형,없음,없음,1,0,1,0,0,37.89565213,127.0404895
용인시,2013   ,2013-04-17 05시,야간,수요일,차량단독,공작물충돌,안전운전 의무 불이행,단일로,기타단일로,승용차,중형,없음,없음,1,0,3,0,2,37.30531097,127.07757493
안산시,2013   ,2013-04-16 04시,야간,화요일,차량단독,공작물충돌,안전운전 의무 불이행,단일로,기타단일로,이륜차,소형,없음,없음,1,1,2,0,0,37.34411526,126.79555212
김포시,2013   ,2013-04-14 22시,야간,일요일,차대사람,횡단중,안전운전 의무 불이행,교차로,교차로부근,승용차,경형,보행자,보행자,1,0,1,0,0,37.64510387,126.55236671
고양시,2013   ,2013-04-13 21시,야간,토요일,차대차,측면충돌,중앙선 침범,단일로,기타단일로,승용차,중형,이륜차,대형,1,0,1,0,0,37.62567341,126.81750388
남양주시,2013   ,2013-04-13 20시,야간,토요일,차대사람,횡단중,안전운전 의무 불이행,단일로,기타단일로,승용차,소형,보행자,보행자,1,0,1,0,0,37.63293595,127.20380776
평택시,2013   ,2013-04-13 12시,주간,토요일,차대차,주정차중 추돌,안전운전 의무 불이행,단일로,기타단일로,승합차,대형,승합차,대형,1,13,22,0,8,36.99323935,127.15461558
광주시,2013   ,2013-04-13 00시,야간,토요일,차대차,정면충돌,중앙선 침범,단일로,기타단일로,화물차,소형,승합차,대형,1,5,22,0,16,37.34040746,127.20050111
의왕시,2013   ,2013-04-11 20시,야간,목요일,차대사람,기타,안전운전 의무 불이행,기타/불명,기타/불명,승용차,대형,보행자,보행자,1,0,1,0,0,37.39275063,126.98153263
가평군,2013   ,2013-04-11 16시,주간,목요일,차대사람,기타,안전운전 의무 불이행,단일로,횡단보도상,승용차,중형,보행자,보행자,1,0,1,0,0,37.79284946,127.36661175
양주시,2013   ,2013-04-11 09시,주간,목요일,차대사람,차도통행중,안전운전 의무 불이행,교차로,교차로부근,화물차,대형,보행자,보행자,1,0,1,0,0,37.82453738,126.98143547
고양시,2013   ,2013-04-11 04시,야간,목요일,차량단독,전도전복,안전운전 의무 불이행,단일로,기타단일로,이륜차,소형,없음,없음,1,0,1,0,0,37.67678311,126.77592825
남양주시,2013   ,2013-04-11 00시,야간,목요일,차대차,정면충돌,중앙선 침범,단일로,기타단일로,승용차,소형,승용차,중형,2,0,2,0,0,37.59089136,127.20509586
여주시,2013   ,2013-04-09 21시,야간,화요일,차대차,진행중 추돌,안전운전 의무 불이행,단일로,기타단일로,승용차,대형,건설기계,건설기계,1,0,2,0,1,37.29774275,127.60581313
포천시,2013   ,2013-04-09 14시,주간,화요일,차대사람,기타,안전운전 의무 불이행,기타/불명,기타/불명,건설기계,건설기계,보행자,보행자,1,0,1,0,0,37.84096705,127.1348768
수원시,2013   ,2013-04-09 13시,주간,화요일,차대사람,보도통행중,기타(운전자법규위반),단일로,기타단일로,건설기계,건설기계,보행자,보행자,1,0,1,0,0,37.26167123,127.00381161
양평군,2013   ,2013-04-08 17시,주간,월요일,차대차,기타,안전운전 의무 불이행,교차로,교차로부근,불명,불명,이륜차,소형,1,0,1,0,0,37.45473881,127.48923605
안성시,2013   ,2013-04-07 17시,주간,일요일,차대차,기타,안전운전 의무 불이행,단일로,기타단일로,화물차,중형,화물차,소형,1,0,1,0,0,36.97551855,127.30672916
용인시,2013   ,2013-04-06 03시,야간,토요일,차대차,주정차중 추돌,안전운전 의무 불이행,단일로,기타단일로,화물차,대형,화물차,중형,1,0,1,0,0,37.26520444,127.10392386
김포시,2013   ,2013-04-06 00시,야간,토요일,차량단독,전도전복,안전운전 의무 불이행,단일로,기타단일로,이륜차,소형,없음,없음,1,0,1,0,0,37.62853773,126.70625856
성남시,2013   ,2013-04-05 09시,주간,금요일,차대사람,기타,안전운전 의무 불이행,단일로,기타단일로,화물차,소형,보행자,보행자,1,0,1,0,0,37.4540132,127.15287795
동두천시,2013   ,2013-04-04 16시,주간,목요일,차대차,측면충돌,신호위반,교차로,교차로내,화물차,소형,이륜차,대형,1,0,1,0,0,37.90752701,127.05821833
포천시,2013   ,2013-04-03 21시,야간,수요일,차대사람,횡단중,안전운전 의무 불이행,교차로,교차로내,승용차,중형,보행자,보행자,1,0,1,0,0,37.81659358,127.13568653
평택시,2013   ,2013-04-03 20시,야간,수요일,차대차,기타,신호위반,교차로,교차로내,화물차,중형,승용차,중형,1,0,1,0,0,36.9669565,126.84973103
성남시,2013   ,2013-04-03 17시,주간,수요일,차대차,측면충돌,안전운전 의무 불이행,교차로,교차로내,승용차,중형,이륜차,중형,1,0,1,0,0,37.45051656,127.14674976
파주시,2013   ,2013-04-02 17시,주간,화요일,차대사람,기타,안전운전 의무 불이행,교차로,교차로부근,화물차,소형,보행자,보행자,1,0,1,0,0,37.73875876,126.70078168
화성시,2013   ,2013-04-02 08시,주간,화요일,차대차,측면충돌,교차로 통행방법 위반,교차로,교차로내,승용차,소형,승용차,소형,1,1,3,0,1,37.08688048,126.8147141
성남시,2013   ,2013-04-01 09시,주간,월요일,차대사람,차도통행중,안전운전 의무 불이행,교차로,교차로부근,승합차,대형,보행자,보행자,1,0,1,0,0,37.43377695,127.12898549
평택시,2013   ,2013-03-31 00시,야간,일요일,차대사람,기타,안전운전 의무 불이행,교차로,교차로부근,승용차,중형,보행자,보행자,1,0,1,0,0,36.99106745,127.09519785
안성시,2013   ,2013-03-30 06시,주간,토요일,차대차,측면충돌,신호위반,교차로,교차로내,승용차,중형,승용차,소형,1,1,2,0,0,36.96108857,127.24570179
광주시,2013   ,2013-03-29 23시,야간,금요일,차대차,정면충돌,중앙선 침범,단일로,기타단일로,화물차,소형,승합차,대형,1,2,8,0,5,37.34691392,127.21821255
오산시,2013   ,2013-03-29 15시,주간,금요일,차대차,주정차중 추돌,중앙선 침범,단일로,기타단일로,화물차,경형,승합차,대형,1,0,2,0,1,37.19024335,127.04645188
연천군,2013   ,2013-03-29 14시,주간,금요일,차량단독,공작물충돌,안전운전 의무 불이행,단일로,기타단일로,이륜차,중형,없음,없음,1,0,1,0,0,37.9348609,127.00123587
용인시,2013   ,2013-03-29 10시,주간,금요일,차대사람,횡단중,안전운전 의무 불이행,교차로,교차로내,화물차,경형,보행자,보행자,1,0,1,0,0,37.29013247,127.14964973
평택시,2013   ,2013-03-29 05시,야간,금요일,차량단독,공작물충돌,중앙선 침범,단일로,기타단일로,승용차,중형,없음,없음,1,0,1,0,0,36.94779795,126.86883956
안산시,2013   ,2013-03-28 11시,주간,목요일,차대차,측면충돌,부당한 회전,단일로,기타단일로,자전거,자전거,승용차,중형,1,0,1,0,0,37.30147437,126.85951922
의정부시,2013   ,2013-03-28 04시,야간,목요일,차대사람,횡단중,안전운전 의무 불이행,단일로,횡단보도상,승용차,중형,보행자,보행자,1,0,1,0,0,37.73489248,127.04936111
안산시,2013   ,2013-03-28 02시,야간,목요일,차대사람,횡단중,안전운전 의무 불이행,교차로,교차로내,승용차,경형,보행자,보행자,1,2,4,0,1,37.30639406,126.85751404
평택시,2013   ,2013-03-27 22시,야간,수요일,차대사람,차도통행중,안전운전 의무 불이행,교차로,교차로부근,승합차,대형,보행자,보행자,1,0,1,0,0,36.99232771,127.10000093
용인시,2013   ,2013-03-27 16시,주간,수요일,차대사람,차도통행중,안전운전 의무 불이행,단일로,기타단일로,승용차,중형,보행자,보행자,1,0,1,0,0,37.28149986,127.15364926
안산시,2013   ,2013-03-27 15시,주간,수요일,차대차,진행중 추돌,안전운전 의무 불이행,단일로,지하차도(도로)내,건설기계,건설기계,원동기장치자전거,원동기장치자전거,1,0,1,0,0,37.30364464,126.8595886
안성시,2013   ,2013-03-27 13시,주간,수요일,차대차,측면충돌,안전운전 의무 불이행,단일로,기타단일로,화물차,중형,자전거,자전거,1,0,1,0,0,37.07077144,127.41108466
화성시,2013   ,2013-03-27 00시,야간,수요일,차량단독,기타,안전운전 의무 불이행,단일로,기타단일로,이륜차,소형,없음,없음,1,0,1,0,0,37.2129283,127.08565296
안양시,2013   ,2013-03-25 22시,야간,월요일,차대차,정면충돌,중앙선 침범,단일로,기타단일로,승용차,중형,승용차,소형,1,1,2,0,0,37.38120773,126.95626503
안양시,2013   ,2013-03-24 21시,야간,일요일,차대사람,기타,안전운전 의무 불이행,단일로,기타단일로,승용차,대형,보행자,보행자,1,0,1,0,0,37.40867618,126.91301296
시흥시,2013   ,2013-03-24 21시,야간,일요일,차대사람,횡단중,신호위반,교차로,교차로내,승용차,대형,보행자,보행자,1,0,1,0,0,37.36382117,126.806512
의정부시,2013   ,2013-03-24 04시,야간,일요일,차량단독,공작물충돌,안전운전 의무 불이행,단일로,터널안,승용차,중형,없음,없음,1,0,1,0,0,37.71896032,127.01607592
고양시,2013   ,2013-03-24 01시,야간,일요일,차량단독,공작물충돌,안전운전 의무 불이행,단일로,기타단일로,승용차,중형,없음,없음,2,1,3,0,0,37.60417277,126.82309299
수원시,2013   ,2013-03-23 20시,야간,토요일,차대사람,기타,신호위반,교차로,교차로내,승용차,중형,보행자,보행자,1,0,1,0,0,37.24842538,127.068017
용인시,2013   ,2013-03-23 07시,주간,토요일,차량단독,전도전복,안전운전 의무 불이행,단일로,기타단일로,이륜차,사발이,없음,없음,1,0,1,0,0,37.16058458,127.31956026
양평군,2013   ,2013-03-23 03시,야간,토요일,차대차,정면충돌,중앙선 침범,단일로,기타단일로,승용차,소형,화물차,소형,1,1,2,0,0,37.50731521,127.62303484
시흥시,2013   ,2013-03-22 07시,주간,금요일,차대차,진행중 추돌,안전운전 의무 불이행,단일로,기타단일로,화물차,소형,승용차,중형,1,0,1,0,0,37.32989912,126.7232725
안산시,2013   ,2013-03-22 00시,야간,금요일,차대사람,횡단중,안전운전 의무 불이행,단일로,기타단일로,승용차,대형,보행자,보행자,1,0,1,0,0,37.30110188,126.86399062
성남시,2013   ,2013-03-21 15시,주간,목요일,차대사람,차도통행중,안전운전 의무 불이행,단일로,기타단일로,승용차,중형,보행자,보행자,1,0,1,0,0,37.40490354,127.1253653
평택시,2013   ,2013-03-20 22시,야간,수요일,차량단독,공작물충돌,안전운전 의무 불이행,단일로,기타단일로,승용차,경형,없음,없음,1,0,1,0,0,37.00084618,127.09996755
성남시,2013   ,2013-03-19 23시,야간,화요일,차대사람,차도통행중,안전운전 의무 불이행,교차로,교차로부근,승용차,중형,보행자,보행자,1,0,1,0,0,37.41092617,127.12868012
안성시,2013   ,2013-03-19 17시,주간,화요일,차량단독,도로이탈 추락,안전운전 의무 불이행,단일로,기타단일로,승용차,대형,없음,없음,1,0,1,0,0,37.04525675,127.15343227
시흥시,2013   ,2013-03-19 13시,주간,화요일,차대사람,횡단중,안전운전 의무 불이행,교차로,교차로내,화물차,대형,보행자,보행자,1,0,1,0,0,37.34863707,126.74673303
양평군,2013   ,2013-03-18 20시,야간,월요일,차대사람,횡단중,안전운전 의무 불이행,단일로,기타단일로,승용차,대형,보행자,보행자,1,0,1,0,0,37.49735585,127.48993508
화성시,2013   ,2013-03-18 17시,주간,월요일,차대차,측면충돌,신호위반,교차로,교차로내,승합차,중형,화물차,소형,1,2,3,0,0,37.13499857,126.92140714
파주시,2013   ,2013-03-18 14시,주간,월요일,차대차,정면충돌,안전운전 의무 불이행,교차로,교차로부근,승용차,중형,화물차,대형,1,1,2,0,0,37.78112162,126.83442832
파주시,2013   ,2013-03-18 06시,주간,월요일,차량단독,공작물충돌,안전운전 의무 불이행,단일로,기타단일로,승용차,중형,없음,없음,1,0,1,0,0,37.93122375,126.8328611
평택시,2013   ,2013-03-18 06시,주간,월요일,차대사람,횡단중,안전운전 의무 불이행,교차로,교차로내,승용차,중형,보행자,보행자,1,0,1,0,0,36.99597003,126.95125451
평택시,2013   ,2013-03-17 22시,야간,일요일,차대차,측면충돌,안전운전 의무 불이행,단일로,기타단일로,화물차,소형,건설기계,건설기계,1,0,1,0,0,37.092897,127.06353552
시흥시,2013   ,2013-03-17 22시,야간,일요일,차대사람,횡단중,안전운전 의무 불이행,교차로,교차로부근,승용차,중형,보행자,보행자,1,0,1,0,0,37.35979912,126.72351776
남양주시,2013   ,2013-03-17 21시,야간,일요일,차대사람,기타,안전운전 의무 불이행,단일로,기타단일로,이륜차,소형,보행자,보행자,1,0,1,0,0,37.58599644,127.21216022
여주시,2013   ,2013-03-17 16시,주간,일요일,차량단독,도로이탈 기타,안전운전 의무 불이행,단일로,기타단일로,화물차,소형,없음,없음,1,0,1,0,0,37.34937408,127.61593439
안양시,2013   ,2013-03-16 17시,주간,토요일,차대사람,기타,안전운전 의무 불이행,단일로,기타단일로,승용차,경형,보행자,보행자,1,0,1,0,0,37.40679331,126.89770795
화성시,2013   ,2013-03-16 17시,주간,토요일,차량단독,공작물충돌,안전운전 의무 불이행,단일로,기타단일로,이륜차,중형,없음,없음,1,0,1,0,0,37.04270642,126.80014782
양평군,2013   ,2013-03-15 17시,주간,금요일,차대사람,기타,안전운전 의무 불이행,교차로,교차로부근,승용차,소형,보행자,보행자,1,0,1,0,0,37.5192445,127.46311988
파주시,2013   ,2013-03-15 14시,주간,금요일,차대사람,기타,안전운전 의무 불이행,교차로,교차로내,승합차,대형,보행자,보행자,1,0,1,0,0,37.75415315,126.77758146
화성시,2013   ,2013-03-15 06시,주간,금요일,차대차,측면충돌,교차로 통행방법 위반,교차로,교차로내,승용차,대형,화물차,중형,1,0,1,0,0,37.21377671,126.84440384
시흥시,2013   ,2013-03-14 23시,야간,목요일,차대차,주정차중 추돌,안전운전 의무 불이행,단일로,기타단일로,승용차,대형,화물차,중형,1,0,1,0,0,37.44938913,126.81917656
안성시,2013   ,2013-03-13 20시,야간,수요일,차대사람,횡단중,안전운전 의무 불이행,단일로,기타단일로,화물차,소형,보행자,보행자,1,0,1,0,0,37.07749103,127.30787694
고양시,2013   ,2013-03-13 14시,주간,수요일,차대사람,횡단중,안전운전 의무 불이행,단일로,기타단일로,이륜차,소형,보행자,보행자,1,0,1,0,0,37.70846046,126.8445744
김포시,2013   ,2013-03-12 18시,야간,화요일,차대차,기타,중앙선 침범,단일로,기타단일로,승용차,경형,승용차,소형,1,4,6,0,1,37.6960878,126.58739135
오산시,2013   ,2013-03-12 07시,주간,화요일,차대사람,횡단중,과속,교차로,교차로내,승용차,중형,보행자,보행자,1,0,1,0,0,37.16940249,127.0663816
용인시,2013   ,2013-03-11 19시,야간,월요일,차대사람,횡단중,안전운전 의무 불이행,단일로,기타단일로,화물차,소형,보행자,보행자,1,0,1,0,0,37.3131276,127.2408982
포천시,2013   ,2013-03-10 23시,야간,일요일,차대차,정면충돌,중앙선 침범,단일로,기타단일로,승용차,중형,승용차,중형,2,3,5,0,0,37.77119631,127.22830546
여주시,2013   ,2013-03-10 19시,야간,일요일,차대사람,차도통행중,안전운전 의무 불이행,단일로,기타단일로,승용차,중형,보행자,보행자,1,0,1,0,0,37.1892724,127.56045854
수원시,2013   ,2013-03-10 13시,주간,일요일,차대사람,기타,안전운전 의무 불이행,교차로,교차로부근,승합차,중형,보행자,보행자,1,0,1,0,0,37.29860045,126.99169126
여주시,2013   ,2013-03-09 20시,야간,토요일,차대사람,길가장자리구역통행중,안전운전 의무 불이행,단일로,기타단일로,승용차,소형,보행자,보행자,1,0,1,0,0,37.29548735,127.57242421
의왕시,2013   ,2013-03-09 16시,주간,토요일,차대차,기타,신호위반,교차로,교차로내,승용차,대형,원동기장치자전거,원동기장치자전거,1,0,1,0,0,37.33492883,126.96170121
성남시,2013   ,2013-03-09 11시,주간,토요일,차대차,기타,안전운전 의무 불이행,기타/불명,기타/불명,건설기계,건설기계,자전거,자전거,1,0,1,0,0,37.34779703,127.10204071
파주시,2013   ,2013-03-09 06시,주간,토요일,차량단독,기타,안전운전 의무 불이행,단일로,기타단일로,승용차,소형,없음,없음,1,0,1,0,0,37.90047713,126.88687112
용인시,2013   ,2013-03-09 00시,야간,토요일,차대차,측면충돌,신호위반,교차로,교차로내,승용차,중형,승합차,대형,1,1,2,0,0,37.26156838,127.19223126