시군명,발생년도,발생일자,주야구분명,사고요일,사고유형_대분류,사고유형,법규위반내용,도로형태_대분류,도로형태,당사자1_대분류,당사자1_차종,당사자2_대분류,당사자2_차종,사망자수,중상자수,부상자수,부상신고자수,경상자수,WGS84위도,WGS84경도
안성시,2013   ,2013-03-09 00시,야간,토요일,차량단독,도로이탈 추락,안전운전 의무 불이행,단일로,기타단일로,건설기계,건설기계,없음,없음,1,0,1,0,0,37.09790525,127.28504852
남양주시,2013   ,2013-03-08 05시,야간,금요일,차대사람,기타,기타(운전자법규위반),단일로,기타단일로,승용차,중형,보행자,보행자,1,1,3,0,1,37.64569558,127.23258332
용인시,2013   ,2013-03-07 20시,야간,목요일,차대사람,기타,안전운전 의무 불이행,교차로,교차로부근,승용차,중형,보행자,보행자,1,0,1,0,0,37.33646243,127.25251335
안성시,2013   ,2013-03-06 12시,주간,수요일,차량단독,도로이탈 추락,안전운전 의무 불이행,단일로,기타단일로,농기계,농기계,없음,없음,1,0,1,0,0,37.11372025,127.48088772
성남시,2013   ,2013-03-05 13시,주간,화요일,차대사람,횡단중,안전운전 의무 불이행,단일로,횡단보도상,승합차,대형,보행자,보행자,1,0,1,0,0,37.46127364,127.16774486
의정부시,2013   ,2013-03-05 12시,주간,화요일,차대차,진행중 추돌,안전운전 의무 불이행,단일로,기타단일로,화물차,대형,화물차,소형,1,0,1,0,0,37.72520095,127.03484957
광주시,2013   ,2013-03-05 09시,주간,화요일,차대차,측면충돌,안전운전 의무 불이행,단일로,기타단일로,화물차,소형,자전거,자전거,1,0,1,0,0,37.4270595,127.24363686
평택시,2013   ,2013-03-04 22시,야간,월요일,차대차,기타,안전운전 의무 불이행,단일로,기타단일로,승용차,경형,화물차,대형,1,0,2,0,1,37.06330619,126.91843153
양주시,2013   ,2013-03-04 14시,주간,월요일,차량단독,기타,안전운전 의무 불이행,단일로,기타단일로,농기계,농기계,없음,없음,1,0,1,0,0,37.77330502,126.98927638
포천시,2013   ,2013-03-04 13시,주간,월요일,차대차,기타,안전운전 의무 불이행,교차로,교차로부근,승용차,소형,승용차,중형,1,1,3,0,1,37.96102588,127.32019222
이천시,2013   ,2013-03-04 08시,주간,월요일,차대차,주정차중 추돌,안전운전 의무 불이행,단일로,기타단일로,승용차,중형,화물차,중형,1,1,2,0,0,37.29156513,127.42572927
하남시,2013   ,2013-03-03 22시,야간,일요일,차대사람,횡단중,안전운전 의무 불이행,단일로,횡단보도부근,승용차,중형,보행자,보행자,1,0,1,0,0,37.5227524,127.22118222
여주시,2013   ,2013-03-03 00시,야간,일요일,차대사람,차도통행중,안전운전 의무 불이행,단일로,기타단일로,승용차,경형,보행자,보행자,1,0,1,0,0,37.29916116,127.56350261
성남시,2013   ,2013-03-03 00시,야간,일요일,차대사람,횡단중,안전운전 의무 불이행,단일로,기타단일로,승용차,경형,보행자,보행자,1,0,1,0,0,37.44665248,127.13605562
평택시,2013   ,2013-03-03 00시,야간,일요일,차대차,측면충돌,신호위반,교차로,교차로내,화물차,대형,승용차,소형,1,2,3,0,0,36.99424871,126.85159067
화성시,2013   ,2013-03-02 00시,야간,토요일,차량단독,전도전복,안전운전 의무 불이행,단일로,기타단일로,승용차,대형,없음,없음,1,0,1,0,0,37.18775406,126.96870767
안성시,2013   ,2013-03-01 07시,주간,금요일,차량단독,공작물충돌,안전운전 의무 불이행,교차로,교차로부근,이륜차,중형,없음,없음,1,0,1,0,0,37.00434102,127.16936472
부천시,2013   ,2013-03-01 04시,야간,금요일,차량단독,공작물충돌,안전운전 의무 불이행,단일로,기타단일로,승용차,중형,없음,없음,1,0,1,0,0,37.528662,126.77803024
부천시,2013   ,2013-02-28 23시,야간,목요일,차대사람,횡단중,안전운전 의무 불이행,교차로,교차로부근,화물차,중형,보행자,보행자,1,0,1,0,0,37.49224204,126.75436724
포천시,2013   ,2013-02-27 11시,주간,수요일,차대사람,횡단중,안전운전 의무 불이행,교차로,교차로내,승용차,중형,보행자,보행자,1,0,1,0,0,37.9012911,127.20916217
양평군,2013   ,2013-02-26 22시,야간,화요일,차대차,측면충돌,중앙선 침범,단일로,기타단일로,화물차,소형,승용차,소형,1,0,1,0,0,37.49240327,127.53192343
성남시,2013   ,2013-02-26 22시,야간,화요일,차대차,측면충돌,안전운전 의무 불이행,교차로,교차로내,승용차,중형,승합차,중형,1,0,3,1,1,37.36346502,127.10802226
고양시,2013   ,2013-02-25 22시,야간,월요일,차량단독,공작물충돌,안전운전 의무 불이행,단일로,기타단일로,승용차,중형,없음,없음,1,0,1,0,0,37.65032056,126.7359651
용인시,2013   ,2013-02-25 22시,야간,월요일,차대사람,횡단중,안전운전 의무 불이행,단일로,기타단일로,승용차,소형,보행자,보행자,1,0,1,0,0,37.27307871,127.12343653
연천군,2013   ,2013-02-25 21시,야간,월요일,차량단독,공작물충돌,안전운전 의무 불이행,단일로,기타단일로,승용차,경형,없음,없음,1,0,1,0,0,37.99396201,126.9195426
포천시,2013   ,2013-02-25 20시,야간,월요일,차대사람,길가장자리구역통행중,안전운전 의무 불이행,단일로,교량위,승용차,중형,보행자,보행자,1,0,1,0,0,37.8287151,127.20807229
이천시,2013   ,2013-02-25 20시,야간,월요일,차대차,정면충돌,중앙선 침범,교차로,교차로내,원동기장치자전거,원동기장치자전거,승용차,대형,1,0,2,0,1,37.29879257,127.45918837
용인시,2013   ,2013-02-25 14시,주간,월요일,차량단독,공작물충돌,안전운전 의무 불이행,단일로,기타단일로,승용차,대형,없음,없음,1,0,1,0,0,37.25786477,127.09393244
남양주시,2013   ,2013-02-25 04시,야간,월요일,차대사람,기타,안전운전 의무 불이행,단일로,기타단일로,승용차,중형,보행자,보행자,1,0,1,0,0,37.70363172,127.16803029
여주시,2013   ,2013-02-24 21시,야간,일요일,차대차,정면충돌,중앙선 침범,단일로,기타단일로,원동기장치자전거,원동기장치자전거,화물차,소형,1,0,1,0,0,37.30211964,127.66448358
안성시,2013   ,2013-02-24 21시,야간,일요일,차대차,진행중 추돌,안전거리 미확보,단일로,기타단일로,화물차,중형,화물차,대형,1,0,2,0,1,37.11999187,127.44478594
파주시,2013   ,2013-02-24 16시,주간,일요일,차량단독,공작물충돌,안전운전 의무 불이행,단일로,기타단일로,화물차,중형,없음,없음,1,0,1,0,0,37.83090524,126.71785675
가평군,2013   ,2013-02-24 11시,주간,일요일,차대차,기타,안전운전 의무 불이행,단일로,기타단일로,승용차,중형,자전거,자전거,1,0,1,0,0,37.63618155,127.48137807
구리시,2013   ,2013-02-24 01시,야간,일요일,차량단독,공작물충돌,안전운전 의무 불이행,단일로,횡단보도부근,승용차,중형,없음,없음,1,0,1,0,0,37.56310412,127.11483679
남양주시,2013   ,2013-02-23 23시,야간,토요일,차량단독,공작물충돌,안전운전 의무 불이행,단일로,기타단일로,화물차,소형,없음,없음,1,1,2,0,0,37.71829684,127.19142954
수원시,2013   ,2013-02-23 21시,야간,토요일,차대사람,기타,안전운전 의무 불이행,단일로,기타단일로,승용차,경형,보행자,보행자,1,0,1,0,0,37.26880934,127.08219692
부천시,2013   ,2013-02-23 18시,야간,토요일,차대사람,기타,안전운전 의무 불이행,교차로,교차로부근,화물차,경형,보행자,보행자,1,0,1,0,0,37.50874308,126.7592363
고양시,2013   ,2013-02-23 14시,주간,토요일,차량단독,공작물충돌,안전운전 의무 불이행,단일로,기타단일로,승용차,중형,없음,없음,1,1,2,0,0,37.66713055,126.71406816
평택시,2013   ,2013-02-23 02시,야간,토요일,차량단독,공작물충돌,안전운전 의무 불이행,교차로,교차로부근,승용차,중형,없음,없음,1,0,1,0,0,37.10692528,127.02855096
김포시,2013   ,2013-02-22 22시,야간,금요일,차대사람,차도통행중,안전운전 의무 불이행,교차로,교차로내,승합차,소형,보행자,보행자,1,0,1,0,0,37.68399386,126.6088153
고양시,2013   ,2013-02-22 02시,야간,금요일,차량단독,공작물충돌,안전운전 의무 불이행,단일로,기타단일로,승용차,중형,없음,없음,1,0,1,0,0,37.69743994,126.70839433
남양주시,2013   ,2013-02-22 02시,야간,금요일,차량단독,공작물충돌,안전운전 의무 불이행,단일로,기타단일로,승용차,대형,없음,없음,1,0,2,0,1,37.64921798,127.19122812
안양시,2013   ,2013-02-21 21시,야간,목요일,차량단독,전도전복,안전운전 의무 불이행,단일로,기타단일로,원동기장치자전거,원동기장치자전거,없음,없음,1,0,1,0,0,37.39592176,126.94732396
여주시,2013   ,2013-02-21 10시,주간,목요일,차대차,기타,직진 및 우회전차의 통행방해,교차로,교차로내,건설기계,건설기계,승용차,소형,1,2,3,0,0,37.17490082,127.62268525
파주시,2013   ,2013-02-21 08시,주간,목요일,차량단독,공작물충돌,안전운전 의무 불이행,단일로,기타단일로,화물차,대형,없음,없음,1,0,1,0,0,37.93117023,126.83137093
평택시,2013   ,2013-02-21 06시,주간,목요일,차대차,정면충돌,중앙선 침범,단일로,기타단일로,승용차,경형,승용차,중형,1,1,3,0,1,36.99513144,126.84784765
용인시,2013   ,2013-02-21 01시,야간,목요일,차대사람,횡단중,안전운전 의무 불이행,단일로,기타단일로,승용차,중형,보행자,보행자,1,0,1,0,0,37.33432627,127.10893005
시흥시,2013   ,2013-02-20 15시,주간,수요일,차대사람,횡단중,신호위반,단일로,횡단보도상,건설기계,건설기계,보행자,보행자,1,0,1,0,0,37.35786234,126.71880564
고양시,2013   ,2013-02-19 20시,야간,화요일,차대차,측면충돌,안전운전 의무 불이행,단일로,기타단일로,승용차,경형,승합차,대형,1,0,1,0,0,37.63907774,126.79327315
여주시,2013   ,2013-02-19 14시,주간,화요일,차대사람,기타,안전운전 의무 불이행,단일로,기타단일로,승용차,대형,보행자,보행자,1,0,1,0,0,37.25017366,127.64961029
안양시,2013   ,2013-02-19 13시,주간,화요일,차대차,측면충돌,안전운전 의무 불이행,교차로,교차로내,자전거,자전거,승합차,대형,1,0,1,0,0,37.38823673,126.96978141
용인시,2013   ,2013-02-19 08시,주간,화요일,차량단독,공작물충돌,안전운전 의무 불이행,단일로,기타단일로,승용차,중형,없음,없음,1,0,1,0,0,37.24124295,127.16925726
용인시,2013   ,2013-02-19 00시,야간,화요일,차대사람,횡단중,보행자 보호의무 위반,단일로,횡단보도상,승용차,대형,보행자,보행자,1,0,1,0,0,37.32931483,127.10901247
시흥시,2013   ,2013-02-18 23시,야간,월요일,차량단독,전도전복,안전운전 의무 불이행,단일로,고가도로위,승용차,중형,없음,없음,1,0,1,0,0,37.44315969,126.77607506
성남시,2013   ,2013-02-18 22시,야간,월요일,차대사람,횡단중,안전운전 의무 불이행,교차로,교차로내,승용차,대형,보행자,보행자,1,0,1,0,0,37.4152253,127.11446527
시흥시,2013   ,2013-02-18 07시,주간,월요일,차량단독,기타,안전운전 의무 불이행,단일로,기타단일로,화물차,소형,없음,없음,1,0,1,0,0,37.34211915,126.73116219
오산시,2013   ,2013-02-17 01시,야간,일요일,차대차,기타,신호위반,교차로,교차로내,화물차,소형,화물차,소형,1,0,2,0,1,37.14232314,127.06859678
양주시,2013   ,2013-02-16 17시,주간,토요일,차량단독,전도전복,안전운전 의무 불이행,단일로,기타단일로,승용차,경형,없음,없음,1,0,1,0,0,37.8941282,127.01777484
고양시,2013   ,2013-02-16 13시,주간,토요일,차대차,측면충돌,신호위반,교차로,교차로내,승용차,중형,승합차,대형,1,3,6,0,2,37.59979902,126.87327208
파주시,2013   ,2013-02-15 17시,주간,금요일,차대차,진행중 추돌,안전운전 의무 불이행,단일로,기타단일로,승합차,소형,농기계,농기계,1,2,3,0,0,37.92935741,126.84720385
양평군,2013   ,2013-02-14 23시,야간,목요일,차대사람,기타,안전운전 의무 불이행,단일로,기타단일로,화물차,소형,보행자,보행자,1,0,1,0,0,37.5414656,127.69438152
구리시,2013   ,2013-02-14 12시,주간,목요일,차대차,측면충돌,안전운전 의무 불이행,단일로,횡단보도상,이륜차,소형,승합차,대형,1,0,1,0,0,37.60098484,127.12979395
가평군,2013   ,2013-02-13 23시,야간,수요일,차대사람,기타,안전운전 의무 불이행,단일로,기타단일로,승용차,소형,보행자,보행자,1,0,1,0,0,37.68524259,127.37912934
안양시,2013   ,2013-02-13 22시,야간,수요일,차대차,측면충돌,안전운전 의무 불이행,교차로,교차로부근,승용차,중형,승용차,중형,1,0,2,0,1,37.41215611,126.90119065
용인시,2013   ,2013-02-13 20시,야간,수요일,차대사람,횡단중,안전운전 의무 불이행,단일로,기타단일로,승용차,중형,보행자,보행자,1,0,1,0,0,37.18024721,127.33635671
여주시,2013   ,2013-02-13 07시,주간,수요일,차대사람,차도통행중,안전운전 의무 불이행,단일로,기타단일로,화물차,대형,보행자,보행자,1,0,1,0,0,37.29714897,127.54890068
파주시,2013   ,2013-02-12 16시,주간,화요일,차량단독,공작물충돌,안전운전 의무 불이행,단일로,기타단일로,승용차,소형,없음,없음,1,0,1,0,0,37.84221678,126.73713787
부천시,2013   ,2013-02-11 20시,야간,월요일,차량단독,공작물충돌,과속,단일로,기타단일로,승용차,중형,없음,없음,1,0,1,0,0,37.51554205,126.76112669
성남시,2013   ,2013-02-11 19시,야간,월요일,차대차,기타,중앙선 침범,교차로,교차로부근,승용차,중형,승용차,소형,1,0,3,0,2,37.37248406,127.14688401
평택시,2013   ,2013-02-10 17시,주간,일요일,차대차,측면충돌,신호위반,교차로,교차로내,승합차,중형,승용차,중형,1,0,9,0,8,36.94276792,127.04986372
광주시,2013   ,2013-02-10 08시,주간,일요일,차량단독,공작물충돌,안전운전 의무 불이행,단일로,기타단일로,승용차,중형,없음,없음,1,0,1,0,0,37.46948755,127.316536
광주시,2013   ,2013-02-09 08시,주간,토요일,차대사람,기타,안전운전 의무 불이행,단일로,기타단일로,화물차,소형,보행자,보행자,1,0,1,0,0,37.41592955,127.25306577
연천군,2013   ,2013-02-08 21시,야간,금요일,차대사람,차도통행중,안전운전 의무 불이행,단일로,기타단일로,승용차,중형,보행자,보행자,1,0,1,0,0,37.93540734,127.00044697
구리시,2013   ,2013-02-08 09시,주간,금요일,차대차,기타,신호위반,교차로,교차로내,이륜차,소형,승용차,경형,1,0,1,0,0,37.64251937,127.120462
수원시,2013   ,2013-02-08 06시,주간,금요일,차대차,주정차중 추돌,안전운전 의무 불이행,단일로,기타단일로,승용차,소형,승용차,중형,1,1,2,0,0,37.27647907,126.97910106
화성시,2013   ,2013-02-08 03시,야간,금요일,차량단독,공작물충돌,안전운전 의무 불이행,단일로,기타단일로,승용차,소형,없음,없음,1,0,1,0,0,37.17649104,126.9362166
남양주시,2013   ,2013-02-07 21시,야간,목요일,차대사람,기타,안전운전 의무 불이행,단일로,기타단일로,승용차,경형,보행자,보행자,1,0,1,0,0,37.72767476,127.28206117
광주시,2013   ,2013-02-07 19시,야간,목요일,차대사람,기타,안전운전 의무 불이행,단일로,기타단일로,승용차,중형,보행자,보행자,1,0,1,0,0,37.35530012,127.31604644
안양시,2013   ,2013-02-07 18시,야간,목요일,차대사람,횡단중,안전운전 의무 불이행,단일로,횡단보도상,승용차,소형,보행자,보행자,1,0,1,0,0,37.39241633,126.94945097
의정부시,2013   ,2013-02-06 14시,주간,수요일,차대차,기타,안전운전 의무 불이행,교차로,교차로내,승용차,중형,승용차,대형,1,0,1,0,0,37.7413363,127.051558
고양시,2013   ,2013-02-05 07시,주간,화요일,차대사람,기타,안전운전 의무 불이행,단일로,기타단일로,승합차,대형,보행자,보행자,1,0,1,0,0,37.66912732,126.75025659
남양주시,2013   ,2013-02-04 22시,야간,월요일,차대사람,길가장자리구역통행중,안전운전 의무 불이행,교차로,교차로내,승용차,중형,보행자,보행자,1,0,1,0,0,37.62733396,127.19144333
남양주시,2013   ,2013-02-04 18시,야간,월요일,차대사람,기타,안전운전 의무 불이행,단일로,기타단일로,승합차,중형,보행자,보행자,1,0,1,0,0,37.63599859,127.22152204
포천시,2013   ,2013-02-04 11시,주간,월요일,차대차,정면충돌,중앙선 침범,단일로,기타단일로,승용차,소형,승합차,대형,1,1,5,1,2,38.01849221,127.29283471
평택시,2013   ,2013-02-04 07시,주간,월요일,차량단독,공작물충돌,안전운전 의무 불이행,교차로,교차로부근,승용차,중형,없음,없음,1,0,1,0,0,37.12887745,127.10312237
평택시,2013   ,2013-02-04 06시,주간,월요일,차량단독,공작물충돌,안전운전 의무 불이행,교차로,교차로부근,승용차,중형,없음,없음,1,0,2,0,1,37.00240568,126.95898578
평택시,2013   ,2013-02-03 00시,야간,일요일,차대사람,기타,안전운전 의무 불이행,교차로,교차로부근,승용차,소형,보행자,보행자,1,1,2,0,0,37.00816978,126.87193596
양평군,2013   ,2013-02-02 22시,야간,토요일,차량단독,전도전복,앞지르기 금지위반,단일로,기타단일로,화물차,소형,없음,없음,1,1,2,0,0,37.49214469,127.5188463
이천시,2013   ,2013-02-02 19시,야간,토요일,차대사람,횡단중,안전운전 의무 불이행,단일로,기타단일로,승합차,소형,보행자,보행자,1,0,1,0,0,37.22023927,127.52681507
평택시,2013   ,2013-02-02 06시,주간,토요일,차대사람,횡단중,안전운전 의무 불이행,교차로,교차로부근,승용차,소형,보행자,보행자,1,0,1,0,0,37.11262831,127.06308126
포천시,2013   ,2013-02-02 06시,주간,토요일,차량단독,공작물충돌,안전운전 의무 불이행,단일로,기타단일로,승합차,중형,없음,없음,2,2,5,0,1,38.05834293,127.27123552
포천시,2013   ,2013-02-02 04시,야간,토요일,차량단독,공작물충돌,안전운전 의무 불이행,단일로,기타단일로,승용차,중형,없음,없음,1,0,1,0,0,37.896642,127.20259498
성남시,2013   ,2013-02-01 23시,야간,금요일,차대사람,기타,안전운전 의무 불이행,단일로,기타단일로,승합차,소형,보행자,보행자,1,0,1,0,0,37.45537356,127.16196225
남양주시,2013   ,2013-02-01 22시,야간,금요일,차대사람,횡단중,안전운전 의무 불이행,교차로,교차로부근,승합차,소형,보행자,보행자,1,0,1,0,0,37.62739693,127.19139774
성남시,2013   ,2013-02-01 20시,야간,금요일,차대차,진행중 추돌,중앙선 침범,단일로,기타단일로,승용차,대형,화물차,중형,1,0,2,0,1,37.45721989,127.14908659
파주시,2013   ,2013-02-01 11시,주간,금요일,차대차,정면충돌,교차로 통행방법 위반,교차로,교차로내,화물차,대형,화물차,소형,1,0,1,0,0,37.9078404,126.72210505
성남시,2013   ,2013-02-01 05시,야간,금요일,차량단독,기타,안전거리 미확보,단일로,기타단일로,승용차,중형,없음,없음,1,0,2,0,1,37.42492289,127.16114982
파주시,2013   ,2013-01-31 23시,야간,목요일,차대사람,횡단중,안전운전 의무 불이행,단일로,기타단일로,승용차,중형,보행자,보행자,1,0,1,0,0,37.81902241,126.79282209
화성시,2013   ,2013-01-31 13시,주간,목요일,차대차,주정차중 추돌,안전운전 의무 불이행,기타/불명,기타/불명,화물차,대형,화물차,소형,1,1,8,0,6,37.2205717,126.87322909
양주시,2013   ,2013-01-31 11시,주간,목요일,차대차,주정차중 추돌,안전운전 의무 불이행,단일로,기타단일로,승합차,대형,화물차,소형,1,9,11,0,1,37.71934525,126.98296843
평택시,2013   ,2013-01-31 07시,주간,목요일,차대사람,횡단중,보행자 보호의무 위반,교차로,교차로내,승합차,대형,보행자,보행자,1,0,1,0,0,36.993046,127.0886132
의정부시,2013   ,2013-01-30 15시,주간,수요일,차대차,측면충돌,안전운전 의무 불이행,단일로,기타단일로,원동기장치자전거,원동기장치자전거,승용차,대형,1,0,1,0,0,37.73531031,127.04784915
화성시,2013   ,2013-01-30 13시,주간,수요일,차대차,주정차중 추돌,안전운전 의무 불이행,기타/불명,기타/불명,화물차,대형,화물차,소형,1,0,1,0,0,37.09272504,126.94076794
남양주시,2013   ,2013-01-30 06시,주간,수요일,차대사람,횡단중,안전운전 의무 불이행,단일로,기타단일로,승용차,경형,보행자,보행자,1,0,1,0,0,37.70799372,127.18766035
화성시,2013   ,2013-01-29 23시,야간,화요일,차량단독,공작물충돌,안전운전 의무 불이행,단일로,기타단일로,승용차,중형,없음,없음,1,0,1,0,0,37.24494774,126.88885735
평택시,2013   ,2013-01-29 21시,야간,화요일,차량단독,공작물충돌,안전운전 의무 불이행,단일로,기타단일로,승용차,중형,없음,없음,1,0,1,0,0,37.00975905,126.91846872
광주시,2013   ,2013-01-29 18시,야간,화요일,차대사람,보도통행중,안전운전 의무 불이행,단일로,기타단일로,승합차,소형,보행자,보행자,1,0,1,0,0,37.42686714,127.24222471
이천시,2013   ,2013-01-29 06시,주간,화요일,차대사람,기타,안전운전 의무 불이행,교차로,교차로부근,승용차,중형,보행자,보행자,1,0,1,0,0,37.18154726,127.43951382
화성시,2013   ,2013-01-28 10시,주간,월요일,차대사람,차도통행중,안전운전 의무 불이행,교차로,교차로내,건설기계,건설기계,보행자,보행자,1,0,1,0,0,37.1358901,126.91179776
김포시,2013   ,2013-01-28 07시,주간,월요일,차대사람,횡단중,안전운전 의무 불이행,교차로,교차로내,승용차,소형,보행자,보행자,1,0,1,0,0,37.63040636,126.71055858
평택시,2013   ,2013-01-27 19시,야간,일요일,차대사람,기타,안전운전 의무 불이행,교차로,교차로내,승용차,경형,보행자,보행자,1,0,1,0,0,37.06304357,126.91873712
부천시,2013   ,2013-01-27 18시,야간,일요일,차대사람,기타,안전운전 의무 불이행,단일로,기타단일로,승용차,소형,보행자,보행자,1,0,1,0,0,37.47997286,126.79471785
용인시,2013   ,2013-01-27 07시,주간,일요일,차대사람,횡단중,안전운전 의무 불이행,교차로,교차로부근,승용차,경형,보행자,보행자,1,0,1,0,0,37.25128814,127.15472352
용인시,2013   ,2013-01-27 00시,야간,일요일,차대사람,기타,안전운전 의무 불이행,단일로,기타단일로,화물차,소형,보행자,보행자,1,0,1,0,0,37.17395943,127.34621459
남양주시,2013   ,2013-01-26 18시,야간,토요일,차대사람,차도통행중,안전운전 의무 불이행,교차로,교차로부근,승합차,경형,보행자,보행자,1,0,1,0,0,37.69942531,127.12393352
고양시,2013   ,2013-01-26 17시,주간,토요일,차량단독,전도전복,안전운전 의무 불이행,단일로,기타단일로,승용차,중형,없음,없음,1,1,2,0,0,37.69696015,126.70808183
양주시,2013   ,2013-01-24 19시,야간,목요일,차대사람,기타,안전운전 의무 불이행,교차로,교차로내,승용차,소형,보행자,보행자,1,0,1,0,0,37.84466372,126.98972801
포천시,2013   ,2013-01-24 08시,주간,목요일,차량단독,공작물충돌,앞지르기 금지위반,단일로,기타단일로,승용차,소형,없음,없음,1,0,1,0,0,37.96675965,127.32723677
화성시,2013   ,2013-01-23 22시,야간,수요일,차대차,주정차중 추돌,안전운전 의무 불이행,단일로,고가도로위,승용차,대형,승합차,대형,1,0,1,0,0,37.24785058,126.89104402
고양시,2013   ,2013-01-23 18시,야간,수요일,차대사람,횡단중,신호위반,교차로,교차로부근,건설기계,건설기계,보행자,보행자,1,0,1,0,0,37.62561409,126.8355341
안산시,2013   ,2013-01-23 06시,주간,수요일,차대사람,횡단중,안전운전 의무 불이행,단일로,횡단보도상,승용차,대형,보행자,보행자,1,0,1,0,0,37.31471755,126.83856262
포천시,2013   ,2013-01-23 04시,야간,수요일,차대차,주정차중 추돌,안전운전 의무 불이행,단일로,기타단일로,승합차,소형,특수차,대형,1,0,1,0,0,37.8106639,127.14039966
김포시,2013   ,2013-01-23 02시,야간,수요일,차대차,정면충돌,중앙선 침범,단일로,기타단일로,화물차,중형,승용차,중형,1,1,2,0,0,37.59216609,126.77881043
평택시,2013   ,2013-01-22 21시,야간,화요일,차대차,주정차중 추돌,안전운전 의무 불이행,교차로,교차로부근,승용차,중형,특수차,대형,1,0,1,0,0,36.94779795,126.86883956
안양시,2013   ,2013-01-22 06시,주간,화요일,차대사람,기타,안전운전 의무 불이행,단일로,기타단일로,승합차,대형,보행자,보행자,1,0,2,0,1,37.4158279,126.90719597
안성시,2013   ,2013-01-22 03시,야간,화요일,차대차,정면충돌,중앙선 침범,단일로,기타단일로,승용차,소형,화물차,대형,1,0,2,0,1,37.10287751,127.48440286
안산시,2013   ,2013-01-21 20시,야간,월요일,차대차,주정차중 추돌,과속,단일로,기타단일로,승용차,소형,승합차,대형,1,1,2,0,0,37.33635419,126.807679
안양시,2013   ,2013-01-21 14시,주간,월요일,차대사람,횡단중,안전운전 의무 불이행,단일로,기타단일로,승합차,소형,보행자,보행자,1,0,1,0,0,37.39909067,126.95229448
화성시,2013   ,2013-01-21 11시,주간,월요일,차대차,진행중 추돌,안전운전 의무 불이행,단일로,기타단일로,승용차,대형,승용차,대형,1,2,6,3,0,37.19310674,127.0940857
용인시,2013   ,2013-01-21 06시,주간,월요일,차대차,기타,안전운전 의무 불이행,교차로,교차로내,원동기장치자전거,원동기장치자전거,승합차,대형,1,0,1,0,0,37.30811501,127.12887033
용인시,2013   ,2013-01-21 06시,주간,월요일,차대차,측면충돌,신호위반,교차로,교차로내,승용차,소형,화물차,중형,1,2,3,0,0,37.17006211,127.37062043
구리시,2013   ,2013-01-20 20시,야간,일요일,차대사람,보도통행중,안전운전 의무 불이행,교차로,교차로내,승용차,대형,보행자,보행자,1,0,1,0,0,37.63480908,127.1157137
화성시,2013   ,2013-01-20 19시,야간,일요일,차량단독,공작물충돌,안전운전 의무 불이행,단일로,기타단일로,승용차,경형,없음,없음,1,0,1,0,0,37.12520713,126.97315277
고양시,2013   ,2013-01-20 07시,주간,일요일,차대차,측면충돌,중앙선 침범,단일로,기타단일로,승용차,소형,승합차,중형,1,2,8,0,5,37.64967014,126.89932275
용인시,2013   ,2013-01-20 07시,주간,일요일,차량단독,전도전복,안전운전 의무 불이행,단일로,기타단일로,승용차,대형,없음,없음,2,0,2,0,0,37.27667846,127.08399533
고양시,2013   ,2013-01-20 01시,야간,일요일,차량단독,공작물충돌,안전운전 의무 불이행,단일로,기타단일로,승용차,중형,없음,없음,1,0,1,0,0,37.58131915,126.85607621
화성시,2013   ,2013-01-20 00시,야간,일요일,차대차,진행중 추돌,안전운전 의무 불이행,단일로,기타단일로,화물차,소형,화물차,소형,1,1,2,0,0,37.25698311,126.88523521
남양주시,2013   ,2013-01-19 21시,야간,토요일,차대사람,기타,안전운전 의무 불이행,단일로,기타단일로,승용차,중형,보행자,보행자,1,0,1,0,0,37.70304255,127.12484547
여주시,2013   ,2013-01-19 07시,주간,토요일,차대차,측면충돌,안전운전 의무 불이행,단일로,기타단일로,승용차,경형,화물차,중형,1,0,1,0,0,37.20121259,127.54854573
시흥시,2013   ,2013-01-18 23시,야간,금요일,차대사람,차도통행중,안전운전 의무 불이행,단일로,기타단일로,승용차,중형,보행자,보행자,1,0,1,0,0,37.34589528,126.7380332
여주시,2013   ,2013-01-18 17시,주간,금요일,차대사람,횡단중,안전운전 의무 불이행,단일로,기타단일로,화물차,경형,보행자,보행자,1,0,1,0,0,37.29961981,127.63071822
김포시,2013   ,2013-01-18 13시,주간,금요일,차대사람,보도통행중,안전운전 의무 불이행,단일로,기타단일로,승용차,소형,보행자,보행자,1,0,1,0,0,37.69200098,126.59814215
평택시,2013   ,2013-01-18 05시,야간,금요일,차대차,측면충돌,신호위반,교차로,교차로내,자전거,자전거,건설기계,건설기계,1,0,1,0,0,37.08007636,127.06263809
성남시,2013   ,2013-01-17 22시,야간,목요일,차량단독,기타,안전운전 의무 불이행,단일로,터널안,승용차,대형,없음,없음,1,0,1,0,0,37.38323774,127.06818058
시흥시,2013   ,2013-01-17 19시,야간,목요일,차대사람,횡단중,안전운전 의무 불이행,단일로,기타단일로,화물차,소형,보행자,보행자,1,0,1,0,0,37.43904095,126.7905402
구리시,2013   ,2013-01-17 12시,주간,목요일,차대사람,횡단중,안전운전 의무 불이행,단일로,횡단보도상,승합차,대형,보행자,보행자,1,2,5,0,2,37.60103066,127.13081127
광주시,2013   ,2013-01-16 14시,주간,수요일,차대차,기타,신호위반,단일로,횡단보도상,화물차,소형,이륜차,중형,1,0,1,0,0,37.36623096,127.24422579