시군명,발생년도,발생일자,주야구분명,사고요일,사고유형_대분류,사고유형,법규위반내용,도로형태_대분류,도로형태,당사자1_대분류,당사자1_차종,당사자2_대분류,당사자2_차종,사망자수,중상자수,부상자수,부상신고자수,경상자수,WGS84위도,WGS84경도
안산시,2012   ,2012-06-05 10시,주간,화요일,차대사람,차도통행중,안전운전 의무 불이행,교차로,교차로내,화물차,소형,보행자,보행자,1,0,1,0,0,37.32454732,126.80173755
용인시,2012   ,2012-06-04 14시,주간,월요일,차대차,진행중 추돌,안전운전 의무 불이행,단일로,기타단일로,화물차,소형,화물차,소형,1,0,2,0,1,37.22256326,127.09053733
평택시,2012   ,2012-06-04 10시,주간,월요일,차량단독,도로이탈 추락,안전운전 의무 불이행,교차로,교차로부근,화물차,중형,없음,없음,1,0,1,0,0,37.00849126,127.0428051
고양시,2012   ,2012-06-03 16시,주간,일요일,차대차,정면충돌,중앙선 침범,단일로,기타단일로,승용차,중형,승용차,중형,1,1,2,0,0,37.63135318,126.87979577
용인시,2012   ,2012-06-02 09시,주간,토요일,차대사람,기타,중앙선 침범,교차로,교차로부근,건설기계,건설기계,보행자,보행자,1,1,2,0,0,37.23979886,127.31842455
김포시,2012   ,2012-06-01 23시,야간,금요일,차대사람,기타,안전운전 의무 불이행,단일로,기타단일로,승용차,중형,보행자,보행자,1,0,1,0,0,37.59359293,126.76899846
성남시,2012   ,2012-06-01 23시,야간,금요일,차대사람,차도통행중,안전운전 의무 불이행,단일로,기타단일로,승용차,대형,보행자,보행자,1,0,1,0,0,37.39552024,127.10326853
포천시,2012   ,2012-06-01 21시,야간,금요일,차대차,측면충돌,안전거리 미확보,단일로,기타단일로,화물차,소형,자전거,자전거,1,0,1,0,0,37.82176607,127.15787794
의정부시,2012   ,2012-06-01 18시,야간,금요일,차대사람,횡단중,안전운전 의무 불이행,단일로,기타단일로,화물차,소형,보행자,보행자,1,0,1,0,0,37.70976703,127.04792497
남양주시,2012   ,2012-05-31 12시,주간,목요일,차대차,정면충돌,중앙선 침범,단일로,기타단일로,화물차,소형,건설기계,건설기계,1,1,2,0,0,37.67962833,127.11166083
성남시,2012   ,2012-05-31 08시,주간,목요일,차대차,주정차중 추돌,안전운전 의무 불이행,단일로,기타단일로,승용차,소형,승용차,소형,1,1,3,0,1,37.44729463,127.15480831
하남시,2012   ,2012-05-31 04시,야간,목요일,차대차,진행중 추돌,안전운전 의무 불이행,단일로,기타단일로,승용차,소형,건설기계,건설기계,1,1,2,0,0,37.57840723,127.17736415
용인시,2012   ,2012-05-31 03시,야간,목요일,차량단독,기타,안전운전 의무 불이행,단일로,기타단일로,승용차,중형,없음,없음,1,1,2,0,0,37.13404912,127.13606085
안산시,2012   ,2012-05-30 11시,주간,수요일,차대차,측면충돌,안전거리 미확보,단일로,기타단일로,자전거,자전거,화물차,소형,1,0,1,0,0,37.33374804,126.85532826
파주시,2012   ,2012-05-29 18시,야간,화요일,차대차,기타,신호위반,교차로,교차로내,자전거,자전거,승합차,중형,1,0,1,0,0,37.72967422,126.75168466
군포시,2012   ,2012-05-29 13시,주간,화요일,차대사람,횡단중,안전운전 의무 불이행,단일로,횡단보도부근,승용차,중형,보행자,보행자,1,0,1,0,0,37.34353903,126.94844194
수원시,2012   ,2012-05-29 08시,주간,화요일,차대사람,횡단중,안전운전 의무 불이행,단일로,기타단일로,승합차,대형,보행자,보행자,1,0,1,0,0,37.27388368,126.94729245
남양주시,2012   ,2012-05-29 01시,야간,화요일,차대차,주정차중 추돌,안전운전 의무 불이행,교차로,교차로부근,원동기장치자전거,원동기장치자전거,화물차,중형,1,0,1,0,0,37.73130983,127.19404246
화성시,2012   ,2012-05-28 04시,야간,월요일,차량단독,공작물충돌,안전운전 의무 불이행,단일로,횡단보도부근,화물차,중형,없음,없음,1,0,1,0,0,37.21302609,127.06270587
이천시,2012   ,2012-05-27 15시,주간,일요일,차대사람,횡단중,안전운전 의무 불이행,교차로,교차로내,승용차,중형,보행자,보행자,1,0,1,0,0,37.27429839,127.4508434
안성시,2012   ,2012-05-27 00시,야간,일요일,차량단독,공작물충돌,안전운전 의무 불이행,단일로,기타단일로,승용차,중형,없음,없음,1,1,2,0,0,37.11264856,127.21854269
포천시,2012   ,2012-05-27 00시,야간,일요일,차량단독,공작물충돌,기타(운전자법규위반),단일로,기타단일로,이륜차,중형,없음,없음,1,0,1,0,0,37.83940617,127.17427585
연천군,2012   ,2012-05-26 01시,야간,토요일,차대차,정면충돌,중앙선 침범,단일로,기타단일로,승용차,중형,승용차,소형,1,0,1,0,0,38.03762428,127.10534512
화성시,2012   ,2012-05-26 00시,야간,토요일,차대사람,기타,안전운전 의무 불이행,단일로,기타단일로,승용차,소형,보행자,보행자,1,0,1,0,0,37.17047288,126.62882666
연천군,2012   ,2012-05-25 20시,야간,금요일,차대차,진행중 추돌,안전운전 의무 불이행,단일로,교량위,승용차,대형,농기계,농기계,1,0,1,0,0,38.08779912,127.07210828
수원시,2012   ,2012-05-25 19시,야간,금요일,차대사람,기타,안전운전 의무 불이행,단일로,기타단일로,승용차,소형,보행자,보행자,1,0,1,0,0,37.28606647,127.0163913
남양주시,2012   ,2012-05-25 14시,주간,금요일,차대차,정면충돌,중앙선 침범,단일로,기타단일로,승용차,경형,승용차,경형,1,1,2,0,0,37.68732725,127.16191034
구리시,2012   ,2012-05-25 14시,주간,목요일,차량단독,공작물충돌,안전운전 의무 불이행,단일로,기타단일로,승용차,중형,없음,없음,1,1,3,0,1,37.58987842,127.15711855
오산시,2012   ,2012-05-25 08시,주간,금요일,차대차,측면충돌,신호위반,교차로,교차로내,승용차,소형,승합차,대형,1,2,5,0,2,37.18960145,127.04668421
광주시,2012   ,2012-05-25 03시,야간,금요일,차대차,주정차중 추돌,안전운전 의무 불이행,단일로,기타단일로,화물차,중형,화물차,대형,1,0,2,0,1,37.45297379,127.25632464
가평군,2012   ,2012-05-24 17시,주간,목요일,차대차,정면충돌,중앙선 침범,단일로,기타단일로,이륜차,소형,화물차,소형,1,0,1,0,0,37.64556287,127.47272672
여주시,2012   ,2012-05-24 08시,주간,목요일,차대차,측면충돌,중앙선 침범,단일로,횡단보도상,승용차,중형,자전거,자전거,1,0,1,0,0,37.3145757,127.63714306
안산시,2012   ,2012-05-24 03시,야간,목요일,차대차,진행중 추돌,안전운전 의무 불이행,단일로,기타단일로,승용차,중형,이륜차,소형,1,1,2,0,0,37.27878918,126.85337207
용인시,2012   ,2012-05-23 23시,야간,수요일,차대사람,기타,안전운전 의무 불이행,교차로,교차로부근,승용차,소형,보행자,보행자,1,0,1,0,0,37.25822037,127.1427268
이천시,2012   ,2012-05-23 21시,야간,수요일,차대사람,차도통행중,안전운전 의무 불이행,단일로,기타단일로,승용차,중형,보행자,보행자,1,0,1,0,0,37.28114234,127.45679513
시흥시,2012   ,2012-05-23 13시,주간,수요일,차대사람,횡단중,안전운전 의무 불이행,단일로,기타단일로,화물차,소형,보행자,보행자,1,0,1,0,0,37.33423875,126.68763584
연천군,2012   ,2012-05-22 22시,야간,화요일,차대사람,횡단중,보행자 보호의무 위반,단일로,횡단보도상,승용차,중형,보행자,보행자,1,0,1,0,0,38.18115323,127.10594228
안성시,2012   ,2012-05-22 13시,주간,화요일,차대사람,기타,안전운전 의무 불이행,단일로,기타단일로,승용차,대형,보행자,보행자,1,0,1,0,0,37.06567359,127.32558962
평택시,2012   ,2012-05-22 11시,주간,화요일,차대차,진행중 추돌,안전운전 의무 불이행,단일로,기타단일로,화물차,대형,화물차,중형,1,6,8,0,1,36.96535746,126.86789546
의왕시,2012   ,2012-05-21 14시,주간,월요일,차량단독,전도전복,안전운전 의무 불이행,단일로,기타단일로,특수차,대형,없음,없음,1,0,1,0,0,37.32854553,126.95545957
김포시,2012   ,2012-05-21 04시,야간,월요일,차대차,진행중 추돌,안전운전 의무 불이행,단일로,기타단일로,승용차,중형,농기계,농기계,1,0,1,0,0,37.72715535,126.60023017
군포시,2012   ,2012-05-21 03시,야간,월요일,차대차,측면충돌,안전운전 의무 불이행,교차로,교차로부근,승용차,중형,승용차,중형,1,0,1,0,0,37.35855129,126.93033252
용인시,2012   ,2012-05-20 21시,야간,일요일,차대사람,기타,기타(운전자법규위반),단일로,기타단일로,승용차,중형,보행자,보행자,1,0,1,0,0,37.25624036,127.1407627
화성시,2012   ,2012-05-19 16시,주간,토요일,차대사람,횡단중,안전운전 의무 불이행,단일로,기타단일로,화물차,소형,보행자,보행자,1,0,1,0,0,37.24869704,126.84774344
화성시,2012   ,2012-05-19 01시,야간,토요일,차대차,기타,안전운전 의무 불이행,단일로,기타단일로,승용차,대형,화물차,대형,1,1,2,0,0,37.18240398,126.9737021
안성시,2012   ,2012-05-17 01시,야간,목요일,차대사람,차도통행중,안전운전 의무 불이행,단일로,기타단일로,승용차,중형,보행자,보행자,1,0,1,0,0,37.01534458,127.266767
평택시,2012   ,2012-05-16 21시,야간,수요일,차대차,정면충돌,중앙선 침범,단일로,기타단일로,자전거,자전거,승용차,대형,1,0,1,0,0,36.99441783,127.06875938
광주시,2012   ,2012-05-16 20시,야간,수요일,차대차,진행중 추돌,안전거리 미확보,단일로,기타단일로,화물차,소형,화물차,중형,1,0,2,0,1,37.41971201,127.19038729
용인시,2012   ,2012-05-16 02시,야간,수요일,차량단독,공작물충돌,안전운전 의무 불이행,단일로,기타단일로,승용차,대형,없음,없음,1,0,1,0,0,37.14365954,127.38832139
김포시,2012   ,2012-05-16 01시,야간,수요일,차대사람,기타,안전운전 의무 불이행,단일로,기타단일로,승용차,중형,보행자,보행자,1,0,1,0,0,37.69697137,126.57815867
고양시,2012   ,2012-05-15 15시,주간,화요일,차량단독,공작물충돌,안전운전 의무 불이행,단일로,기타단일로,승용차,중형,없음,없음,1,0,1,0,0,37.62916422,126.78448211
양주시,2012   ,2012-05-15 14시,주간,화요일,차대사람,횡단중,안전운전 의무 불이행,교차로,교차로부근,승합차,소형,보행자,보행자,1,0,1,0,0,37.8025147,127.10616783
화성시,2012   ,2012-05-14 10시,주간,월요일,차대차,정면충돌,중앙선 침범,단일로,기타단일로,화물차,소형,승합차,중형,1,0,10,0,9,37.20953645,126.95974197
용인시,2012   ,2012-05-14 05시,야간,월요일,차대차,기타,신호위반,교차로,교차로내,승용차,중형,자전거,자전거,1,0,1,0,0,37.25737721,127.10434375
군포시,2012   ,2012-05-13 23시,야간,일요일,차대사람,차도통행중,안전운전 의무 불이행,단일로,기타단일로,승합차,대형,보행자,보행자,1,0,1,0,0,37.31738871,126.91259716
양평군,2012   ,2012-05-13 21시,야간,일요일,차대차,기타,안전운전 의무 불이행,단일로,기타단일로,승용차,중형,이륜차,소형,1,0,1,0,0,37.53496038,127.79206913
용인시,2012   ,2012-05-13 19시,야간,일요일,차대사람,횡단중,안전운전 의무 불이행,교차로,교차로내,승합차,대형,보행자,보행자,1,0,1,0,0,37.23560097,127.20722956
양평군,2012   ,2012-05-13 15시,주간,일요일,차량단독,공작물충돌,안전운전 의무 불이행,단일로,기타단일로,승용차,소형,없음,없음,1,0,1,0,0,37.59063104,127.67717987
남양주시,2012   ,2012-05-13 10시,주간,일요일,차량단독,전도전복,안전거리 미확보,단일로,기타단일로,승용차,중형,없음,없음,1,0,2,0,1,37.64259642,127.2965468
성남시,2012   ,2012-05-12 21시,야간,토요일,차대사람,차도통행중,안전운전 의무 불이행,단일로,기타단일로,승합차,소형,보행자,보행자,1,0,1,0,0,37.43605589,127.12849948
고양시,2012   ,2012-05-12 15시,주간,토요일,차대차,측면충돌,교차로 통행방법 위반,교차로,교차로내,승용차,경형,자전거,자전거,1,0,1,0,0,37.62412562,126.81172734
시흥시,2012   ,2012-05-12 01시,야간,토요일,차대차,진행중 추돌,안전운전 의무 불이행,단일로,기타단일로,승용차,경형,승용차,소형,1,2,4,1,0,37.41613828,126.78861562
고양시,2012   ,2012-05-11 08시,주간,금요일,차대차,측면충돌,안전운전 의무 불이행,단일로,기타단일로,원동기장치자전거,원동기장치자전거,화물차,소형,1,0,1,0,0,37.68647043,126.90090878
의왕시,2012   ,2012-05-11 06시,주간,금요일,차량단독,전도전복,안전운전 의무 불이행,교차로,교차로부근,원동기장치자전거,원동기장치자전거,없음,없음,1,0,1,0,0,37.38921622,126.98749903
하남시,2012   ,2012-05-10 16시,주간,목요일,차대사람,보도통행중,보행자 보호의무 위반,단일로,기타단일로,이륜차,소형,보행자,보행자,1,2,4,0,1,37.55097584,127.21462711
용인시,2012   ,2012-05-09 17시,주간,수요일,차대차,측면충돌,차로위반(진로변경 위반),단일로,기타단일로,화물차,소형,승용차,소형,1,3,4,0,0,37.24704183,127.31562211
고양시,2012   ,2012-05-06 20시,야간,일요일,차대차,진행중 추돌,안전운전 의무 불이행,단일로,기타단일로,이륜차,대형,화물차,중형,1,0,1,0,0,37.63953661,126.86610375
성남시,2012   ,2012-05-06 07시,주간,일요일,차량단독,전도전복,안전운전 의무 불이행,단일로,기타단일로,특수차,중형,없음,없음,1,1,2,0,0,37.42747666,127.13196654
안양시,2012   ,2012-05-06 01시,야간,일요일,차대차,측면충돌,신호위반,교차로,교차로부근,승용차,중형,원동기장치자전거,원동기장치자전거,1,2,3,0,0,37.36208712,126.96164279
고양시,2012   ,2012-05-05 05시,야간,토요일,차대차,측면충돌,신호위반,교차로,교차로내,승용차,중형,승용차,중형,1,1,2,0,0,37.62855585,126.8203107
양주시,2012   ,2012-05-05 02시,야간,토요일,차대차,기타,안전운전 의무 불이행,단일로,기타단일로,승용차,중형,이륜차,소형,1,0,2,0,1,37.81270776,127.05529613
동두천시,2012   ,2012-05-04 10시,주간,금요일,차대차,측면충돌,안전운전 의무 불이행,단일로,기타단일로,승합차,중형,화물차,소형,1,0,7,3,3,37.911811,127.06624705
평택시,2012   ,2012-05-04 10시,주간,금요일,차대차,측면충돌,신호위반,교차로,교차로내,승합차,중형,승용차,소형,1,0,4,1,2,37.04452823,127.09954728
양주시,2012   ,2012-05-03 22시,야간,목요일,차량단독,공작물충돌,안전운전 의무 불이행,단일로,기타단일로,이륜차,사발이,없음,없음,1,0,1,0,0,37.90676166,126.99351972
남양주시,2012   ,2012-05-03 16시,주간,목요일,차대사람,횡단중,신호위반,교차로,교차로내,승합차,소형,보행자,보행자,1,0,1,0,0,37.71515978,127.18110627
김포시,2012   ,2012-05-03 08시,주간,목요일,차대차,기타,안전운전 의무 불이행,단일로,터널안,화물차,소형,화물차,소형,1,2,3,0,0,37.6657631,126.67485202
안양시,2012   ,2012-05-03 01시,야간,목요일,차대차,정면충돌,신호위반,교차로,교차로내,이륜차,소형,승용차,중형,1,0,4,0,3,37.39317462,126.92137171
시흥시,2012   ,2012-05-03 01시,야간,목요일,차량단독,공작물충돌,안전운전 의무 불이행,단일로,기타단일로,이륜차,소형,없음,없음,1,0,1,0,0,37.43097566,126.7887804
의정부시,2012   ,2012-05-02 16시,주간,수요일,차대차,측면충돌,안전운전 의무 불이행,단일로,횡단보도상,화물차,소형,자전거,자전거,1,0,1,0,0,37.74345065,127.08498341
파주시,2012   ,2012-05-02 14시,주간,수요일,차량단독,기타,안전운전 의무 불이행,단일로,기타단일로,원동기장치자전거,원동기장치자전거,없음,없음,1,0,1,0,0,37.93699388,126.94614216
이천시,2012   ,2012-05-02 10시,주간,수요일,차대차,기타,안전운전 의무 불이행,기타/불명,기타/불명,화물차,소형,농기계,농기계,1,0,1,0,0,37.10474665,127.61000082
파주시,2012   ,2012-05-02 07시,주간,수요일,차량단독,공작물충돌,안전운전 의무 불이행,교차로,교차로부근,승용차,중형,없음,없음,1,0,1,0,0,37.76837003,126.76498782
안양시,2012   ,2012-05-02 04시,야간,수요일,차대차,측면충돌,안전운전 의무 불이행,교차로,교차로부근,승합차,소형,승용차,중형,1,1,2,0,0,37.37008949,126.95729396
안양시,2012   ,2012-05-02 03시,야간,수요일,차대사람,차도통행중,안전운전 의무 불이행,교차로,교차로부근,승용차,대형,보행자,보행자,1,0,1,0,0,37.40129301,126.97684139
여주시,2012   ,2012-05-02 02시,야간,수요일,차량단독,전도전복,안전운전 의무 불이행,단일로,기타단일로,승용차,대형,없음,없음,1,2,3,0,0,37.24871745,127.54697503
부천시,2012   ,2012-05-01 23시,야간,화요일,차대사람,횡단중,안전운전 의무 불이행,교차로,교차로부근,승합차,대형,보행자,보행자,1,0,1,0,0,37.47521817,126.79546373
고양시,2012   ,2012-05-01 21시,야간,화요일,차대사람,횡단중,안전운전 의무 불이행,단일로,기타단일로,승용차,중형,보행자,보행자,1,0,1,0,0,37.663881,126.80673447
안양시,2012   ,2012-05-01 18시,야간,화요일,차대차,정면충돌,안전운전 의무 불이행,단일로,기타단일로,자전거,자전거,자전거,자전거,1,0,1,0,0,37.39602747,126.93535892
파주시,2012   ,2012-05-01 09시,주간,화요일,차량단독,공작물충돌,안전운전 의무 불이행,교차로,교차로부근,승용차,중형,없음,없음,1,0,1,0,0,37.71874154,126.76029313
안양시,2012   ,2012-05-01 05시,야간,화요일,차량단독,전도전복,안전운전 의무 불이행,단일로,기타단일로,승합차,소형,없음,없음,1,5,8,0,2,37.40629937,126.88406246
성남시,2012   ,2012-05-01 01시,야간,화요일,차대사람,기타,안전운전 의무 불이행,단일로,기타단일로,승용차,중형,보행자,보행자,1,0,1,0,0,37.43647378,127.12953737
포천시,2012   ,2012-04-30 21시,야간,월요일,차량단독,공작물충돌,안전운전 의무 불이행,단일로,기타단일로,승용차,중형,없음,없음,1,0,1,0,0,38.02346785,127.36045245
안성시,2012   ,2012-04-30 18시,야간,월요일,차대차,측면충돌,교차로 통행방법 위반,교차로,교차로내,승용차,중형,이륜차,소형,1,0,1,0,0,37.119573,127.43637754
이천시,2012   ,2012-04-30 17시,주간,월요일,차대차,기타,안전운전 의무 불이행,단일로,기타단일로,화물차,대형,승용차,중형,1,0,11,0,10,37.24369101,127.42468259
고양시,2012   ,2012-04-30 15시,주간,월요일,차대차,진행중 추돌,안전운전 의무 불이행,단일로,기타단일로,화물차,소형,자전거,자전거,1,0,1,0,0,37.64362324,126.79827417
화성시,2012   ,2012-04-30 15시,주간,월요일,차대차,주정차중 추돌,안전운전 의무 불이행,단일로,기타단일로,화물차,중형,화물차,대형,1,0,5,0,4,37.1664698,126.89143189
김포시,2012   ,2012-04-30 05시,야간,월요일,차량단독,공작물충돌,안전운전 의무 불이행,단일로,기타단일로,승용차,중형,없음,없음,1,0,1,0,0,37.60031791,126.77208196
의정부시,2012   ,2012-04-30 03시,야간,월요일,차량단독,공작물충돌,안전운전 의무 불이행,단일로,기타단일로,승용차,중형,없음,없음,1,0,1,0,0,37.71068483,127.03821912
동두천시,2012   ,2012-04-30 00시,야간,월요일,차량단독,공작물충돌,안전운전 의무 불이행,교차로,교차로부근,승용차,중형,없음,없음,1,0,1,0,0,37.94635759,127.06137762
화성시,2012   ,2012-04-29 11시,주간,일요일,차량단독,전도전복,안전운전 의무 불이행,단일로,기타단일로,이륜차,대형,없음,없음,1,0,1,0,0,37.10771874,126.90081602
이천시,2012   ,2012-04-29 01시,야간,일요일,차량단독,공작물충돌,안전운전 의무 불이행,교차로,교차로부근,승용차,경형,없음,없음,2,2,4,0,0,37.32031212,127.46997792
하남시,2012   ,2012-04-29 01시,야간,일요일,차대차,측면충돌,안전거리 미확보,단일로,기타단일로,승용차,중형,승용차,대형,1,0,1,0,0,37.51376645,127.1596849
오산시,2012   ,2012-04-28 21시,야간,토요일,차대사람,횡단중,신호위반,교차로,교차로부근,승용차,경형,보행자,보행자,1,0,1,0,0,37.13705749,127.07823072
안산시,2012   ,2012-04-28 06시,주간,토요일,차량단독,공작물충돌,안전운전 의무 불이행,단일로,기타단일로,승용차,중형,없음,없음,1,0,1,0,0,37.29624088,126.88743191
여주시,2012   ,2012-04-28 00시,야간,토요일,차대차,기타,안전운전 의무 불이행,단일로,기타단일로,승용차,대형,화물차,중형,1,1,2,0,0,37.16682243,127.64786892
시흥시,2012   ,2012-04-27 23시,야간,금요일,차대차,측면충돌,교차로 통행방법 위반,교차로,교차로내,승용차,중형,승용차,경형,1,1,2,0,0,37.36773127,126.81237116
시흥시,2012   ,2012-04-27 21시,야간,금요일,차대차,측면충돌,신호위반,교차로,교차로내,승용차,중형,이륜차,소형,1,1,2,0,0,37.34215064,126.69922392
부천시,2012   ,2012-04-27 11시,주간,금요일,차대차,측면충돌,안전거리 미확보,단일로,기타단일로,승용차,중형,이륜차,소형,1,0,1,0,0,37.48117152,126.78271754
화성시,2012   ,2012-04-26 20시,야간,목요일,차대차,진행중 추돌,안전운전 의무 불이행,단일로,기타단일로,승용차,대형,농기계,농기계,1,0,2,0,1,37.04288285,126.80088477
부천시,2012   ,2012-04-26 02시,야간,목요일,차대사람,횡단중,안전운전 의무 불이행,단일로,기타단일로,화물차,소형,보행자,보행자,1,0,1,0,0,37.52096295,126.8048112
동두천시,2012   ,2012-04-24 20시,야간,화요일,차대차,측면충돌,신호위반,교차로,교차로내,승용차,소형,이륜차,소형,1,0,1,0,0,37.89252667,127.05510074
양주시,2012   ,2012-04-24 19시,야간,화요일,차량단독,전도전복,안전운전 의무 불이행,단일로,기타단일로,원동기장치자전거,원동기장치자전거,없음,없음,1,0,1,0,0,37.83832674,126.96915583
수원시,2012   ,2012-04-24 03시,야간,화요일,차량단독,공작물충돌,안전운전 의무 불이행,단일로,기타단일로,승용차,중형,없음,없음,1,0,3,0,2,37.2317005,127.02235279
광명시,2012   ,2012-04-23 20시,야간,월요일,차대사람,횡단중,안전운전 의무 불이행,교차로,교차로내,화물차,대형,보행자,보행자,1,0,1,0,0,37.47339408,126.85155221
광주시,2012   ,2012-04-23 07시,주간,월요일,차량단독,공작물충돌,안전운전 의무 불이행,단일로,기타단일로,승용차,중형,없음,없음,1,0,1,0,0,37.33301886,127.31100973
김포시,2012   ,2012-04-23 06시,주간,월요일,차대차,진행중 추돌,안전운전 의무 불이행,단일로,기타단일로,화물차,경형,화물차,소형,1,1,2,0,0,37.6083703,126.78444345
안산시,2012   ,2012-04-23 05시,야간,월요일,차량단독,공작물충돌,안전운전 의무 불이행,단일로,기타단일로,승용차,중형,없음,없음,1,0,1,0,0,37.3438811,126.83606023
양주시,2012   ,2012-04-22 03시,야간,일요일,차대사람,기타,안전운전 의무 불이행,단일로,기타단일로,화물차,소형,보행자,보행자,1,0,1,0,0,37.87370298,126.99583828
양평군,2012   ,2012-04-22 02시,야간,일요일,차량단독,공작물충돌,안전운전 의무 불이행,단일로,기타단일로,승용차,대형,없음,없음,1,0,1,0,0,37.49223498,127.51785083
수원시,2012   ,2012-04-21 21시,야간,토요일,차대사람,횡단중,안전운전 의무 불이행,단일로,기타단일로,승용차,중형,보행자,보행자,1,0,1,0,0,37.27733328,126.97847883
김포시,2012   ,2012-04-21 12시,주간,토요일,차대차,기타,안전거리 미확보,단일로,기타단일로,특수차,대형,이륜차,소형,1,0,1,0,0,37.64677299,126.56614059
화성시,2012   ,2012-04-20 07시,주간,금요일,차대차,기타,중앙선 침범,단일로,기타단일로,승합차,경형,건설기계,건설기계,1,0,1,0,0,37.06506567,126.93425575
고양시,2012   ,2012-04-19 00시,야간,목요일,차대사람,횡단중,과속,교차로,교차로부근,승용차,소형,보행자,보행자,1,0,1,0,0,37.68274343,126.77782095
의정부시,2012   ,2012-04-18 23시,야간,수요일,차량단독,공작물충돌,안전운전 의무 불이행,단일로,고가도로위,승용차,중형,없음,없음,1,0,1,0,0,37.73704945,127.06940239
부천시,2012   ,2012-04-18 07시,주간,수요일,차대차,기타,중앙선 침범,단일로,고가도로위,승용차,중형,승합차,소형,1,4,6,0,1,37.49389947,126.77842158
시흥시,2012   ,2012-04-17 23시,야간,화요일,차량단독,공작물충돌,안전운전 의무 불이행,단일로,기타단일로,승용차,대형,없음,없음,1,0,1,0,0,37.39661441,126.8382277
수원시,2012   ,2012-04-17 16시,주간,화요일,차대차,기타,신호위반,단일로,기타단일로,화물차,대형,자전거,자전거,1,0,1,0,0,37.28581706,126.98920514
고양시,2012   ,2012-04-17 15시,주간,화요일,차대차,기타,기타(운전자법규위반),기타/불명,기타/불명,화물차,대형,화물차,소형,1,0,1,0,0,37.69107176,126.81252682
평택시,2012   ,2012-04-17 00시,야간,화요일,차대차,진행중 추돌,안전운전 의무 불이행,단일로,기타단일로,화물차,경형,화물차,중형,1,0,2,0,1,37.02481266,127.05371375
남양주시,2012   ,2012-04-16 14시,주간,월요일,차대차,진행중 추돌,안전운전 의무 불이행,단일로,기타단일로,승용차,경형,특수차,소형,1,0,3,0,2,37.68315435,127.14363593
평택시,2012   ,2012-04-16 05시,야간,월요일,차대차,기타,신호위반,교차로,교차로내,건설기계,건설기계,승용차,중형,2,3,5,0,0,36.9886408,126.92077582
성남시,2012   ,2012-04-15 16시,주간,일요일,차대사람,기타,안전운전 의무 불이행,단일로,기타단일로,자전거,자전거,보행자,보행자,1,0,1,0,0,37.40485775,127.12513955
용인시,2012   ,2012-04-15 03시,야간,일요일,차량단독,공작물충돌,안전운전 의무 불이행,단일로,기타단일로,승용차,중형,없음,없음,1,0,1,0,0,37.2339595,127.1018507
평택시,2012   ,2012-04-14 23시,야간,토요일,차대차,정면충돌,안전운전 의무 불이행,교차로,교차로내,승용차,중형,자전거,자전거,1,0,1,0,0,36.98132487,126.93652807
화성시,2012   ,2012-04-14 17시,주간,토요일,차대차,측면충돌,중앙선 침범,기타/불명,기타/불명,농기계,농기계,이륜차,소형,1,0,1,0,0,37.06255291,126.81187354
양주시,2012   ,2012-04-14 16시,주간,토요일,차량단독,기타,안전운전 의무 불이행,단일로,터널안,승용차,중형,없음,없음,1,0,2,0,1,37.72076148,127.0113439
성남시,2012   ,2012-04-14 03시,야간,토요일,차량단독,전도전복,안전운전 의무 불이행,단일로,기타단일로,승합차,소형,없음,없음,1,0,1,0,0,37.3994877,127.13739106
안양시,2012   ,2012-04-13 12시,주간,금요일,차대차,측면충돌,교차로 통행방법 위반,교차로,교차로내,자전거,자전거,화물차,중형,1,0,1,0,0,37.42087325,126.90853497
광주시,2012   ,2012-04-13 07시,주간,금요일,차대차,정면충돌,중앙선 침범,단일로,기타단일로,승용차,대형,승합차,대형,1,0,10,6,3,37.34163316,127.2076313
안성시,2012   ,2012-04-13 01시,야간,금요일,차량단독,도로이탈 추락,안전운전 의무 불이행,단일로,기타단일로,승용차,대형,없음,없음,2,1,3,0,0,37.02477181,127.16765726
평택시,2012   ,2012-04-12 22시,야간,목요일,차대차,주정차중 추돌,안전운전 의무 불이행,단일로,기타단일로,화물차,소형,승합차,대형,1,0,3,0,2,37.04402619,127.06205782
연천군,2012   ,2012-04-12 12시,주간,목요일,차대사람,기타,안전운전 의무 불이행,단일로,기타단일로,승합차,대형,보행자,보행자,1,0,1,0,0,38.02967145,127.0611206
양평군,2012   ,2012-04-12 05시,야간,목요일,차량단독,공작물충돌,안전운전 의무 불이행,단일로,기타단일로,승용차,소형,없음,없음,1,0,1,0,0,37.48357594,127.56199565
이천시,2012   ,2012-04-11 21시,야간,수요일,차대사람,횡단중,안전운전 의무 불이행,교차로,교차로내,화물차,소형,보행자,보행자,1,0,1,0,0,37.30844016,127.40215018
안산시,2012   ,2012-04-11 20시,야간,수요일,차대차,측면충돌,안전운전 의무 불이행,교차로,교차로내,자전거,자전거,이륜차,중형,1,1,2,0,0,37.30736571,126.83595263
양주시,2012   ,2012-04-11 02시,야간,수요일,차대차,기타,안전운전 의무 불이행,교차로,교차로부근,승용차,중형,승용차,중형,1,0,1,0,0,37.76530974,127.04406745
화성시,2012   ,2012-04-09 06시,주간,월요일,차대사람,기타,안전운전 의무 불이행,단일로,기타단일로,승용차,중형,보행자,보행자,1,0,1,0,0,37.20472847,126.99574732